url_produk,nama_produk,nama_produk_clean,kategori,sub_kategori,marketplace,lokasi,lokasi_clean,nama_toko,harga_produk,jumlah_terjual,rating,harga_log_scaled,jumlah_log_scaled,rating_scaled,revenue_proxy_log,popularity_score,kategori_encoded,sub_kategori_encoded,marketplace_encoded,lokasi_encoded,mp_lazada,mp_shopee,mp_tokopedia,lokasi_Bekasi,lokasi_Bogor,lokasi_Depok,lokasi_Jakarta,lokasi_Lainnya,lokasi_Tangerang,is_bogor,is_makanan,is_minuman,is_fashion,is_souvenir,harga_tier
https://www.tokopedia.com/100persenbogorpisan/gantungan-kunci-bogor-oleh-oleh-khas-bogor-dua-sisi-premium-1729582243363850597?extParam=ivf%3Dfalse%26keyword%3Daksesoriskhasbogor%26search_id%3D20260701045100357A6FDF7642BF120N2E%26src%3Dsearch,Gantungan Kunci Bogor / Oleh-oleh Khas Bogor/Dua Sisi/ Premium,gantungan kunci dua sisi premium,Aksesoris & Souvenir,Aksesoris & Souvenir,tokopedia,Bogor,Bogor,100persen.bogorpisan,6900.0,100.0,4.9,0.4855833286859381,0.6995128708733925,0.9750000000000001,13.444448325847754,22.614090532522173,0,0,2,1,False,False,True,False,True,False,False,False,False,1,0,0,0,1,0
https://www.tokopedia.com/21import/keripik-talas-bogor-gurih-keripik-stik-talas-bogor-asli-250-gr?extParam=ivf%3Dfalse%26keyword%3Doleh-olehkhasbogor%26search_id%3D20260701035234F61D6947467CCD2EDKYW%26src%3Dsearch,Keripik Talas Bogor Gurih | Keripik Stik Talas Bogor Asli | 250 Gr,keripik talas gurih keripik stik talas asli gr,Makanan,Camilan & Snack,tokopedia,Jakarta Barat,Jakarta,21 import store,51000.0,1.0,4.8,0.8558928420727205,0.0,0.95,10.839600519357369,3.3271064666877375,1,2,2,3,False,False,True,False,False,False,True,False,False,0,1,0,0,0,1
https://www.tokopedia.com/abdul-rokhim1/kaos-bogor-tugu-kujang-kaos-buitenzorg-kaos-bogor-rain-city-tshirt-kaos-bogor-distronomj0-1735277828626089552-1735277828626286160?extParam=ivf%3Dfalse%26keyword%3Dbaju+khas+bogor%26search_id%3D2026070104595440008B9A5380FC1AC4ZX%26src%3Dsearch,KAOS BOGOR TUGU KUJANG - KAOS BUITENZORG - KAOS BOGOR RAIN CITY - Tshirt Kaos Bogor Distronomj0,kaos tugu kujang kaos buitenzorg kaos rain city tshirt kaos distronomj0,Pakaian & Fashion,Atasan & Pakaian Kasual,tokopedia,Jakarta Barat,Jakarta,ABDUL ROKHIM1,69999.0,1.0,5.0,0.9145168518279545,0.0,1.0,11.156250521031495,3.4657359027997265,3,1,2,3,False,False,True,False,False,False,True,False,False,0,0,0,1,0,1
https://www.tokopedia.com/abizar-olshop/kopi-gula-liong-bulan-legend-khas-bogor-1-pak-2-renceng-20-sachet-1729974193751230720?extParam=ivf%3Dfalse%26keyword%3Doleh-olehkhasbogor%26search_id%3D20260701035234F61D6947467CCD2EDKYW%26src%3Dsearch,Kopi Gula Liong Bulan Legend Khas Bogor 1 pak 2 renceng (20 sachet),kopi gula liong bulan legend pak renceng sachet,Minuman,Kopi,tokopedia,Bogor,Bogor,Abizar olshop_NEW,43900.0,543.5,4.9,0.8281391193383971,1.0,0.9750000000000001,16.98769934753629,30.869352917627776,2,3,2,1,False,False,True,False,True,False,False,False,False,1,0,1,0,0,1
https://shopee.co.id/keripik-pisang-coklat-aburasa-oleh-oleh-khas-bogor-i.88033266.27012037809?extraParams=%7B%22display_model_id%22%3A187826317425%2C%22model_selection_logic%22%3A2%7D&sp_atk=95e6a4e8-c16d-4073-8d52-b0512f415ebf&xptdk=95e6a4e8-c16d-4073-8d52-b0512f415ebf,keripik pisang coklat aburasa oleh oleh khas bogor,keripik pisang coklat aburasa,Makanan,Camilan & Snack,shopee,Bogor,Bogor,Aburasa Snack,32990.0,10.0,5.0,0.7752447108645173,0.3040543955478092,1.0,12.706547888433661,11.989476363991853,1,2,1,1,False,True,False,False,True,False,False,False,False,1,1,0,0,0,1
https://www.tokopedia.com/ada354merchandise-300/oleh-oleh-khas-bogor-indonesia-promo-gantungan-kunci-bogor-gantungan-kunci-akrilik-dua-sisi-2-sisi-dengan-ring-putar-stainless-tebal-dan-kuat-untuk-tas-pintu-motor-mobil-dll-1733185590029944235?extParam=ivf%3Dfalse%26keyword%3Daksesoriskhasbogor%26search_id%3D20260701045100357A6FDF7642BF120N2E%26src%3Dsearch,OLEH-OLEH KHAS BOGOR INDONESIA| PROMO GANTUNGAN KUNCI BOGOR| GANTUNGAN KUNCI AKRILIK DUA SISI 2 SISI DENGAN RING PUTAR STAINLESS TEBAL DAN KUAT UNTUK TAS PINTU MOTOR MOBIL DLL,indonesia promo gantungan kunci gantungan kunci akrilik dua sisi sisi ring putar stainless tebal kuat tas pintu motor mobil dll,Aksesoris & Souvenir,Aksesoris & Souvenir,tokopedia,Jakarta Timur,Jakarta,ada354merchandise_NEW,3990.0,100.0,5.0,0.3841971167445357,0.6995128708733925,1.0,12.896719202134523,23.075602584206298,0,0,2,3,False,False,True,False,False,False,True,False,False,0,0,0,0,1,0
https://www.tokopedia.com/ada354merchandise-300/gantungan-kunci-akrilik-dua-sisi-khas-kota-bogor-indonesia-keychain-1731318526306649515?extParam=ivf%3Dfalse%26keyword%3Daksesoriskhasbogor%26search_id%3D20260701045100357A6FDF7642BF120N2E%26src%3Dsearch,Gantungan Kunci Akrilik Dua Sisi Khas Kota Bogor Indonesia - Keychain,gantungan kunci akrilik dua sisi kota indonesia keychain,Aksesoris & Souvenir,Aksesoris & Souvenir,tokopedia,Jakarta Timur,Jakarta,ada354merchandise_NEW,8650.0,100.0,5.0,0.5274261515659022,0.6995128708733925,1.0,13.670485941982712,23.075602584206298,0,0,2,3,False,False,True,False,False,False,True,False,False,0,0,0,0,1,0
https://www.tokopedia.com/ada354merchandise-300/gantungan-kunci-akrilik-dua-sisi-khas-kota-bogor-indonesia-keychain-1731318526306649515?extParam=ivf%3Dfalse%26keyword%3Dbajukhasbogor%26search_id%3D2026070104595440008B9A5380FC1AC4ZX%26src%3Dsearch,Gantungan Kunci Akrilik Dua Sisi Khas Kota Bogor Indonesia - Keychain,gantungan kunci akrilik dua sisi kota indonesia keychain,Aksesoris & Souvenir,Aksesoris & Souvenir,tokopedia,Jakarta Timur,Jakarta,ada354merchandise_NEW,8650.0,100.0,5.0,0.5274261515659022,0.6995128708733925,1.0,13.670485941982712,23.075602584206298,0,0,2,3,False,False,True,False,False,False,True,False,False,0,0,0,0,1,0
https://www.tokopedia.com/adibashop83/kopi-liong-bogor-5-pak-10-renteng-1729647089417553782?extParam=ivf%3Dfalse%26keyword%3Doleh-olehkhasbogor%26search_id%3D20260701035234F61D6947467CCD2EDKYW%26src%3Dsearch,kopi liong bogor 5 pak 10 renteng,kopi liong pak renteng,Minuman,Kopi,tokopedia,Bogor,Bogor,Adibashop83,111075.75,543.5,4.9,1.0000000000000002,1.0,0.9750000000000001,17.91599740310165,30.869352917627776,2,3,2,1,False,False,True,False,True,False,False,False,False,1,0,1,0,0,2
https://www.tokopedia.com/adibashop83/kopi-liong-4-pak-8-renteng-asli-bogor-1729647106753595254?extParam=ivf%3Dfalse%26keyword%3Doleh-olehkhasbogor%26search_id%3D20260701035234F61D6947467CCD2EDKYW%26src%3Dsearch,kopi liong 4 pak 8 renteng asli bogor,kopi liong pak renteng asli,Minuman,Kopi,tokopedia,Bogor,Bogor,Adibashop83,111075.75,50.0,5.0,1.0000000000000002,0.5776421886787662,1.0,15.52999086546121,19.659128163621627,2,3,2,1,False,False,True,False,True,False,False,False,False,1,0,1,0,0,2
https://www.tokopedia.com/adivacake-38/noga-kelapa-jahe-makanan-tradisional-isi-satu-mika-25-biji-1729940671991482911?extParam=ivf%3Dfalse%26keyword%3Doleh-olehkhasbogor%26search_id%3D20260701035234F61D6947467CCD2EDKYW%26src%3Dsearch,noga kelapa jahe Makanan tradisional isi satu mika 25 biji,noga kelapa jahe makanan tradisional isi satu mika biji,Makanan,Camilan & Snack,tokopedia,Kab. Bogor,Bogor,adivacake_NEW,27000.0,543.5,4.9,0.7381502564829485,1.0,0.9750000000000001,16.50162191969315,30.869352917627776,1,2,2,1,False,False,True,False,True,False,False,False,False,1,1,0,0,0,0
https://shopee.co.id/Kopi-Bah-Sipit-Cap-Kacamata-1-kg-Legend-Khas-Bogor-Coffee-Bubuk-i.195856231.51959287912?extraParams=%7B%22display_model_id%22%3A262559498355%2C%22model_selection_logic%22%3A3%7D&sp_atk=89f3636e-01da-4071-a2e2-7982a53a81b3&xptdk=89f3636e-01da-4071-a2e2-7982a53a81b3,Kopi Bah Sipit Cap Kacamata 1 kg Legend Khas Bogor Coffee Bubuk,kopi bah sipit cap kacamata kg legend coffee bubuk,Minuman,Kopi,shopee,Jakarta Timur,Jakarta,Agung Ngoro,111075.75,224.0,4.9,1.0000000000000002,0.8423735410210074,0.9750000000000001,17.029613772022177,26.53889197080166,2,3,1,3,False,True,False,False,False,False,True,False,False,0,0,1,0,0,2
https://shopee.co.id/Minuman-Sari-Buah-Pala-Nichs-300-ml-Bogor-i.1303972064.24836801223?extraParams=%7B%22display_model_id%22%3A246726473214%2C%22model_selection_logic%22%3A2%7D&sp_atk=3a2dbbdd-f213-4bde-962a-30063e55bd5a&xptdk=3a2dbbdd-f213-4bde-962a-30063e55bd5a,Minuman Sari Buah Pala Nichs 300 ml Bogor,minuman sari buah pala nichs ml,Minuman,Minuman Tradisional,shopee,Bogor,Bogor,Agung Ngoro Dus,26499.0,130.0,5.0,0.7346827718732578,0.7458994874731087,1.0,15.0523970161555,24.375986616005754,2,7,1,1,False,True,False,False,True,False,False,False,False,1,0,1,0,0,0
https://shopee.co.id/Minuman-Sari-Buah-Markisa-Fruitmore-Buah-Asli-Oleh-Oleh-Khas-Bogor-Langsung-Siap-Minum-Ready-To-Drink-i.608878015.24117022298?extraParams=%7B%22display_model_id%22%3A176360977250%2C%22model_selection_logic%22%3A2%7D&sp_atk=193e1154-8935-4ecf-91b1-7d1cdfd00828&xptdk=193e1154-8935-4ecf-91b1-7d1cdfd00828,Minuman Sari Buah Markisa Fruitmore Buah Asli Oleh Oleh Khas Bogor Langsung Siap Minum Ready To Drink,minuman sari buah markisa fruitmore buah asli langsung siap minum ready to drink,Minuman,Minuman Tradisional,shopee,Bogor,Bogor,Agung Ngoro Premium,18000.0,121.0,5.0,0.6630866065605672,0.7332046732507436,1.0,14.59391804161176,24.020105223666285,2,7,1,1,False,True,False,False,True,False,False,False,False,1,0,1,0,0,0
https://www.tokopedia.com/ahzaaashop/ahzaaashop-kaos-buitenzorg-bogor-baju-bogor-rain-city-baju-distro-terbaru-cocok-untuk-pria-wanita-kaos-viral-kekinian-cod-1732357251445130880?extParam=ivf%3Dfalse%26keyword%3Dbaju+khas+bogor%26search_id%3D2026070104595440008B9A5380FC1AC4ZX%26src%3Dsearch,ahzaaashop - Kaos buitenzorg Bogor - Baju Bogor Rain City - Baju Distro Terbaru - Cocok Untuk Pria Wanita - Kaos Viral - Kekinian - COD,ahzaaashop kaos buitenzorg baju rain city baju distro terbaru cocok pria wanita kaos viral kekinian cod,Pakaian & Fashion,Atasan & Pakaian Kasual,tokopedia,Kab. Bogor,Bogor,ahzaaashop,88607.0,23.0,5.0,0.9581589055202462,0.4432014283130529,1.0,14.527460846859864,15.890269151739728,3,1,2,1,False,False,True,False,True,False,False,False,False,1,0,0,1,0,2
https://shopee.co.id/Lapis-Talas-Bogor-Sangkuriang-Chocovilla-Oreo-i.401728671.11207840190?extraParams=%7B%22display_model_id%22%3A35691754025%2C%22model_selection_logic%22%3A3%7D&sp_atk=3cced76f-927b-4449-891d-ea60f1d0b308&xptdk=3cced76f-927b-4449-891d-ea60f1d0b308,Lapis Talas Bogor Sangkuriang Chocovilla Oreo,lapis talas sangkuriang chocovilla oreo,Makanan,Kue & Roti,shopee,Bekasi,Bekasi,Akai Frozen Food,51000.0,186.0,4.9,0.8558928420727205,0.8093788917048157,0.9750000000000001,16.06532769083817,25.63243222258748,1,4,1,0,False,True,False,True,False,False,False,False,False,0,1,0,0,0,1
https://www.tokopedia.com/al-akrom/peci-songkok-kopiah-hitam-bordir-kujang-siliwangi-dan-garuda-murah-untuk-anak-dan-dewasa-1729415537853565262?extParam=ivf%3Dfalse%26keyword%3Daksesoriskhasbogor%26search_id%3D20260701045100357A6FDF7642BF120N2E%26src%3Dsearch,Peci Songkok Kopiah Hitam Bordir Kujang Siliwangi dan Garuda Murah untuk Anak dan Dewasa,peci songkok kopiah hitam bordir kujang siliwangi garuda murah anak dewasa,Aksesoris & Souvenir,Aksesoris & Souvenir,tokopedia,Kab. Bogor,Bogor,Al Akrom Group,28644.0,543.5,4.8,0.7490928505173422,1.0,0.95,16.56072904692236,30.23936612339047,0,0,2,1,False,False,True,False,True,False,False,False,False,1,0,0,0,1,0
https://www.tokopedia.com/al-akrom/peci-songkok-kopiah-hitam-bordir-garuda-dan-kujang-siliwangi-murah-berkualitas-1729415537984375118?extParam=ivf%3Dfalse%26keyword%3Daksesoriskhasbogor%26search_id%3D20260701045100357A6FDF7642BF120N2E%26src%3Dsearch,Peci Songkok Kopiah Hitam Bordir Garuda  dan Kujang Siliwangi Murah Berkualitas,peci songkok kopiah hitam bordir garuda kujang siliwangi murah berkualitas,Aksesoris & Souvenir,Aksesoris & Souvenir,tokopedia,Kab. Bogor,Bogor,Al Akrom Group,29753.0,543.5,4.9,0.7561252635502664,1.0,0.9750000000000001,16.598715014627157,30.869352917627776,0,0,2,1,False,False,True,False,True,False,False,False,False,1,0,0,0,1,0
https://www.tokopedia.com/al-khoir-food/bolu-kukus-bogor-all-variant-1734721473100941158-1734773036167628646?extParam=ivf%3Dfalse%26keyword%3Doleh-olehkhasbogor%26search_id%3D20260701035234F61D6947467CCD2EDKYW%26src%3Dsearch,Bolu Kukus Bogor - All Variant,bolu kukus all variant,Makanan,Kue & Roti,tokopedia,Kab. Tangerang,Tangerang,Al Khoir Food,43900.0,1.0,4.9,0.8281391193383971,0.0,0.9750000000000001,10.689692377847104,3.396421184743732,1,4,2,5,False,False,True,False,False,False,False,False,True,0,1,0,0,0,1
https://shopee.co.id/KAOS-SANTAI-ALUMNI-IPB-BOGOR-BAHAN-COTTON-COMBED-30S-3Y-STORE-i.29184426.13185233343?extraParams=%7B%22display_model_id%22%3A153483516908%2C%22model_selection_logic%22%3A3%7D&sp_atk=1213ba44-f813-4b3d-b83b-76ff8b391e45&xptdk=1213ba44-f813-4b3d-b83b-76ff8b391e45,KAOS SANTAI ALUMNI IPB BOGOR BAHAN COTTON COMBED 30S - 3Y STORE,kaos santai alumni ipb bahan cotton combed 30s 3y store,Pakaian & Fashion,Atasan & Pakaian Kasual,shopee,Depok,Depok,Alumni IPB Store,85000.0,3.0,4.5,0.9504647239726511,0.12362791193043103,0.875,12.449022745701502,6.238324625039508,3,1,1,2,False,True,False,False,False,True,False,False,False,0,0,0,1,0,2
https://www.tokopedia.com/alva-colektion/kaos-bogor-rain-city-kaos-sovenir-pria-wanita-1732576246526084130?extParam=ivf%3Dfalse%26keyword%3Dbaju+khas+bogor%26search_id%3D2026070104595440008B9A5380FC1AC4ZX%26src%3Dsearch,Kaos BOGOR RAIN CITY Kaos Sovenir Pria Wanita,kaos rain city kaos sovenir pria wanita,Pakaian & Fashion,Atasan & Pakaian Kasual,tokopedia,Kab. Bogor,Bogor,Alva Colektion,50000.0,12.0,3.0,0.8522266920007155,0.3338497236477849,0.5,13.304686600863562,7.694848072384611,3,1,2,1,False,False,True,False,True,False,False,False,False,1,0,0,1,0,1
https://www.tokopedia.com/amanda-brownies-jakarta-barat/lapis-talas-bogor-sangkuriang-all-variant-dikirim-fresh-dan-baru-lapis-talas-sangkuriang-oleholeh-bogor-1732229067964843951?extParam=ivf%3Dfalse%26keyword%3Doleh-olehkhasbogor%26search_id%3D20260701035234F61D6947467CCD2EDKYW%26src%3Dsearch,Lapis Talas Bogor Sangkuriang ALL VARIANT | DIKIRIM FRESH DAN BARU | Lapis Talas Sangkuriang | Oleholeh Bogor,lapis talas sangkuriang all variant dikirim fresh baru lapis talas sangkuriang oleholeh,Makanan,Kue & Roti,tokopedia,Jakarta Barat,Jakarta,Amanda Brownies Jakarta barat,58000.0,28.0,5.0,0.8797043931329733,0.47695413469490816,1.0,14.300403415467118,16.83647914993237,1,4,2,3,False,False,True,False,False,False,True,False,False,0,1,0,0,0,1
https://shopee.co.id/Lapis-Talas-Bogor-Sangkuriang-Blackforest-i.397811192.3890441489?extraParams=%7B%22display_model_id%22%3A110424399125%2C%22model_selection_logic%22%3A3%7D&sp_atk=8dd8b461-5954-4dfe-95ae-9039f5a54c7d&xptdk=8dd8b461-5954-4dfe-95ae-9039f5a54c7d,Lapis Talas Bogor Sangkuriang Blackforest,lapis talas sangkuriang blackforest,Makanan,Kue & Roti,shopee,Depok,Depok,Anum Sari Snack,51000.0,425.0,5.0,0.8558928420727205,0.9562259997367376,1.0,16.89167012676698,30.272196731346853,1,4,1,2,False,True,False,False,False,True,False,False,False,0,1,0,0,0,1
https://shopee.co.id/stik-talas-khas-bogor-250gram-i.819497592.20525306462?extraParams=%7B%22display_model_id%22%3A107095104336%2C%22model_selection_logic%22%3A2%7D&sp_atk=f6bfd80f-52ad-4871-bf41-2a6b727e1233&xptdk=f6bfd80f-52ad-4871-bf41-2a6b727e1233,stik talas khas bogor 250gram,stik talas 250gram,Makanan,Camilan & Snack,shopee,Bogor,Bogor,Apple Pie Bogor,75000.0,2.0,3.0,0.9272925360154078,0.07231769252175978,0.5,11.918397239722838,3.2958368660043287,1,2,1,1,False,True,False,False,True,False,False,False,False,1,1,0,0,0,1
https://www.tokopedia.com/aqila-berkah123/talas-bogor-2-kg-isi-2-3-biji-1733550701639796038?extParam=ivf%3Dfalse%26keyword%3Doleh-olehkhasbogor%26search_id%3D20260701035234F61D6947467CCD2EDKYW%26src%3Dsearch,talas Bogor 2 kg isi 2-3 biji,talas kg isi biji,Makanan,Lauk & Bahan Makanan,tokopedia,Kab. Bogor,Bogor,Aqila berkah123,24500.0,10.0,4.9,0.7201622351388539,0.3040543955478092,0.9750000000000001,12.409017571151187,11.749686836712018,1,5,2,1,False,False,True,False,True,False,False,False,False,1,1,0,0,0,0
https://shopee.co.id/Kopi-Cap-Teko-Premium-Arabica-Isi-250-Gram-Kopi-Legend-Kopi-Khas-kota-Bogor-Hala-Murah-dan-Enak-i.15492946.4050953489?extraParams=%7B%22display_model_id%22%3A250003347534%2C%22model_selection_logic%22%3A3%7D&sp_atk=14cc8f1c-6912-4d9c-bd2c-a513a46883cd&xptdk=14cc8f1c-6912-4d9c-bd2c-a513a46883cd,Kopi Cap Teko Premium Arabica Isi 250 Gram Kopi Legend Kopi Khas kota Bogor Hala Murah dan Enak,kopi cap teko premium arabica isi gram kopi legend kopi kota hala murah enak,Minuman,Kopi,shopee,Bogor,Bogor,Arabica Teko Store,42950.0,80.0,5.0,0.8240888199768379,0.6601545058783324,1.0,15.049818853122328,21.972245773362197,2,3,1,1,False,True,False,False,True,False,False,False,False,1,0,1,0,0,1
https://www.tokopedia.com/ardani21-store/kopi-cap-teko-spesial-plastik-isi-30-sachet-x-8-gram-tanpa-gula-kopi-legendaris-kota-bogor-coffee-1731589849412961429?extParam=ivf%3Dfalse%26keyword%3Dminumankhasbogor%26search_id%3D202607010437141543843A4723ED1DFNTT%26src%3Dsearch,Kopi Cap Teko SPESIAL PLASTIK Isi 30 Sachet x 8 Gram Tanpa Gula Kopi Legendaris Kota Bogor Coffee,kopi cap teko spesial plastik isi sachet gram tanpa gula kopi legendaris kota coffee,Minuman,Kopi,tokopedia,Kab. Bogor,Bogor,ARDANI21 STORE,34500.0,27.0,4.5,0.7835302953195218,0.4706953389920306,0.875,13.744552542560509,14.994920295788416,2,3,2,1,False,False,True,False,True,False,False,False,False,1,0,1,0,0,1
https://www.tokopedia.com/rimpanghe000a/kacang-bogor-mentah-kualitas-super-rimpang-he000al?extParam=ivf%3Dfalse%26keyword%3Doleh-olehkhasbogor%26search_id%3D20260701035234F61D6947467CCD2EDKYW%26src%3Dsearch,kacang bogor mentah / kualitas super / Rimpang He000al,kacang mentah kualitas super rimpang he000al,Makanan,Lauk & Bahan Makanan,tokopedia,Jakarta Timur,Jakarta,Arief Rustanto,30000.0,543.5,4.7,0.7576558265027287,1.0,0.925,16.606982428536433,29.60937932915317,1,5,2,3,False,False,True,False,False,False,True,False,False,0,1,0,0,0,0
https://shopee.co.id/Jual-BATIK-TRADISIKU-Kain-Batik-Bogor-Arus-Kujang-Hijau-Berkualitas-i.236023798.17857695134?extraParams=%7B%22display_model_id%22%3A125450907213%2C%22model_selection_logic%22%3A3%7D&sp_atk=318e6a60-a7ca-4968-8841-9c553158319f&xptdk=318e6a60-a7ca-4968-8841-9c553158319f,Jual BATIK TRADISIKU Kain Batik Bogor Arus Kujang - Hijau Berkualitas,jual batik tradisiku kain batik arus kujang hijau berkualitas,Pakaian & Fashion,Pakaian Tradisional,shopee,Jakarta Barat,Jakarta,Arus Kujang,111075.75,8.5,5.0,1.0000000000000002,0.27790658465799645,1.0,13.758034902632094,11.256458993032476,3,8,1,3,False,True,False,False,False,False,True,False,False,0,0,0,1,0,2
https://www.tokopedia.com/aruyshp/rengginang-bogor-isi-60mini-isi-30-besar-khas-bogor-rengginang-mentah-rengginang-ketan-asli-1731386932794918305?extParam=ivf%3Dfalse%26keyword%3Doleh-olehkhasbogor%26search_id%3D20260701035234F61D6947467CCD2EDKYW%26src%3Dsearch,Rengginang Bogor isi 60mini/isi 30 besar khas Bogor/rengginang mentah/ rengginang  Ketan asli,rengginang isi 60mini isi besar rengginang mentah rengginang ketan asli,Makanan,Lauk & Bahan Makanan,tokopedia,Kab. Bogor,Bogor,aruyshp,27000.0,543.5,4.4,0.7381502564829485,1.0,0.8500000000000001,16.50162191969315,27.71941894644127,1,5,2,1,False,False,True,False,True,False,False,False,False,1,1,0,0,0,0
https://shopee.co.id/BACA-DESKRIPSI!!!!!-Chocovilla-Oreo-Sangkuriang-Lapis-Talas-Bogor-Sangkuriang-Lapis-Talas-Sangkuriang-i.1526282971.27634767799?extraParams=%7B%22display_model_id%22%3A188465758394%2C%22model_selection_logic%22%3A2%7D&sp_atk=1f9e3067-d7a5-4932-a223-dd1f9876a7cc&xptdk=1f9e3067-d7a5-4932-a223-dd1f9876a7cc,BACA DESKRIPSI!!!!! Chocovilla Oreo Sangkuriang | Lapis Talas Bogor Sangkuriang | Lapis Talas Sangkuriang,baca deskripsi chocovilla oreo sangkuriang lapis talas sangkuriang lapis talas sangkuriang,Makanan,Kue & Roti,shopee,Jakarta Pusat,Jakarta,Asinan Buah Official,47000.0,133.0,5.0,0.8407714277834921,0.7499379402000531,1.0,15.648252168888341,24.489198999754556,1,4,1,3,False,True,False,False,False,False,True,False,False,0,1,0,0,0,1
https://shopee.co.id/Lapis-Bogor-Sangkuriang-Oleh-Oleh-Khas-Bogor-i.1529493210.25644809913?extraParams=%7B%22display_model_id%22%3A29916592061%2C%22model_selection_logic%22%3A3%7D&sp_atk=859c7d0c-edc8-4d04-a7cb-e0f3c3facf0f&xptdk=859c7d0c-edc8-4d04-a7cb-e0f3c3facf0f,Lapis Bogor Sangkuriang || Oleh Oleh Khas Bogor,lapis sangkuriang,Makanan,Kue & Roti,shopee,Bekasi,Bekasi,Asinan Gedung Dalam,54668.0,79.0,5.0,0.8687509823810158,0.6579388578148214,1.0,15.278481892098986,21.910133173369406,1,4,1,0,False,True,False,True,False,False,False,False,False,0,1,0,0,0,1
https://shopee.co.id/Roti-Gambang-Sari-Aren-Khas-Bogor-Gula-Aren-kue-Gambang-isi-12-pcs-1-toples-asli-betawi-i.8626141.51650998010?extraParams=%7B%22display_model_id%22%3A350090459261%2C%22model_selection_logic%22%3A2%7D&sp_atk=7bae687c-1abf-4977-ae97-08c7d1590e6a&xptdk=7bae687c-1abf-4977-ae97-08c7d1590e6a,Roti Gambang Sari Aren Khas Bogor Gula Aren / kue Gambang isi 12 pcs 1 toples asli betawi,roti gambang sari aren gula aren kue gambang isi pcs toples asli betawi,Makanan,Kue & Roti,shopee,Tangerang Selatan,Tangerang,Asinan Sayur Bogor,27000.0,185.0,4.8,0.7381502564829485,0.8084225495987659,0.95,15.423948170264971,25.083584033823367,1,4,1,5,False,True,False,False,False,False,False,False,True,0,1,0,0,0,0
https://www.tokopedia.com/asinanmaputri1/paket-building-2-anggur-bogor-250-gr-plum-250-gr?extParam=ivf%3Dfalse%26keyword%3Doleh-olehkhasbogor%26search_id%3D20260701035234F61D6947467CCD2EDKYW%26src%3Dsearch,Paket Building 2 (anggur Bogor 250 grplum 250 gr),paket building anggur grplum gr,Makanan,Camilan & Snack,tokopedia,Tangerang,Tangerang,ASINANMAPUTRI_NEW,40000.0,15.0,4.9,0.8109152233556896,0.3708837357912931,0.9750000000000001,13.304686600863562,13.585684738974928,1,2,2,5,False,False,True,False,False,False,False,False,True,0,1,0,0,0,1
https://www.tokopedia.com/asv-amanah/4-lonjor-dodol-betawi-khas-bogor-125-gram-halal-higienis-fresh-1732368024037000544?extParam=ivf%3Dfalse%26keyword%3Doleh-olehkhasbogor%26search_id%3D20260701035234F61D6947467CCD2EDKYW%26src%3Dsearch,(4 Lonjor)Dodol Betawi Khas Bogor 125 Gram Halal Higienis Fresh,lonjor dodol betawi gram halal higienis fresh,Makanan,Camilan & Snack,tokopedia,Kab. Bogor,Bogor,ASV AMANAH,46500.0,40.0,4.2,0.8387913636165847,0.5387150554591977,0.8,14.436087583323648,15.597002680158093,1,2,2,1,False,False,True,False,True,False,False,False,False,1,1,0,0,0,1
https://shopee.co.id/Kanung-Bogor-Roti-Konde-Prata-Cane-Maryam-i.15357295.546071182?extraParams=%7B%22display_model_id%22%3A250223597114%2C%22model_selection_logic%22%3A2%7D&sp_atk=7803090e-94cc-47fb-b8bc-134b31587d88&xptdk=7803090e-94cc-47fb-b8bc-134b31587d88,Kanung Bogor Roti Konde / Prata / Cane / Maryam,kanung roti konde prata cane maryam,Makanan,Kue & Roti,shopee,Bogor,Bogor,Aulia Kasih,53900.0,543.5,4.9,0.8661316859747712,1.0,0.9750000000000001,17.192915497594278,30.869352917627776,1,4,1,1,False,True,False,False,True,False,False,False,False,1,1,0,0,0,1
https://shopee.co.id/Kaos-Baju-IPB-Bogor-University-Institut-Pertanian-Bogor-short-sleeve-t-shirt-clothing-i.21980633.22970599364?extraParams=%7B%22display_model_id%22%3A235303017877%2C%22model_selection_logic%22%3A3%7D&sp_atk=a46a8345-1722-4f25-94c7-acab9fb43f12&xptdk=a46a8345-1722-4f25-94c7-acab9fb43f12,Kaos Baju IPB Bogor University Institut Pertanian Bogor short sleeve t-shirt clothing,kaos baju ipb university institut pertanian short sleeve shirt clothing,Pakaian & Fashion,Atasan & Pakaian Kasual,shopee,Bekasi,Bekasi,Ayam Bangkok Apparel,99000.0,2.0,5.0,0.9786921761831711,0.07231769252175978,1.0,12.19602736016897,5.493061443340547,3,1,1,0,False,True,False,True,False,False,False,False,False,0,0,0,1,0,2
https://www.tokopedia.com/ayub-dussmart/kacang-bogor-mentah-1-kg-fresh-1734816632414373724-1735219910140659548?extParam=ivf%3Dfalse%26keyword%3Doleh-olehkhasbogor%26search_id%3D20260701035234F61D6947467CCD2EDKYW%26src%3Dsearch,Kacang Bogor mentah | 500 gram fresh,kacang mentah gram fresh,Makanan,Lauk & Bahan Makanan,tokopedia,Jakarta Timur,Jakarta,Ayub DussMart.,20000.0,543.5,4.8,0.6825918337619945,1.0,0.95,16.20151735109371,30.23936612339047,1,5,2,3,False,False,True,False,False,False,True,False,False,0,1,0,0,0,0
https://shopee.co.id/Kopi-Hitam-Sachet-isi-30-cap-Liong-Bulan-Khas-Bogor-Kopi-only-Sachet-Pack-i.13227359.44559862028?extraParams=%7B%22display_model_id%22%3A335867536806%2C%22model_selection_logic%22%3A2%7D&sp_atk=ceef013a-5849-42ba-934f-ddfd5fd777d5&xptdk=ceef013a-5849-42ba-934f-ddfd5fd777d5,Kopi Hitam Sachet isi 30 cap Liong Bulan Khas Bogor - Kopi only Sachet Pack,kopi hitam sachet isi cap liong bulan kopi only sachet pack,Minuman,Kopi,shopee,Bogor,Bogor,Bah Sipit Coffee,42950.0,6.0,4.9,0.8240888199768379,0.2234395151311685,0.9750000000000001,12.459555277114108,9.534959730371035,2,3,1,1,False,True,False,False,True,False,False,False,False,1,0,1,0,0,1
https://shopee.co.id/Kopi-Cap-Piala-Tanpa-Gula-Kopi-Hitam-Khas-Bogor-isi-30-sachet-i.1535418659.46862713844?extraParams=%7B%22display_model_id%22%3A431102212433%2C%22model_selection_logic%22%3A3%7D&sp_atk=c08eaef4-a9c9-4b3f-8cbd-ad61df22cac4&xptdk=c08eaef4-a9c9-4b3f-8cbd-ad61df22cac4,Kopi Cap Piala Tanpa Gula Kopi Hitam Khas Bogor isi 30 sachet,kopi cap piala tanpa gula kopi hitam isi sachet,Minuman,Kopi,shopee,Jakarta Selatan,Jakarta,Bah Sipit Legend,111075.75,224.0,4.9,1.0000000000000002,0.8423735410210074,0.9750000000000001,17.029613772022177,26.53889197080166,2,3,1,3,False,True,False,False,False,False,True,False,False,0,0,1,0,0,2
https://shopee.co.id/-Promo-Kopi-Bah-Sipit-Cap-Kacamata-20-x-8gr-Legend-Khas-Bogor-Coffee-Robusta-BAH-SIPIT-MINI-i.1609226442.41317829546?extraParams=%7B%22display_model_id%22%3A301468779689%2C%22model_selection_logic%22%3A3%7D&sp_atk=cd2aca9b-cc13-4aa9-8f00-ff33da42e143&xptdk=cd2aca9b-cc13-4aa9-8f00-ff33da42e143,[Promo] Kopi Bah Sipit Cap Kacamata 20 x 8gr Legend Khas Bogor Coffee Robusta - BAH SIPIT MINI,promo kopi bah sipit cap kacamata 8gr legend coffee robusta bah sipit mini,Minuman,Kopi,shopee,Bekasi,Bekasi,Bah Sipit Official,16500.0,224.0,4.9,0.6469784122677282,0.8423735410210074,0.9750000000000001,15.122761982306447,26.53889197080166,2,3,1,0,False,True,False,True,False,False,False,False,False,0,0,1,0,0,0
https://shopee.co.id/Kopi-Hitam-Bubuk-Cap-Teko-Kopi-Lokal-Bogor-250gr-i.212473665.15091684547?extraParams=%7B%22display_model_id%22%3A201930241149%2C%22model_selection_logic%22%3A3%7D&sp_atk=f827c020-8664-4527-ac93-664b8fdd0af1&xptdk=f827c020-8664-4527-ac93-664b8fdd0af1,Kopi Hitam Bubuk Cap Teko Kopi Lokal Bogor 250gr,kopi hitam bubuk cap teko kopi lokal 250gr,Minuman,Kopi,shopee,Bogor,Bogor,Bah Sipit Premium,50000.0,543.5,4.9,0.8522266920007155,1.0,0.9750000000000001,17.117808027770074,30.869352917627776,2,3,1,1,False,True,False,False,True,False,False,False,False,1,0,1,0,0,1
https://shopee.co.id/5bungkus-kopi-keong-mas-kopi-cap-keong-emas-kopi-hitam-keon-mas-kopi-murah-cap-keong-mas-kopi-bubuk-khas-bogor-kopi-murah-kopi-bubuk-murah-kopi-tubruk-i.1596606491.28689596741?extraParams=%7B%22display_model_id%22%3A159245898520%2C%22model_selection_logic%22%3A2%7D&sp_atk=65400694-c6e9-400d-95f4-757d42c17e3b&xptdk=65400694-c6e9-400d-95f4-757d42c17e3b,5bungkus kopi keong mas [ kopi cap keong emas ] kopi hitam keon mas ] kopi murah cap keong mas ] kopi bubuk khas bogor] kopi murah [ kopi bubuk murah ] kopi tubruk,5bungkus kopi keong mas kopi cap keong emas kopi hitam keon mas kopi murah cap keong mas kopi bubuk kopi murah kopi bubuk murah kopi tubruk,Minuman,Kopi,shopee,Jakarta Selatan,Jakarta,Bah Sipit Store,111075.75,1.0,5.0,1.0000000000000002,0.0,1.0,11.617976682800412,3.4657359027997265,2,3,1,3,False,True,False,False,False,False,True,False,False,0,0,1,0,0,2
https://www.tokopedia.com/bajuinaja-25/kaos-t-shirt-napapjri-bogor-buitenzorg-casual-footbaall-1735533126888621659-1735533143719183963?extParam=ivf%3Dfalse%26keyword%3Dbaju+khas+bogor%26search_id%3D2026070104595440008B9A5380FC1AC4ZX%26src%3Dsearch,Bajuin.aja Kaos T Shirt Napapjri Bogor (BUITENZORG) Casual Football Aesthetic Combed 24s 100% Cotton DTF Sablon Keren untuk Pria dan Wanita,bajuin aja kaos shirt napapjri buitenzorg casual football aesthetic combed 24s cotton dtf sablon keren pria wanita,Pakaian & Fashion,Atasan & Pakaian Kasual,tokopedia,Kab. Bogor,Bogor,Bajuinaja,49750.0,1.0,5.0,0.8512986976616463,0.0,1.0,10.81478584288724,3.4657359027997265,3,1,2,1,False,False,True,False,True,False,False,False,False,1,0,0,1,0,1
https://shopee.co.id/Biji-Mangga-Aulia-Kasih-oleh-oleh-khas-bogor-i.28020506.6549810247?extraParams=%7B%22display_model_id%22%3A50821789627%2C%22model_selection_logic%22%3A2%7D&sp_atk=aca4a4c9-57d0-4b9a-8ebb-5a31a0eb936c&xptdk=aca4a4c9-57d0-4b9a-8ebb-5a31a0eb936c,Biji Mangga Aulia Kasih oleh-oleh khas bogor,biji mangga aulia kasih,Makanan,Camilan & Snack,shopee,Bogor,Bogor,Bakso Aci Bogor,60125.0,194.0,4.8,0.8863660557578175,0.8168504501235041,0.95,16.27203925220343,25.310397881105985,1,2,1,1,False,True,False,False,True,False,False,False,False,1,1,0,0,0,1
https://shopee.co.id/Kain-Batik-Bogor-Kampung-Urug-i.1680174834.43326923828?extraParams=%7B%22display_model_id%22%3A272219727531%2C%22model_selection_logic%22%3A3%7D&sp_atk=9ed87f88-5683-41b1-8816-acac46832df6&xptdk=9ed87f88-5683-41b1-8816-acac46832df6,Kain Batik Bogor Kampung Urug,kain batik kampung urug,Pakaian & Fashion,Pakaian Tradisional,shopee,Jakarta Selatan,Jakarta,Batik Bogor Store,111075.75,8.5,5.0,1.0000000000000002,0.27790658465799645,1.0,13.758034902632094,11.256458993032476,3,8,1,3,False,True,False,False,False,False,True,False,False,0,0,0,1,0,2
https://shopee.co.id/BATIK-TRADISIKU-Kaos-Batik-Kembang-Bogor-i.31828090.4175342348?extraParams=%7B%22display_model_id%22%3A33261952651%2C%22model_selection_logic%22%3A3%7D&sp_atk=05e22bdd-b344-4a0a-9ca1-a166b3ad8a67&xptdk=05e22bdd-b344-4a0a-9ca1-a166b3ad8a67,BATIK TRADISIKU Kaos Batik Kembang Bogor,batik tradisiku kaos batik kembang,Pakaian & Fashion,Pakaian Tradisional,shopee,Bogor,Bogor,Batik CPNS Store,111075.75,1.0,5.0,1.0000000000000002,0.0,1.0,11.617976682800412,3.4657359027997265,3,8,1,1,False,True,False,False,True,False,False,False,False,1,0,0,1,0,2
https://shopee.co.id/Seragam-PNS-Pria-Pemkab-Bogor-Batik-Motif-Kampung-Urug-(Batik-Galeri)-i.1700596214.52654031120?extraParams=%7B%22display_model_id%22%3A390382087645%2C%22model_selection_logic%22%3A3%7D&sp_atk=02223312-bd10-46e1-a915-396548bb3fc9&xptdk=02223312-bd10-46e1-a915-396548bb3fc9,Seragam PNS Pria Pemkab Bogor Batik Motif Kampung Urug (Batik Galeri),seragam pns pria pemkab batik motif kampung urug batik galeri,Pakaian & Fashion,Atasan & Pakaian Kasual,shopee,Jakarta Selatan,Jakarta,Batik Galeri,111075.75,11.0,5.0,1.0000000000000002,0.3195735163826218,1.0,14.0158637712161,12.424533248940001,3,1,1,3,False,True,False,False,False,False,True,False,False,0,0,0,1,0,2
https://shopee.co.id/Seragam-PNS-Pria-Pemkab-Bogor-Batik-Motif-Kampung-Urug-(Batik-Galeri)-i.308361571.42577675868?extraParams=%7B%22display_model_id%22%3A435376685495%2C%22model_selection_logic%22%3A3%7D&sp_atk=3728d0b4-b302-455e-83d7-c4a7cfa7ee65&xptdk=3728d0b4-b302-455e-83d7-c4a7cfa7ee65,Seragam PNS Pria Pemkab Bogor Batik Motif Kampung Urug (Batik Galeri),seragam pns pria pemkab batik motif kampung urug batik galeri,Pakaian & Fashion,Atasan & Pakaian Kasual,shopee,Jakarta Barat,Jakarta,Batik Galeri Bogor,111075.75,11.0,5.0,1.0000000000000002,0.3195735163826218,1.0,14.0158637712161,12.424533248940001,3,1,1,3,False,True,False,False,False,False,True,False,False,0,0,0,1,0,2
https://shopee.co.id/KAIN-BATIK-KAMPUNG-URUG-KABUPATEN-KAB-BOGOR-PNS-SERAGAM-KATUN-i.1680174834.48202449536?extraParams=%7B%22display_model_id%22%3A390236669921%2C%22model_selection_logic%22%3A3%7D&sp_atk=611863f4-95f4-4d32-9729-b38229b9f81a&xptdk=611863f4-95f4-4d32-9729-b38229b9f81a,KAIN BATIK KAMPUNG URUG KABUPATEN KAB BOGOR PNS SERAGAM KATUN,kain batik kampung urug kabupaten kab pns seragam katun,Pakaian & Fashion,Pakaian Tradisional,shopee,Jakarta Selatan,Jakarta,Batik Kabupaten,111075.75,8.5,5.0,1.0000000000000002,0.27790658465799645,1.0,13.758034902632094,11.256458993032476,3,8,1,3,False,True,False,False,False,False,True,False,False,0,0,0,1,0,2
https://shopee.co.id/%E2%9C%A8NEW%E2%9C%A8-kain-batik-bogor-kampung-urug-bahan-kain-saja-1m-50cm-1.2.23-i.241925782.29373100665?extraParams=%7B%22display_model_id%22%3A252437253490%2C%22model_selection_logic%22%3A3%7D&sp_atk=64e9125c-df04-4f98-bf43-9d9a53cd7a01&xptdk=64e9125c-df04-4f98-bf43-9d9a53cd7a01,"✨NEW✨ -kain batik bogor kampung urug - bahan kain saja, 1m 50cm- 1.2.23",new kain batik kampung urug bahan kain saja 1m 50cm,Pakaian & Fashion,Pakaian Tradisional,shopee,Jakarta Barat,Jakarta,Batik Limited,111075.75,8.5,5.0,1.0000000000000002,0.27790658465799645,1.0,13.758034902632094,11.256458993032476,3,8,1,3,False,True,False,False,False,False,True,False,False,0,0,0,1,0,2
https://shopee.co.id/BATIK-TRADISIKU-Kemeja-Batik-Cap-Motif-Bogor-i.31828090.3274975447?extraParams=%7B%22display_model_id%22%3A73208603984%2C%22model_selection_logic%22%3A3%7D&sp_atk=84eb1b2f-8a1b-4c1e-83df-228c12da02f6&xptdk=84eb1b2f-8a1b-4c1e-83df-228c12da02f6,BATIK TRADISIKU Kemeja Batik Cap Motif Bogor,batik tradisiku kemeja batik cap motif,Pakaian & Fashion,Pakaian Tradisional,shopee,Bogor,Bogor,Batik PNS Bogor,111075.75,24.0,5.0,1.0000000000000002,0.45048233211662564,1.0,14.796021885443034,16.094379124341003,3,8,1,1,False,True,False,False,True,False,False,False,False,1,0,0,1,0,2
https://shopee.co.id/Batik-Tulis-Biasa-Toko-Alami-Bogor-i.476727000.8872401730?extraParams=%7B%22display_model_id%22%3A46175255172%2C%22model_selection_logic%22%3A3%7D&sp_atk=32da64a3-2c26-4711-83da-9a72b3040bc9&xptdk=32da64a3-2c26-4711-83da-9a72b3040bc9,Batik Tulis Biasa Toko Alami Bogor,batik tulis biasa toko alami,Pakaian & Fashion,Pakaian Tradisional,shopee,Bogor,Bogor,Batik Premium Bogor,111075.75,8.5,5.0,1.0000000000000002,0.27790658465799645,1.0,13.758034902632094,11.256458993032476,3,8,1,1,False,True,False,False,True,False,False,False,False,1,0,0,1,0,2
https://shopee.co.id/Bahan-Kain-untuk-Seragam-Batik-Kampung-Urug-PNS-Pemerintah-Kab-Bogor-i.1700596214.48854051489?extraParams=%7B%22display_model_id%22%3A370382126866%2C%22model_selection_logic%22%3A3%7D&sp_atk=e3e5df4a-5a53-4c2e-982f-0048f2d501b1&xptdk=e3e5df4a-5a53-4c2e-982f-0048f2d501b1,Bahan Kain untuk Seragam Batik Kampung Urug PNS Pemerintah Kab Bogor,bahan kain seragam batik kampung urug pns pemerintah kab,Pakaian & Fashion,Pakaian Tradisional,shopee,Jakarta Selatan,Jakarta,Batik Toko Alami,111075.75,8.5,5.0,1.0000000000000002,0.27790658465799645,1.0,13.758034902632094,11.256458993032476,3,8,1,3,False,True,False,False,False,False,True,False,False,0,0,0,1,0,2
https://shopee.co.id/BATIK-TRADISIKU-Kaos-Batik-Bogor-Kujang-Kijang-i.31828090.3976076338?extraParams=%7B%22display_model_id%22%3A63333868990%2C%22model_selection_logic%22%3A3%7D&sp_atk=7e02502e-fff2-4259-ba3e-639354af9ddb&xptdk=7e02502e-fff2-4259-ba3e-639354af9ddb,BATIK TRADISIKU Kaos Batik Bogor Kujang Kijang,batik tradisiku kaos batik kujang kijang,Makanan,Kue & Roti,shopee,Bogor,Bogor,Batik Tradisiku,111075.75,36.5,4.9,1.0000000000000002,0.5228000246383855,0.9750000000000001,15.215280187218031,17.759270571584192,1,4,1,1,False,True,False,False,True,False,False,False,False,1,1,0,0,0,2
https://shopee.co.id/BATIK-TRADISIKU-Gantungan-Kunci-Motif-Batik-Bogor-i.31828090.22745428003?extraParams=%7B%22display_model_id%22%3A165941986259%2C%22model_selection_logic%22%3A2%7D&sp_atk=9bf9dbac-8477-418c-a640-2941fd316319&xptdk=9bf9dbac-8477-418c-a640-2941fd316319,BATIK TRADISIKU-Gantungan Kunci Motif Batik Bogor,batik tradisiku gantungan kunci motif batik,Pakaian & Fashion,Pakaian Tradisional,shopee,Bogor,Bogor,Batik Tradisiku Store,25000.0,8.5,5.0,0.723902376778526,0.27790658465799645,1.0,12.26670197321789,11.256458993032476,3,8,1,1,False,True,False,False,True,False,False,False,False,1,0,0,1,0,0
https://www.tokopedia.com/berkah-snack-168/manisan-basah-buah-anggur-bogor-kemasan-200-gram-400-gram-asli-cianjur-1734532979196396859?extParam=ivf%3Dfalse%26keyword%3Doleh-olehkhasbogor%26search_id%3D20260701035234F61D6947467CCD2EDKYW%26src%3Dsearch,MANISAN BASAH BUAH ANGGUR BOGOR KEMASAN 200 GRAM - 400 GRAM  - 1000 GRAM ASLI CIANJUR ASINAN KILOAN,manisan basah buah anggur kemasan gram gram gram asli cianjur asinan kiloan,Makanan,Makanan Tradisional,tokopedia,Jakarta Barat,Jakarta,BERKAH SNACK 168,12500.0,543.5,4.8,0.595581763987012,1.0,0.95,15.731513777045759,30.23936612339047,1,6,2,3,False,False,True,False,False,False,True,False,False,0,1,0,0,0,0
https://www.tokopedia.com/berkah-snack-168/manisan-basah-buah-anggur-bogor-kemasan-200-gram-400-gram-asli-cianjur-1734532979196396859?extParam=ivf%3Dfalse%26keyword%3Daksesoriskhasbogor%26search_id%3D20260701045100357A6FDF7642BF120N2E%26src%3Dsearch,MANISAN BASAH BUAH ANGGUR BOGOR KEMASAN 200 GRAM - 400 GRAM  - 1000 GRAM ASLI CIANJUR ASINAN KILOAN,manisan basah buah anggur kemasan gram gram gram asli cianjur asinan kiloan,Makanan,Makanan Tradisional,tokopedia,Jakarta Barat,Jakarta,BERKAH SNACK 168,12500.0,543.5,4.8,0.595581763987012,1.0,0.95,15.731513777045759,30.23936612339047,1,6,2,3,False,False,True,False,False,False,True,False,False,0,1,0,0,0,0
https://shopee.co.id/Blackforest-Sangkuriang-Lapis-Talas-Bogor-Sangkuriang-Lapis-Talas-Sangkuriang-i.1526282971.27484762890?extraParams=%7B%22display_model_id%22%3A198465733960%2C%22model_selection_logic%22%3A2%7D&sp_atk=3c2f5ae4-a9ee-4b4e-ae2d-ca860791f9f3&xptdk=3c2f5ae4-a9ee-4b4e-ae2d-ca860791f9f3,Blackforest Sangkuriang | Lapis Talas Bogor Sangkuriang | Lapis Talas Sangkuriang,blackforest sangkuriang lapis talas sangkuriang lapis talas sangkuriang,Makanan,Kue & Roti,shopee,Jakarta Pusat,Jakarta,Blackforest Sangkuriang,47000.0,241.0,5.0,0.8407714277834921,0.8553646149564806,1.0,16.242699902467475,27.444688630783432,1,4,1,3,False,True,False,False,False,False,True,False,False,0,1,0,0,0,1
https://shopee.co.id/Lapis-Bogor-Sangkuriang-Blackforest-Mini-Pack-(250gr)-Oleh-oleh-Khas-Bogor-i.237534970.6042103909?extraParams=%7B%22display_model_id%22%3A60280048927%2C%22model_selection_logic%22%3A2%7D&sp_atk=b7493483-80aa-47b7-9d1b-5e6a08dc3bb7&xptdk=b7493483-80aa-47b7-9d1b-5e6a08dc3bb7,Lapis Bogor Sangkuriang Blackforest - Mini Pack (250gr) - Oleh-oleh Khas Bogor,lapis sangkuriang blackforest mini pack 250gr,Makanan,Kue & Roti,shopee,Bogor,Bogor,Blackforest Sangkuriang,27999.0,543.5,4.7,0.7448764396377716,1.0,0.925,16.537953846509122,29.60937932915317,1,4,1,1,False,True,False,False,True,False,False,False,False,1,1,0,0,0,0
https://shopee.co.id/Lapis-Bogor-Sangkuriang-Oleh-Oleh-Khas-Bogor-i.25855670.4448363280?extraParams=%7B%22display_model_id%22%3A70726920033%2C%22model_selection_logic%22%3A3%7D&sp_atk=4053b079-4482-4cca-ba0e-26ae5be418b9&xptdk=4053b079-4482-4cca-ba0e-26ae5be418b9,Lapis Bogor Sangkuriang / Oleh Oleh Khas Bogor,lapis sangkuriang,Makanan,Kue & Roti,shopee,Jakarta Timur,Jakarta,Blackforest Talas,56000.0,543.5,4.9,0.87320776352246,1.0,0.9750000000000001,17.23113670913438,30.869352917627776,1,4,1,3,False,True,False,False,False,False,True,False,False,0,1,0,0,0,1
https://shopee.co.id/Stik-Kentang-Istana-Gurih-atau-Pedas-Bogor-i.20958327.18580381735?extraParams=%7B%22display_model_id%22%3A148280178494%2C%22model_selection_logic%22%3A2%7D&sp_atk=1ce98a45-57c1-409c-8b92-2f860998eaad&xptdk=1ce98a45-57c1-409c-8b92-2f860998eaad,Stik Kentang Istana Gurih atau Pedas Bogor,stik kentang istana gurih pedas,Makanan,Camilan & Snack,shopee,Bogor,Bogor,Blackforest Talas Store,21350.0,543.5,4.9,0.6946843765144426,1.0,0.9750000000000001,16.266836811397255,30.869352917627776,1,2,1,1,False,True,False,False,True,False,False,False,False,1,1,0,0,0,0
https://shopee.co.id/KAOS-Distro-Bogor-BUITENZORG-KAOS-Bogor-Tugu-Kujang-KAOS-Distro-BTZRG-Terbaru-2023-SFashion-i.1493540044.29083248533?extraParams=%7B%22display_model_id%22%3A234096490732%2C%22model_selection_logic%22%3A3%7D&sp_atk=6b2d530b-e338-4720-b823-51af49b359f3&xptdk=6b2d530b-e338-4720-b823-51af49b359f3,KAOS Distro Bogor BUITENZORG / KAOS Bogor Tugu Kujang / KAOS Distro BTZRG Terbaru 2023 SFashion,kaos distro buitenzorg kaos tugu kujang kaos distro btzrg terbaru sfashion,Pakaian & Fashion,Atasan & Pakaian Kasual,shopee,Jakarta Barat,Jakarta,Bogor Casual Wear,111075.75,11.0,5.0,1.0000000000000002,0.3195735163826218,1.0,14.0158637712161,12.424533248940001,3,1,1,3,False,True,False,False,False,False,True,False,False,0,0,0,1,0,2
https://shopee.co.id/KAOS-PERSIB-BANDUNG-FROM-BOGOR-FOR-PERSIB-VIKING-BOGOR-KAOS-DISTRO-KAOS-SANTAI-KAOS-TERBARU-2024-i.649455698.45654988489?extraParams=%7B%22display_model_id%22%3A395458989240%2C%22model_selection_logic%22%3A2%7D&sp_atk=f53becee-fec9-45c6-a5c1-f1dede56a1a5&xptdk=f53becee-fec9-45c6-a5c1-f1dede56a1a5,KAOS PERSIB BANDUNG - FROM BOGOR FOR PERSIB - VIKING BOGOR - KAOS DISTRO - KAOS SANTAI - KAOS TERBARU 2024,kaos persib bandung from for persib viking kaos distro kaos santai kaos terbaru,Pakaian & Fashion,Atasan & Pakaian Kasual,shopee,Bogor,Bogor,Bogor City Apparel,50000.0,11.0,5.0,0.8522266920007155,0.3195735163826218,1.0,13.217675375388819,12.424533248940001,3,1,1,1,False,True,False,False,True,False,False,False,False,1,0,0,1,0,1
https://shopee.co.id/Kopi-gula-Cap-liong-Bulan-Kopi-mantap-Khas-Bogor-10-sachet-i.428427839.54009638998?extraParams=%7B%22display_model_id%22%3A218829174484%2C%22model_selection_logic%22%3A2%7D&sp_atk=56106c42-2654-4633-9750-2211f7b4f4f8&xptdk=56106c42-2654-4633-9750-2211f7b4f4f8,Kopi  gula Cap liong Bulan Kopi mantap Khas Bogor 10 sachet,kopi gula cap liong bulan kopi mantap sachet,Minuman,Kopi,shopee,Bogor,Bogor,Bogor Coffee Mix,85000.0,224.0,4.9,0.9504647239726511,0.8423735410210074,0.9750000000000001,16.762052639848502,26.53889197080166,2,3,1,1,False,True,False,False,True,False,False,False,False,1,0,1,0,0,2
https://www.tokopedia.com/bogorcoklatsnack/stik-talas-original-khas-bogor-1729703197384214921?extParam=ivf%3Dfalse%26keyword%3Daksesoriskhasbogor%26search_id%3D20260701045100357A6FDF7642BF120N2E%26src%3Dsearch,Stik Talas Original Khas Bogor,stik talas original,Makanan,Kue & Roti,tokopedia,Bogor,Bogor,Bogor Coklat,30000.0,15.0,5.0,0.7576558265027287,0.3708837357912931,1.0,13.017005083966255,13.862943611198906,1,4,2,1,False,False,True,False,True,False,False,False,False,1,1,0,0,0,0
https://shopee.co.id/KAOS-BOGOR-MOTHAI-STYLE-KAOS-DISTRO-KAOS-SANTAI-KAOS-RACING-KAOS-TERBARU-2024-KAOS-VIRAL-KAOS-MURAH-BAJU-KEKINIAN-KAOS-TERLARIS-KAOS-UNISEX-KAOS-PRIA-DAN-WANITA-DEWASA-KAOS-PREMIUM-QUALITY-KAOS-COTTON-COMBED-30S-24-i.1064201264.18187135583?extraParams=%7B%22display_model_id%22%3A245108375323%2C%22model_selection_logic%22%3A2%7D&sp_atk=e3c9923d-b05c-4e48-9178-39b1118aa087&xptdk=e3c9923d-b05c-4e48-9178-39b1118aa087,KAOS BOGOR MOTHAI STYLE - KAOS DISTRO - KAOS SANTAI - KAOS RACING - KAOS TERBARU 2024 - KAOS VIRAL - KAOS MURAH - BAJU KEKINIAN - KAOS TERLARIS - KAOS UNISEX - KAOS PRIA DAN WANITA DEWASA - KAOS PREMIUM QUALITY - KAOS COTTON COMBED 30S - 24,kaos mothai style kaos distro kaos santai kaos racing kaos terbaru kaos viral kaos murah baju kekinian kaos terlaris kaos unisex kaos pria wanita dewasa kaos premium quality kaos cotton combed 30s,Pakaian & Fashion,Atasan & Pakaian Kasual,shopee,Bogor,Bogor,Bogor Everybody Official,50050.0,8.0,5.0,0.8524117339892887,0.2682632969739506,1.0,12.900221823922582,10.986122886681098,3,1,1,1,False,True,False,False,True,False,False,False,False,1,0,0,1,0,1
https://shopee.co.id/Promo-Tshirt-Pria-Premium-Katun-Kombed-Kaos-Bogor-Kaos-Oleh-Oleh-Bogor-Unisex-i.407241797.16199695931?extraParams=%7B%22display_model_id%22%3A128813710485%2C%22model_selection_logic%22%3A3%7D&sp_atk=84ee1acb-cd54-43ac-bd6d-916c83dc6698&xptdk=84ee1acb-cd54-43ac-bd6d-916c83dc6698,Promo Tshirt Pria Premium Katun Kombed Kaos Bogor /Kaos Oleh Oleh Bogor Unisex,promo tshirt pria premium katun kombed kaos kaos unisex,Pakaian & Fashion,Atasan & Pakaian Kasual,shopee,Bogor,Bogor,Bogor Fashion House,68000.0,11.0,5.0,0.9091528741743742,0.3195735163826218,1.0,13.525159593854116,12.424533248940001,3,1,1,1,False,True,False,False,True,False,False,False,False,1,0,0,1,0,1
https://shopee.co.id/Baju-Kaos-Viking-Bogor-IPB-Kaos-Distro-Pria-Keren-Terbaru-2026-Baju-Kaos-Unisex-Katun-Combed-30S-Sablon-DTF-i.1348728438.50611586855?extraParams=%7B%22display_model_id%22%3A262666970849%2C%22model_selection_logic%22%3A2%7D&sp_atk=508ca2d1-b67d-43f2-b8e0-9cffcc067694&xptdk=508ca2d1-b67d-43f2-b8e0-9cffcc067694,Baju Kaos Viking Bogor IPB | Kaos Distro Pria Keren Terbaru 2026 | Baju Kaos Unisex | Katun Combed 30S | Sablon DTF,baju kaos viking ipb kaos distro pria keren terbaru baju kaos unisex katun combed 30s sablon dtf,Pakaian & Fashion,Atasan & Pakaian Kasual,shopee,Bogor,Bogor,Bogor Fashion Hub,50050.0,11.0,5.0,0.8524117339892887,0.3195735163826218,1.0,13.21867487390554,12.424533248940001,3,1,1,1,False,True,False,False,True,False,False,False,False,1,0,0,1,0,1
https://shopee.co.id/Kaos-Bogor-Tugu-Kujang-Buitenzorg-Tshirt-Buitenzorg-Special-Merch-Merah-Putih-Kaos-Katun-Combed-Kaos-Distro-Bogor-HUT-RI-77-Kemerdekaan-i.1150720680.44900375725?extraParams=%7B%22display_model_id%22%3A375032854475%2C%22model_selection_logic%22%3A3%7D&sp_atk=28565133-239d-4d2b-8910-c0f536963da3&xptdk=28565133-239d-4d2b-8910-c0f536963da3,Kaos Bogor Tugu Kujang / Buitenzorg - Tshirt Buitenzorg Special Merch Merah Putih - Kaos Katun Combed - Kaos Distro Bogor - HUT RI 77 Kemerdekaan,kaos tugu kujang buitenzorg tshirt buitenzorg special merch merah putih kaos katun combed kaos distro hut ri kemerdekaan,Pakaian & Fashion,Atasan & Pakaian Kasual,shopee,Bogor,Bogor,Bogor Flag Store,52080.0,11.0,5.0,0.859772405278503,0.3195735163826218,1.0,13.25843329524556,12.424533248940001,3,1,1,1,False,True,False,False,True,False,False,False,False,1,0,0,1,0,1
https://shopee.co.id/V330-1-Bogor-Football-Culture-PSB-PERSIKABO-Kaos-Supporter-PSB-PERSIKABO-Kaos-Fans-PSB-PERSIKABO-Kaos-Casual-Ultras-i.315166318.47760140548?extraParams=%7B%22display_model_id%22%3A400889467334%2C%22model_selection_logic%22%3A2%7D&sp_atk=0d0bd895-701b-478b-83c3-39123f36e673&xptdk=0d0bd895-701b-478b-83c3-39123f36e673,"V330 1  ""Bogor Football Culture"" - PSB PERSIKABO /Kaos Supporter PSB PERSIKABO /Kaos Fans PSB PERSIKABO /Kaos Casual Ultras",v330 football culture psb persikabo kaos supporter psb persikabo kaos fans psb persikabo kaos casual ultras,Pakaian & Fashion,Atasan & Pakaian Kasual,shopee,Jakarta Barat,Jakarta,Bogor Football Culture,34000.0,1.0,5.0,0.7808275788598225,0.0,1.0,10.434145214930487,3.4657359027997265,3,1,1,3,False,True,False,False,False,False,True,False,False,0,0,0,1,0,1
https://shopee.co.id/KAOS-TSHIRT-BOGOR-FOOTBALL-CULTURE-1973-TSHIRT-NEW-i.975830587.47355639517?extraParams=%7B%22display_model_id%22%3A307378001141%2C%22model_selection_logic%22%3A2%7D&sp_atk=2b0bdfcf-2a63-406f-87b1-215f6660c9d3&xptdk=2b0bdfcf-2a63-406f-87b1-215f6660c9d3,KAOS TSHIRT BOGOR FOOTBALL CULTURE 1973//TSHIRT NEW,kaos tshirt football culture tshirt new,Pakaian & Fashion,Atasan & Pakaian Kasual,shopee,Jakarta Pusat,Jakarta,Bogor Football Store,45000.0,11.0,5.0,0.832720847717568,0.3195735163826218,1.0,13.112315061750808,12.424533248940001,3,1,1,3,False,True,False,False,False,False,True,False,False,0,0,0,1,0,1
https://shopee.co.id/(TERMURAH)-Kaos-Merchandise-1Dekade-BOGOR-CB-GARDATALA-BERSATU-BAJU-Acara-Satu-Dekade-BOGOR-GARDATALA-CB-Bersatu-Acara-Tanggal-26-Juli-2025-i.1348509541.27788799937?extraParams=%7B%22display_model_id%22%3A295751684139%2C%22model_selection_logic%22%3A2%7D&sp_atk=2f7bd12f-5155-435e-a415-c75072d51e64&xptdk=2f7bd12f-5155-435e-a415-c75072d51e64,(TERMURAH) Kaos Merchandise 1Dekade BOGOR CB GARDATALA BERSATU - BAJU Acara Satu Dekade BOGOR GARDATALA CB Bersatu Acara Tanggal 26 Juli 2025,termurah kaos merchandise 1dekade cb gardatala bersatu baju acara satu dekade gardatala cb bersatu acara tanggal juli,Pakaian & Fashion,Atasan & Pakaian Kasual,shopee,Bogor,Bogor,Bogor Home Store,49980.0,86.0,4.1,0.8521526233893797,0.672899739147099,0.7749999999999999,15.273725733293624,18.31022328648379,3,1,1,1,False,True,False,False,True,False,False,False,False,1,0,0,1,0,1
https://shopee.co.id/Kaos-Unisex-Bogor-Kota-Hujan-Street-Culture-Lengan-Pendek-Adem-nyaman-i.1416908124.51058190584?extraParams=%7B%22display_model_id%22%3A272504927882%2C%22model_selection_logic%22%3A2%7D&sp_atk=fc16a80f-c620-418e-b4de-817f21512900&xptdk=fc16a80f-c620-418e-b4de-817f21512900,Kaos Unisex||Bogor Kota Hujan Street Culture||Lengan Pendek Adem nyaman,kaos unisex kota hujan street culture lengan pendek adem nyaman,Pakaian & Fashion,Atasan & Pakaian Kasual,shopee,Jakarta Pusat,Jakarta,Bogor Kota Hujan,48000.0,11.0,5.0,0.8446691358978033,0.3195735163826218,1.0,13.176853456625999,12.424533248940001,3,1,1,3,False,True,False,False,False,False,True,False,False,0,0,0,1,0,1
https://shopee.co.id/KAOS-AYAM-BANGKOK-BOGOR-CORAK-HITAM-MOTIF-DEPAN-BELAKANG-i.1743458764.41130896122?extraParams=%7B%22display_model_id%22%3A370929095130%2C%22model_selection_logic%22%3A2%7D&sp_atk=6945ce6d-865c-474d-891d-058349d2a84a&xptdk=6945ce6d-865c-474d-891d-058349d2a84a,KAOS AYAM BANGKOK BOGOR CORAK HITAM MOTIF DEPAN BELAKANG,kaos ayam bangkok corak hitam motif depan belakang,Pakaian & Fashion,Atasan & Pakaian Kasual,shopee,Bogor,Bogor,Bogor Ladies Store,57190.0,11.0,5.0,0.8771006635396084,0.3195735163826218,1.0,13.352031199304141,12.424533248940001,3,1,1,1,False,True,False,False,True,False,False,False,False,1,0,0,1,0,1
https://shopee.co.id/OLEH-OLEH-KHAS-KOTA-BOGOR-INDONESIA-PROMO-MAGNET-TEMPELAN-KULKAS-BOGOR-DLL-BUKAN-GANTUNGAN-KUNCI-AKRILIK-ATAUPUN-BULAT-DUA-SISI-BAHAN-PLASTIK-DAN-ALMUNIUM-ANTI-AIR-DAN-KUAT-UNTUK-KULKAS-TAS-PINTU-MOTOR-MOBIL-DLL-i.1356726348.49951244357?extraParams=%7B%22display_model_id%22%3A375111071690%2C%22model_selection_logic%22%3A2%7D&sp_atk=2dcd7abc-1f56-4286-b2b5-57b640f72000&xptdk=2dcd7abc-1f56-4286-b2b5-57b640f72000,OLEH-OLEH KHAS KOTA BOGOR INDONESIA | PROMO MAGNET TEMPELAN KULKAS BOGOR DLL | BUKAN GANTUNGAN KUNCI AKRILIK ATAUPUN BULAT DUA SISI | BAHAN PLASTIK DAN ALMUNIUM ANTI AIR DAN KUAT UNTUK KULKAS TAS PINTU MOTOR MOBIL DLL,kota indonesia promo magnet tempelan kulkas dll bukan gantungan kunci akrilik ataupun bulat dua sisi bahan plastik almunium anti air kuat kulkas tas pintu motor mobil dll,Aksesoris & Souvenir,Aksesoris & Souvenir,shopee,Jakarta Timur,Jakarta,Bogor Magnet Center,1990.0,95.0,4.9,0.2554511270991322,0.690457252173915,0.9750000000000001,12.149772098911013,22.3653061381924,0,0,1,3,False,True,False,False,False,False,True,False,False,0,0,0,0,1,0
https://shopee.co.id/OLEH-OLEH-KHAS-KOTA-BOGOR-INDONESIA-PROMO-GANTUNGAN-KUNCI-BULAT-LINGKARAN-BAHAN-PLASTIK-GAMBAR-1-SISI-UKURAN-44-MM-4-4-CM-BELAKANG-PUTIH-BERSIH-RING-STAINLESS-KOKOH-KUAT-UNTUK-TAS-PINTU-MOTOR-MOBIL-DLL-DESAIN-DICETAK-WARNA-JELAS-BUKAN-CUSTOM-i.1356726348.28983652794?extraParams=%7B%22display_model_id%22%3A270832341884%2C%22model_selection_logic%22%3A3%7D&sp_atk=a47ec4b1-9dfa-490f-b066-22b08ff4d25b&xptdk=a47ec4b1-9dfa-490f-b066-22b08ff4d25b,"OLEH-OLEH KHAS KOTA BOGOR INDONESIA | PROMO GANTUNGAN KUNCI BULAT LINGKARAN | BAHAN PLASTIK GAMBAR 1 SISI UKURAN 44 MM/4,4 CM BELAKANG PUTIH BERSIH | RING STAINLESS KOKOH & KUAT UNTUK TAS PINTU MOTOR MOBIL DLL | DESAIN DICETAK WARNA JELAS | BUKAN CUSTOM",kota indonesia promo gantungan kunci bulat lingkaran bahan plastik gambar sisi ukuran mm cm belakang putih bersih ring stainless kokoh kuat tas pintu motor mobil dll desain dicetak warna jelas bukan custom,Aksesoris & Souvenir,Aksesoris & Souvenir,shopee,Jakarta Timur,Jakarta,Bogor Merchandise Official,500.0,412.0,5.0,0.0,0.9506983919558366,1.0,12.235636302128867,30.117237964805167,0,0,1,3,False,True,False,False,False,False,True,False,False,0,0,0,0,1,0
https://shopee.co.id/One-Set-Ready-stock-Bogor-Baju-Tidur-Wanita-Piyama-kekinian-One-set-Rayon-viscose-cantik-Piyama-Rayon-i.12391335.28435820155?extraParams=%7B%22display_model_id%22%3A295917485231%2C%22model_selection_logic%22%3A3%7D&sp_atk=5feb5689-e04e-49b4-b1fe-fe8a435cae94&xptdk=5feb5689-e04e-49b4-b1fe-fe8a435cae94,One Set Ready stock Bogor | Baju Tidur Wanita | Piyama kekinian | One set Rayon viscose cantik | Piyama Rayon,one set ready stock baju tidur wanita piyama kekinian one set rayon viscose cantik piyama rayon,Pakaian & Fashion,Atasan & Pakaian Kasual,shopee,Bogor,Bogor,Bogor Piyama Store,95000.0,6.0,5.0,0.9710566080234229,0.2234395151311685,1.0,13.25339339419516,9.729550745276565,3,1,1,1,False,True,False,False,True,False,False,False,False,1,0,0,1,0,2
https://shopee.co.id/Tshirt-Kaos-Indonesia-Bogor-City-Premium-Quality-Baju-Kota-Bogor-Indonesia-Oleh2-Premium-Quality-Kaos-Oleh-Oleh-Liburan-Pria-Distro-Kaos-Tshirt-Souvenir-Jalan-Jalan-Luar-Negeri-Baju-Pria-Distro-Nasional-Negara-i.1475514629.45151283882?extraParams=%7B%22display_model_id%22%3A345114458106%2C%22model_selection_logic%22%3A2%7D&sp_atk=b5ac91f7-efb3-4de1-8206-acd9e1b5ef69&xptdk=b5ac91f7-efb3-4de1-8206-acd9e1b5ef69,Tshirt Kaos Indonesia Bogor City Premium Quality  - Baju Kota Bogor Indonesia Oleh2 Premium Quality - Kaos Oleh-Oleh Liburan Pria Distro - Kaos Tshirt Souvenir Jalan-Jalan Luar Negeri - Baju Pria Distro Nasional Negara,tshirt kaos indonesia city premium quality baju kota indonesia oleh2 premium quality kaos liburan pria distro kaos tshirt souvenir jalan jalan luar negeri baju pria distro nasional negara,Pakaian & Fashion,Atasan & Pakaian Kasual,shopee,Bogor,Bogor,Bogor Premium Souvenir,53200.0,11.0,5.0,0.8637115895830558,0.3195735163826218,1.0,13.279710656944145,12.424533248940001,3,1,1,1,False,True,False,False,True,False,False,False,False,1,0,0,1,0,1
https://shopee.co.id/Promo-Tshirt-Kaos-Pria-Wanita-Kaos-Oleh-Oleh-Bogor-Premium-Full-Katun-Combed-30s-Sangat-Nyaman-DipakaiTermurah-i.407241797.25771641967?extraParams=%7B%22display_model_id%22%3A69765469532%2C%22model_selection_logic%22%3A3%7D&sp_atk=ca349be3-cd86-414b-b74b-1e419cb2d269&xptdk=ca349be3-cd86-414b-b74b-1e419cb2d269,Promo Tshirt Kaos Pria Wanita Kaos Oleh Oleh Bogor  Premium Full Katun Combed 30s Sangat Nyaman DipakaiTermurah,promo tshirt kaos pria wanita kaos premium full katun combed 30s sangat nyaman dipakaitermurah,Pakaian & Fashion,Atasan & Pakaian Kasual,shopee,Bogor,Bogor,Bogor Premium Wear,64000.0,30.0,5.0,0.897929111280203,0.488849033216144,1.0,14.467836264837162,17.16993602242573,3,1,1,1,False,True,False,False,True,False,False,False,False,1,0,0,1,0,1
https://shopee.co.id/KAOS-BUITENZORG-BOGOR-KAOS-BOGOR-PRIDE-DISTRO-PRIA-DAN-WANITA-KAOS-VIRAL-TREND-(COD)-i.1645564909.46605713603?extraParams=%7B%22display_model_id%22%3A350515891327%2C%22model_selection_logic%22%3A2%7D&sp_atk=27002c2b-4aa7-43de-8af7-222314e3f299&xptdk=27002c2b-4aa7-43de-8af7-222314e3f299,KAOS BUITENZORG BOGOR - KAOS BOGOR PRIDE - DISTRO PRIA DAN WANITA - KAOS VIRAL -TREND (COD),kaos buitenzorg kaos pride distro pria wanita kaos viral trend cod,Pakaian & Fashion,Atasan & Pakaian Kasual,shopee,Jakarta Barat,Jakarta,Bogor Pride Store,31250.0,5.0,5.0,0.7652132900414574,0.19594560445219078,1.0,11.959218967578169,8.958797346140274,3,1,1,3,False,True,False,False,False,False,True,False,False,0,0,0,1,0,1
https://shopee.co.id/Kaos-Lengan-Panjang-IPB-University-Institut-Pertanian-Bogor-Long-Sleeve-t-shirt-Clothing-i.21980633.20985942070?extraParams=%7B%22display_model_id%22%3A224682730753%2C%22model_selection_logic%22%3A3%7D&sp_atk=9cf77b3b-2ce7-4f3d-9135-f74a0a5db087&xptdk=9cf77b3b-2ce7-4f3d-9135-f74a0a5db087,Kaos Lengan Panjang IPB University Institut Pertanian Bogor Long Sleeve t-shirt Clothing,kaos lengan panjang ipb university institut pertanian long sleeve shirt clothing,Pakaian & Fashion,Atasan & Pakaian Kasual,shopee,Bekasi,Bekasi,Bogor Rain City Merch,111075.75,11.0,5.0,1.0000000000000002,0.3195735163826218,1.0,14.0158637712161,12.424533248940001,3,1,1,0,False,True,False,True,False,False,False,False,False,0,0,0,1,0,2
https://shopee.co.id/Bogor-Raincake-Dubai-Chocolate-Series-i.172394964.11614188962?extraParams=%7B%22display_model_id%22%3A297224331829%2C%22model_selection_logic%22%3A3%7D&sp_atk=bfda46d3-a6be-4619-a22d-75971f05874d&xptdk=bfda46d3-a6be-4619-a22d-75971f05874d,Bogor Raincake - Dubai  Chocolate Series,raincake dubai chocolate series,Makanan,Kue & Roti,shopee,Bogor,Bogor,Bogor Raincake Official,61000.0,543.5,4.8,0.8890409133627049,1.0,0.95,17.31665887987944,30.23936612339047,1,4,1,1,False,True,False,False,True,False,False,False,False,1,1,0,0,0,1
https://shopee.co.id/Kaos-Oleh-Oleh-Indonesia-Bogor-Premium-Quality-Baju-Kota-BOGOR-Indonesia-Oleh-Oleh-Liburan-Pria-Distro-Souvenir-Jalan-Jalan-Luar-Negeri-Nasional-Negara-i.1713375746.54055987971?extraParams=%7B%22display_model_id%22%3A410548556349%2C%22model_selection_logic%22%3A2%7D&sp_atk=daa056bc-56a3-4280-8f93-d4294e74ab01&xptdk=daa056bc-56a3-4280-8f93-d4294e74ab01,Kaos Oleh Oleh Indonesia Bogor Premium Quality Baju Kota BOGOR Indonesia Oleh-Oleh Liburan Pria Distro Souvenir Jalan-Jalan Luar Negeri Nasional Negara,kaos indonesia premium quality baju kota indonesia liburan pria distro souvenir jalan jalan luar negeri nasional negara,Pakaian & Fashion,Atasan & Pakaian Kasual,shopee,Bogor,Bogor,Bogor Souvenir Apparel,52800.0,11.0,5.0,0.8623143399179136,0.3195735163826218,1.0,13.272163464254326,12.424533248940001,3,1,1,1,False,True,False,False,True,False,False,False,False,1,0,0,1,0,1
https://shopee.co.id/KAOS-SOUVENIR-OLEH-OLEH-BOGOR-(A)-HITAM-BAHAN-FULL-COTTON-COMBED-24S-TEBAL-DAN-HALUS-i.1063208923.57354069602?extraParams=%7B%22display_model_id%22%3A179130198476%2C%22model_selection_logic%22%3A3%7D&sp_atk=843be604-59dc-404d-917b-6435a1cb56c8&xptdk=843be604-59dc-404d-917b-6435a1cb56c8,KAOS SOUVENIR OLEH OLEH BOGOR (A) HITAM BAHAN FULL COTTON COMBED 24S TEBAL DAN HALUS,kaos souvenir hitam bahan full cotton combed 24s tebal halus,Pakaian & Fashion,Atasan & Pakaian Kasual,shopee,Kab. Bekasi,Bekasi,Bogor Souvenir Center,65000.0,7.0,5.0,0.9007994838866595,0.24725582386086203,1.0,13.02805489573287,10.39720770839918,3,1,1,0,False,True,False,True,False,False,False,False,False,0,0,0,1,0,1
https://shopee.co.id/Kopi-Bubuk-Super-Cap-Naga-Mas-Khas-Bogor-250-Gram-i.15492946.42201683189?extraParams=%7B%22display_model_id%22%3A270137428748%2C%22model_selection_logic%22%3A2%7D&sp_atk=a36a5440-98c3-404e-ad16-3206557ac492&xptdk=a36a5440-98c3-404e-ad16-3206557ac492,Kopi Bubuk Super Cap Naga Mas Khas Bogor 250 Gram,kopi bubuk super cap naga mas gram,Minuman,Kopi,shopee,Bogor,Bogor,Bogor Specialty Coffee,25500.0,458.0,4.8,0.7275684542516307,0.9695333975831478,0.95,16.273303000884468,29.419441008290615,2,3,1,1,False,True,False,False,True,False,False,False,False,1,0,1,0,0,0
https://shopee.co.id/BAJU-KAOS-SMK-TRI-DHARMA-46-DZOERAGAN-BOGOR-TRIDHARMA-i.328139083.6778323859?extraParams=%7B%22display_model_id%22%3A33577406654%2C%22model_selection_logic%22%3A3%7D&sp_atk=2066b92a-3563-4900-b23f-0c7f5535d578&xptdk=2066b92a-3563-4900-b23f-0c7f5535d578,BAJU KAOS SMK TRI DHARMA 46 DZOERAGAN BOGOR #TRIDHARMA,baju kaos smk tri dharma dzoeragan tridharma,Pakaian & Fashion,Atasan & Pakaian Kasual,shopee,Jakarta Barat,Jakarta,Bogor Street Culture,55000.0,11.0,5.0,0.8698719100459005,0.3195735163826218,1.0,13.312985389904174,12.424533248940001,3,1,1,3,False,True,False,False,False,False,True,False,False,0,0,0,1,0,1
https://shopee.co.id/Kaos-T-shirt-baju-BOGOR-STREET-CULTURE-DTF-kaos-distro-bogor-street-culture-Kaos-Bandung-Aesthetic-kaos-distro-pria-wanita-terlaris-i.1756087666.45057162374?extraParams=%7B%22display_model_id%22%3A410638387686%2C%22model_selection_logic%22%3A2%7D&sp_atk=c58e3894-f6a3-4051-a8f8-f7611018697c&xptdk=c58e3894-f6a3-4051-a8f8-f7611018697c,Kaos T-shirt baju BOGOR STREET CULTURE DTF / kaos distro bogor street culture / Kaos Bandung Aesthetic / kaos distro pria wanita terlaris,kaos shirt baju street culture dtf kaos distro street culture kaos bandung aesthetic kaos distro pria wanita terlaris,Pakaian & Fashion,Atasan & Pakaian Kasual,shopee,Bogor,Bogor,Bogor Street Official,52320.0,11.0,5.0,0.8606236005634276,0.3195735163826218,1.0,13.263030996487018,12.424533248940001,3,1,1,1,False,True,False,False,True,False,False,False,False,1,0,0,1,0,1
https://shopee.co.id/BAJU-KAOS-TULISAN-BOGOR-YANG-LEMBUT-SERTA-BERAGAM-WARNA-YANG-BISA-DIPAKAI-UNISEX-i.416229275.27065010083?extraParams=%7B%22display_model_id%22%3A236916885643%2C%22model_selection_logic%22%3A2%7D&sp_atk=9049e904-3afc-4546-aeeb-d904da217c4b&xptdk=9049e904-3afc-4546-aeeb-d904da217c4b,BAJU KAOS TULISAN BOGOR YANG LEMBUT SERTA BERAGAM WARNA YANG BISA DIPAKAI UNISEX,baju kaos tulisan lembut serta beragam warna bisa dipakai unisex,Pakaian & Fashion,Atasan & Pakaian Kasual,shopee,Jakarta Barat,Jakarta,Bogor Typography Store,45000.0,2.0,5.0,0.832720847717568,0.07231769252175978,1.0,11.407576060361786,5.493061443340547,3,1,1,3,False,True,False,False,False,False,True,False,False,0,0,0,1,0,1
https://shopee.co.id/Kaos-BOGOR-VS-EVERYBODY-Baju-Pakaian-Atasan-Premium-High-Quality-Pria-Wanita-i.1329712378.41224901598?extraParams=%7B%22display_model_id%22%3A139472668360%2C%22model_selection_logic%22%3A2%7D&sp_atk=7d7da3c5-fc8e-41b0-af85-7d13340b86a4&xptdk=7d7da3c5-fc8e-41b0-af85-7d13340b86a4,Kaos BOGOR VS EVERYBODY Baju Pakaian Atasan Premium High Quality Pria Wanita,kaos vs everybody baju pakaian atasan premium high quality pria wanita,Pakaian & Fashion,Atasan & Pakaian Kasual,shopee,Bogor,Bogor,Bogor Unisex Store,52800.0,1.0,5.0,0.8623143399179136,0.0,1.0,10.874285408908944,3.4657359027997265,3,1,1,1,False,True,False,False,True,False,False,False,False,1,0,0,1,0,1
https://shopee.co.id/KAOS-SOUVENIR-OLEH-OLEH-BOGOR-(A)-WARNA-PUTIH-BAHAN-COTON-COMBED-24S-TEBAL-DAN-HALUS-i.1063208923.48354119493?extraParams=%7B%22display_model_id%22%3A272308690889%2C%22model_selection_logic%22%3A3%7D&sp_atk=c1583cde-df83-4880-a56f-c68547b9a0c9&xptdk=c1583cde-df83-4880-a56f-c68547b9a0c9,KAOS SOUVENIR OLEH OLEH BOGOR (A) WARNA PUTIH BAHAN COTON COMBED 24S TEBAL DAN HALUS,kaos souvenir warna putih bahan coton combed 24s tebal halus,Pakaian & Fashion,Atasan & Pakaian Kasual,shopee,Kab. Bekasi,Bekasi,Bogor White Apparel,65000.0,2.0,5.0,0.9007994838866595,0.07231769252175978,1.0,11.775297421715827,5.493061443340547,3,1,1,0,False,True,False,True,False,False,False,False,False,0,0,0,1,0,1
https://shopee.co.id/Kaos-Atasan-Wanita-Perempuan-Bogor-i.20958327.28222857620?extraParams=%7B%22display_model_id%22%3A195703997452%2C%22model_selection_logic%22%3A2%7D&sp_atk=e253249f-e732-46a0-b30c-9923ed223bd6&xptdk=e253249f-e732-46a0-b30c-9923ed223bd6,Kaos Atasan Wanita Perempuan Bogor,kaos atasan wanita perempuan,Pakaian & Fashion,Atasan & Pakaian Kasual,shopee,Bogor,Bogor,Bogor Woman Wear,15000.0,11.0,5.0,0.6293339795923376,0.3195735163826218,1.0,12.013706813470414,12.424533248940001,3,1,1,1,False,True,False,False,True,False,False,False,False,1,0,0,1,0,0
https://shopee.co.id/Lapis-Talas-Bogor-Identik-Varian-Rasa-i.11981219.42619225986?extraParams=%7B%22display_model_id%22%3A296575148179%2C%22model_selection_logic%22%3A2%7D&sp_atk=19b9f3c0-659b-422d-b86d-bc3e84a920cf&xptdk=19b9f3c0-659b-422d-b86d-bc3e84a920cf,Lapis Talas Bogor Identik Varian Rasa,lapis talas identik varian rasa,Makanan,Kue & Roti,shopee,Bekasi,Bekasi,Bolu Chiffon Bogor,33000.0,89.0,4.9,0.775300820149404,0.67894633092791,0.9750000000000001,14.892899550664186,22.0490673846183,1,4,1,0,False,True,False,True,False,False,False,False,False,0,1,0,0,0,1
https://shopee.co.id/Lapis-Talas-Bogor-Kabita-Rasa-Asli-Legit-Lembut-i.401728671.25948084782?extraParams=%7B%22display_model_id%22%3A370766896849%2C%22model_selection_logic%22%3A2%7D&sp_atk=93fa1297-8c27-428f-b29a-21605a12eaaa&xptdk=93fa1297-8c27-428f-b29a-21605a12eaaa,Lapis Talas Bogor Kabita Rasa Asli Legit Lembut,lapis talas kabita rasa asli legit lembut,Makanan,Kue & Roti,shopee,Bekasi,Bekasi,Bolu Kukus Bogor,32000.0,57.0,4.8,0.7696039861216921,0.6005820466253392,0.95,14.416542997861878,19.49012645062281,1,4,1,0,False,True,False,True,False,False,False,False,False,0,1,0,0,0,1
https://shopee.co.id/Double-Pack-(Chiffon-Talas-Keju-Chiffon-Talas-Keju)-%E2%80%93-Lapis-Bogor-Sangkuriang-290g-Oleh-Oleh-Khas-Bogor-i.237534970.29792971886?extraParams=%7B%22display_model_id%22%3A276973437077%2C%22model_selection_logic%22%3A3%7D&sp_atk=9150d2f9-cf4b-4379-bfc2-ac3f2de9f1e7&xptdk=9150d2f9-cf4b-4379-bfc2-ac3f2de9f1e7,Double Pack (Chiffon Talas Keju  Chiffon Talas Keju)  – Lapis Bogor Sangkuriang 290g | Oleh-Oleh Khas Bogor,double pack chiffon talas keju chiffon talas keju lapis sangkuriang 290g,Makanan,Kue & Roti,shopee,Bogor,Bogor,Bolu Kukus Nusantara,84000.0,63.0,4.8,0.9482737397745484,0.6181395596521552,0.95,15.48170699318144,19.962638800126424,1,4,1,1,False,True,False,False,True,False,False,False,False,1,1,0,0,0,2
https://shopee.co.id/KAIN-ATAU-BAJU-BATIK-KAMPUNG-URUG-KABUPATEN-KAB-BOGOR-PNS-CPNS-KATUN-BAHAN-BRAMASTA-ID-i.1733303429.56658080160?extraParams=%7B%22display_model_id%22%3A350717119446%2C%22model_selection_logic%22%3A3%7D&sp_atk=f8256fd0-df46-4d7c-875a-f89d6f694917&xptdk=f8256fd0-df46-4d7c-875a-f89d6f694917,KAIN ATAU BAJU BATIK KAMPUNG URUG KABUPATEN KAB BOGOR PNS CPNS KATUN BAHAN - BRAMASTA ID,kain baju batik kampung urug kabupaten kab pns cpns katun bahan bramasta id,Pakaian & Fashion,Pakaian Tradisional,shopee,Tangerang Selatan,Tangerang,Bolu Lapis Bogor,111075.75,8.5,5.0,1.0000000000000002,0.27790658465799645,1.0,13.758034902632094,11.256458993032476,3,8,1,5,False,True,False,False,False,False,False,False,True,0,0,0,1,0,2
https://shopee.co.id/Kerupuk-Mie-Kuah-Asinan-sayur-Sambel-i.126305761.1912827420?extraParams=%7B%22display_model_id%22%3A52684687469%2C%22model_selection_logic%22%3A2%7D&sp_atk=8743c008-db30-4398-b622-6446d153bf8c&xptdk=8743c008-db30-4398-b622-6446d153bf8c,Kerupuk Mie  Kuah Asinan sayur  Sambel,kerupuk mie kuah asinan sayur sambel,Makanan,Makanan Tradisional,shopee,Jakarta Pusat,Jakarta,Bolu Susu Rasalokal,19000.0,543.5,5.0,0.6730959730044923,1.0,1.0,16.15022406154807,31.499339711865076,1,6,1,3,False,True,False,False,False,False,True,False,False,0,1,0,0,0,0
https://shopee.co.id/Lapis-Talas-Bogor-Sangkuriang-Variasi-Beragam-i.401728671.7081729740?extraParams=%7B%22display_model_id%22%3A54149663580%2C%22model_selection_logic%22%3A3%7D&sp_atk=3fa41237-caa8-4380-9d99-2f5146021333&xptdk=3fa41237-caa8-4380-9d99-2f5146021333,Lapis Talas Bogor Sangkuriang Variasi Beragam,lapis talas sangkuriang variasi beragam,Makanan,Kue & Roti,shopee,Bekasi,Bekasi,Bolu Talas Nusantara,51000.0,543.5,4.9,0.8558928420727205,1.0,0.9750000000000001,17.137610654344716,30.869352917627776,1,4,1,0,False,True,False,True,False,False,False,False,False,0,1,0,0,0,1
https://www.tokopedia.com/bos-kriuk-ngeunah/dodol-ori-1kg-khas-bogor-ngeunah-1734883275602101703?extParam=ivf%3Dfalse%26keyword%3Doleh-olehkhasbogor%26search_id%3D20260701035234F61D6947467CCD2EDKYW%26src%3Dsearch,Dodol Ori 1kg Khas Bogor Ngeunah,dodol ori 1kg ngeunah,Makanan,Camilan & Snack,tokopedia,Kab. Bogor,Bogor,Bos Kriuk Ngeunah,46000.0,1.0,4.8,0.8367898933986784,0.0,0.95,10.736418414365374,3.3271064666877375,1,2,2,1,False,False,True,False,True,False,False,False,False,1,1,0,0,0,1
https://shopee.co.id/Kaos-Culture-Street-Kota-Bogor-baju-terbaru-2025-baju-viral-baju-kekinian-kaos-viral-bisa-COD-i.1555619696.42602981487?extraParams=%7B%22display_model_id%22%3A280245143426%2C%22model_selection_logic%22%3A2%7D&sp_atk=e8296854-e148-4548-8869-dd6b1d53eb1c&xptdk=e8296854-e148-4548-8869-dd6b1d53eb1c,Kaos Culture Street Kota Bogor baju terbaru 2025 baju viral baju kekinian kaos viral bisa COD,kaos culture street kota baju terbaru baju viral baju kekinian kaos viral bisa cod,Pakaian & Fashion,Atasan & Pakaian Kasual,shopee,Bogor,Bogor,BPPKB Bogor Store,52500.0,11.0,5.0,0.8612594386099246,0.3195735163826218,1.0,13.266465452978318,12.424533248940001,3,1,1,1,False,True,False,False,True,False,False,False,False,1,0,0,1,0,1
https://shopee.co.id/BATIK-TRADISIKU-Kaos-Batik-Kembang-Bogor-i.31828090.4175342348?extraParams=%7B%22display_model_id%22%3A33261952651%2C%22model_selection_logic%22%3A3%7D&sp_atk=05c5dce4-e3dd-49c1-a34a-0e56c85aa726&xptdk=05c5dce4-e3dd-49c1-a34a-0e56c85aa726,BATIK TRADISIKU Kaos Batik Kembang Bogor,batik tradisiku kaos batik kembang,Pakaian & Fashion,Pakaian Tradisional,shopee,Bogor,Bogor,Bramasta Batik,111075.75,1.0,5.0,1.0000000000000002,0.0,1.0,11.617976682800412,3.4657359027997265,3,8,1,1,False,True,False,False,True,False,False,False,False,1,0,0,1,0,2
https://shopee.co.id/kain-batik-kampung-urug-bogor-i.1680174834.47002458797?extraParams=%7B%22display_model_id%22%3A355236795874%2C%22model_selection_logic%22%3A3%7D&sp_atk=08fd4a5c-1c80-4eba-8541-c3e31366445a&xptdk=08fd4a5c-1c80-4eba-8541-c3e31366445a,kain batik kampung urug bogor,kain batik kampung urug,Pakaian & Fashion,Pakaian Tradisional,shopee,Jakarta Selatan,Jakarta,Bramasta ID,111075.75,8.5,5.0,1.0000000000000002,0.27790658465799645,1.0,13.758034902632094,11.256458993032476,3,8,1,3,False,True,False,False,False,False,True,False,False,0,0,0,1,0,2
https://shopee.co.id/STICK-KENTANG-ISTANA-BOGOR-BERAT-BERSIH-200-GRAM-i.797641488.25377053074?extraParams=%7B%22display_model_id%22%3A236276895222%2C%22model_selection_logic%22%3A2%7D&sp_atk=d4c2cfde-e4f1-4a07-822b-f18ba0970e64&xptdk=d4c2cfde-e4f1-4a07-822b-f18ba0970e64,STICK KENTANG ISTANA BOGOR BERAT BERSIH 200 GRAM,stick kentang istana berat bersih gram,Makanan,Kue & Roti,shopee,Depok,Depok,Brownies Caramel Store,20799.0,296.0,4.8,0.68984382912329,0.8918912089043817,0.95,15.633019804364494,27.32991426625296,1,4,1,2,False,True,False,False,False,True,False,False,False,0,1,0,0,0,0
https://shopee.co.id/Sari-Roti-Tawar-Soft-Bogor-i.20958327.29054684678?extraParams=%7B%22display_model_id%22%3A246152437066%2C%22model_selection_logic%22%3A2%7D&sp_atk=cb043788-857f-47b7-933b-27bf9717803f&xptdk=cb043788-857f-47b7-933b-27bf9717803f,Sari Roti Tawar Soft Bogor,sari roti tawar soft,Makanan,Kue & Roti,shopee,Bogor,Bogor,Brownies Karamel Bogor,19999.0,30.0,5.0,0.6825825770836593,0.488849033216144,1.0,13.304636599696856,17.16993602242573,1,4,1,1,False,True,False,False,True,False,False,False,False,1,1,0,0,0,0
https://shopee.co.id/Brownies-Keju-Sangkuriang-Lapis-Sangkuriang-Bogor-Brownies-Regular-Pack-i.1526282971.26384759927?extraParams=%7B%22display_model_id%22%3A218465657324%2C%22model_selection_logic%22%3A2%7D&sp_atk=59f1d09e-895f-47dc-bcb5-6a05055c3d2c&xptdk=59f1d09e-895f-47dc-bcb5-6a05055c3d2c,Brownies Keju Sangkuriang | Lapis Sangkuriang Bogor Brownies - Regular Pack,brownies keju sangkuriang lapis sangkuriang brownies regular pack,Makanan,Kue & Roti,shopee,Jakarta Pusat,Jakarta,Brownies Keju Official,47000.0,121.0,5.0,0.8407714277834921,0.7332046732507436,1.0,15.553693602128556,24.020105223666285,1,4,1,3,False,True,False,False,False,False,True,False,False,0,1,0,0,0,1
https://shopee.co.id/ASINAN-SEDAP-GEDUNG-DALAM-BOGOR-Asinan-Buah-i.51834448.4376867841?extraParams=%7B%22display_model_id%22%3A24093414006%2C%22model_selection_logic%22%3A2%7D&sp_atk=0a1483b9-c87d-407d-b53b-52ac1625b34c&xptdk=0a1483b9-c87d-407d-b53b-52ac1625b34c,ASINAN SEDAP GEDUNG DALAM BOGOR - Asinan Buah,asinan sedap gedung dalam asinan buah,Makanan,Makanan Tradisional,shopee,Jakarta Barat,Jakarta,Brownies Keju Store,39000.0,543.5,4.9,0.8062280487595634,1.0,0.9750000000000001,16.869346678850647,30.869352917627776,1,6,1,3,False,True,False,False,False,False,True,False,False,0,1,0,0,0,1
https://shopee.co.id/Lapis-Bogor-Sangkuriang-Brownies-Keju-Mini-Pack-(250gr)-Oleh-oleh-Khas-Bogor-i.237534970.6342076259?extraParams=%7B%22display_model_id%22%3A50278314260%2C%22model_selection_logic%22%3A2%7D&sp_atk=666f01d6-38ae-4504-99e7-6bca574b764f&xptdk=666f01d6-38ae-4504-99e7-6bca574b764f,Lapis Bogor Sangkuriang Brownies Keju - Mini Pack (250gr) - Oleh-oleh Khas Bogor,lapis sangkuriang brownies keju mini pack 250gr,Makanan,Kue & Roti,shopee,Bogor,Bogor,Brownies Mini Bogor,31000.0,543.5,4.8,0.7637262760475965,1.0,0.95,16.63977224938101,30.23936612339047,1,4,1,1,False,True,False,False,True,False,False,False,False,1,1,0,0,0,1
https://shopee.co.id/Lapis-Bogor-Sangkuriang-Brownies-Caramel-Reguler-Pack-(550gr)-Oleh-oleh-Khas-Bogor-i.237534970.22220241069?extraParams=%7B%22display_model_id%22%3A230805733512%2C%22model_selection_logic%22%3A3%7D&sp_atk=efc92351-158e-4eca-aa0d-c717a6c6cc5b&xptdk=efc92351-158e-4eca-aa0d-c717a6c6cc5b,Lapis Bogor Sangkuriang Brownies Caramel - Reguler Pack (550gr) - Oleh-oleh Khas Bogor,lapis sangkuriang brownies caramel reguler pack 550gr,Makanan,Kue & Roti,shopee,Bogor,Bogor,Brownies Sangkuriang,55000.0,543.5,4.7,0.8698719100459005,1.0,0.925,17.21311820422908,29.60937932915317,1,4,1,1,False,True,False,False,True,False,False,False,False,1,1,0,0,0,1
https://shopee.co.id/kain-batik-bogor-kampung-urug-BS09-i.788693809.28725106393?extraParams=%7B%22display_model_id%22%3A157668964774%2C%22model_selection_logic%22%3A3%7D&sp_atk=3544c511-2346-4ecd-a1ff-07fffc8e39ba&xptdk=3544c511-2346-4ecd-a1ff-07fffc8e39ba,kain batik bogor kampung urug BS09,kain batik kampung urug bs09,Pakaian & Fashion,Pakaian Tradisional,shopee,Depok,Depok,BS09 Official,111075.75,8.5,5.0,1.0000000000000002,0.27790658465799645,1.0,13.758034902632094,11.256458993032476,3,8,1,2,False,True,False,False,False,True,False,False,False,0,0,0,1,0,2
https://shopee.co.id/(097)-KAOS-DISTRO-FASHION-WAV-EVLOGIA-MOTIF-KOTA-BOGOR-KOTA-HUJAN-PRIA-WANITA-KEREN-STREETWEAR-T-SHIRT-i.1019621118.22957653760?extraParams=%7B%22display_model_id%22%3A98801683013%2C%22model_selection_logic%22%3A2%7D&sp_atk=6bec16b6-9428-4197-a15a-13f817a4fd63&xptdk=6bec16b6-9428-4197-a15a-13f817a4fd63,(097) KAOS DISTRO FASHION WAV EVLOGIA MOTIF KOTA BOGOR  KOTA HUJAN PRIA WANITA KEREN STREETWEAR T-SHIRT,kaos distro fashion wav evlogia motif kota kota hujan pria wanita keren streetwear shirt,Pakaian & Fashion,Atasan & Pakaian Kasual,shopee,Jakarta Barat,Jakarta,BTZRG Fashion,44550.0,6.0,5.0,0.8308601882350204,0.2234395151311685,1.0,12.496130643234865,9.729550745276565,3,1,1,3,False,True,False,False,False,False,True,False,False,0,0,0,1,0,1
https://shopee.co.id/KAOS-BOGOR-TUGU-KUJANG-KAOS-BUITENZORG-KAOS-BOGOR-RAIN-CITY-Tshirt-Kaos-Bogor-Distro-i.1352113627.26760896531?extraParams=%7B%22display_model_id%22%3A241570997892%2C%22model_selection_logic%22%3A2%7D&sp_atk=445c35f9-f37c-4c14-af7e-e180aef90671&xptdk=445c35f9-f37c-4c14-af7e-e180aef90671,KAOS BOGOR TUGU KUJANG - KAOS BUITENZORG - KAOS BOGOR RAIN CITY - Tshirt Kaos Bogor Distro,kaos tugu kujang kaos buitenzorg kaos rain city tshirt kaos distro,Pakaian & Fashion,Atasan & Pakaian Kasual,shopee,Bogor,Bogor,Buitenzorg Apparel,53750.0,37.0,4.8,0.8656157504190609,0.5251624085188585,0.95,14.503017361462417,17.46041356668665,3,1,1,1,False,True,False,False,True,False,False,False,False,1,0,0,1,0,1
https://shopee.co.id/baju-T-shirt-Kaos-Persikabo-kaos-Kabomania-kaos-Bogor-kota-hujan-kaos-laskar-padjajaran-pria-wanita-terlaris-bisa-COD-Crew-neck-fashion-unisex-T-shirt-Menswear-Top-Combed-Distro-Atasan-KerenBulan-ramadhan-i.1479322986.51006676141?extraParams=%7B%22display_model_id%22%3A315600740013%2C%22model_selection_logic%22%3A3%7D&sp_atk=eb69ae5a-34b4-4eb3-8ae0-2a0ae296bb4d&xptdk=eb69ae5a-34b4-4eb3-8ae0-2a0ae296bb4d,baju T-shirt Kaos Persikabo  / kaos Kabomania / kaos Bogor kota hujan / kaos laskar padjajaran pria wanita terlaris bisa COD Crew-neck fashion unisex T-shirt Menswear Top Combed Distro Atasan KerenBulan ramadhan,baju shirt kaos persikabo kaos kabomania kaos kota hujan kaos laskar padjajaran pria wanita terlaris bisa cod crew neck fashion unisex shirt menswear top combed distro atasan kerenbulan ramadhan,Pakaian & Fashion,Atasan & Pakaian Kasual,shopee,Jakarta Barat,Jakarta,Buitenzorg Merch,92200.0,11.0,5.0,0.9655179320674561,0.3195735163826218,1.0,13.829611668341386,12.424533248940001,3,1,1,3,False,True,False,False,False,False,True,False,False,0,0,0,1,0,2
https://shopee.co.id/NGO-HIANG-ASLI-GANG-AUT-khas-Bogor-Candra-Wijaya-(Wie-Coan)-Isi-2pc-Babi-i.45650239.29580128272?extraParams=%7B%22display_model_id%22%3A237540763548%2C%22model_selection_logic%22%3A3%7D&sp_atk=a01bbfa7-742e-460a-8ae2-8b34996cccb8&xptdk=a01bbfa7-742e-460a-8ae2-8b34996cccb8,NGO HIANG ASLI GANG AUT khas Bogor Candra Wijaya (Wie Coan) - Isi 2pc Babi,ngo hiang asli gang aut candra wijaya wie coan isi 2pc babi,Makanan,Makanan Tradisional,shopee,Kab. Tangerang,Tangerang,Bumbu Bogor Store,85900.0,1.0,4.9,0.9524146826136388,0.0,0.9750000000000001,11.360950749348124,3.396421184743732,1,6,1,5,False,True,False,False,False,False,False,False,True,0,1,0,0,0,2
https://shopee.co.id/BUNDLING-3-1000GRAM-(PAKET-3-MACAM)-MANISAN-BASAH-BUAH-ASLI-KHAS-CIANJUR-ANGGUR-BOGOR-MANGGA-SALAK-KEDONDONG-PEPAYA-DONDONG-BANGKOK-BANGKUANG-i.33818016.51108356985?extraParams=%7B%22display_model_id%22%3A355742130140%2C%22model_selection_logic%22%3A3%7D&sp_atk=bfa8d2af-9c24-4f8d-8e42-3d50227dee92&xptdk=bfa8d2af-9c24-4f8d-8e42-3d50227dee92,BUNDLING 3 1000GRAM (PAKET 3 MACAM) MANISAN BASAH BUAH ASLI KHAS CIANJUR ANGGUR BOGOR MANGGA SALAK KEDONDONG PEPAYA DONDONG BANGKOK BANGKUANG,bundling 1000gram paket macam manisan basah buah asli cianjur anggur mangga salak kedondong pepaya dondong bangkok bangkuang,Makanan,Camilan & Snack,shopee,Jakarta Barat,Jakarta,Bundling Manisan Store,47000.0,194.0,4.8,0.8407714277834921,0.8168504501235041,0.95,16.025761149428693,25.310397881105985,1,2,1,3,False,True,False,False,False,False,True,False,False,0,1,0,0,0,1
https://www.tokopedia.com/cahyamuly/rengginang-mentah-khas-bogor-isi-50-1733861125321688355?extParam=ivf%3Dfalse%26keyword%3Doleh-olehkhasbogor%26search_id%3D20260701035234F61D6947467CCD2EDKYW%26src%3Dsearch,Rengginang Mentah khas bogor isi 48,rengginang mentah isi,Makanan,Lauk & Bahan Makanan,tokopedia,Kab. Bogor,Bogor,cahyamulya,35000.0,543.5,4.7,0.786194123540094,1.0,0.925,16.76113309960214,29.60937932915317,1,5,2,1,False,False,True,False,True,False,False,False,False,1,1,0,0,0,1
https://shopee.co.id/si-Cemplon-Kentang-Teri-Promo-Bundling-3-Pcs-Khas-Bogor-i.134129924.4944045542?extraParams=%7B%22display_model_id%22%3A30432075940%2C%22model_selection_logic%22%3A3%7D&sp_atk=d497b7a0-e4eb-47b9-b778-dee860aac61e&xptdk=d497b7a0-e4eb-47b9-b778-dee860aac61e,si Cemplon Kentang Teri Promo Bundling 3 Pcs Khas Bogor,si cemplon kentang teri promo bundling pcs,Makanan,Lauk & Bahan Makanan,shopee,Bogor,Bogor,Cap Bemo Official,89000.0,38.0,5.0,0.9589782269440532,0.5297953280999758,1.0,15.033978104123646,18.317808230648232,1,5,1,1,False,True,False,False,True,False,False,False,False,1,1,0,0,0,2
https://shopee.co.id/Kopi-Gula-Cap-Teko-Spesial-Mix-GULA-Isi-20-Sachet-x-25-Gram-Kopi-Leged-Bogor-Halal-Murah-dan-Enak-i.15492946.3442849149?extraParams=%7B%22display_model_id%22%3A310418904431%2C%22model_selection_logic%22%3A3%7D&sp_atk=f6df88fd-f620-4fab-be82-2ed42fcee790&xptdk=f6df88fd-f620-4fab-be82-2ed42fcee790,Kopi Gula Cap Teko Spesial Mix GULA Isi 20 Sachet x 25 Gram Kopi Leged Bogor Halal Murah dan Enak,kopi gula cap teko spesial mix gula isi sachet gram kopi leged halal murah enak,Minuman,Kopi,shopee,Bogor,Bogor,Cap Oplet Coffee,3000.0,543.5,4.9,0.33141490984070643,1.0,0.9750000000000001,14.304397887520123,30.869352917627776,2,3,1,1,False,True,False,False,True,False,False,False,False,1,0,1,0,0,0
https://shopee.co.id/Kopi-Bubuk-Super-Cap-Naga-Mas-Khas-Bogor-250-Gram-i.205599529.43603636911?extraParams=%7B%22display_model_id%22%3A260304983903%2C%22model_selection_logic%22%3A2%7D&sp_atk=568d9e79-45bb-4bc6-a260-7923316767f0&xptdk=568d9e79-45bb-4bc6-a260-7923316767f0,Kopi Bubuk Super Cap Naga Mas Khas Bogor 250 Gram,kopi bubuk super cap naga mas gram,Minuman,Kopi,shopee,Bogor,Bogor,Cap Piala Bogor,30500.0,30.0,4.5,0.7607159304654414,0.488849033216144,0.875,13.726680437153236,15.452942420183158,2,3,1,1,False,True,False,False,True,False,False,False,False,1,0,1,0,0,1
https://shopee.co.id/Kopi-Oplet-7g-Kopi-Hitam-Cap-Oplet-1s-(Khas-Bogor)-i.103322281.26524551590?extraParams=%7B%22display_model_id%22%3A265145667002%2C%22model_selection_logic%22%3A2%7D&sp_atk=33edcb5f-7698-40f9-a687-2759b9d1f25d&xptdk=33edcb5f-7698-40f9-a687-2759b9d1f25d,Kopi Oplet 7g Kopi Hitam Cap Oplet 1s (Khas Bogor),kopi oplet 7g kopi hitam cap oplet 1s,Minuman,Kopi,shopee,Kab. Bogor,Bogor,Cap Piala Official,111075.75,543.5,4.9,1.0000000000000002,1.0,0.9750000000000001,17.91599740310165,30.869352917627776,2,3,1,1,False,True,False,False,True,False,False,False,False,1,0,1,0,0,2
https://shopee.co.id/Kopi-Cap-Teko-Toko-Agus-Bogor-Ukuran-Besar-500gr-Kopi-Tanpa-Gula-500gr-i.1237711006.26212911533?extraParams=%7B%22display_model_id%22%3A236835599412%2C%22model_selection_logic%22%3A3%7D&sp_atk=faa7d2f7-bdf1-486d-8987-ca98106665ca&xptdk=faa7d2f7-bdf1-486d-8987-ca98106665ca,Kopi Cap Teko Toko Agus Bogor Ukuran Besar 500gr Kopi Tanpa Gula 500gr,kopi cap teko toko agus ukuran besar 500gr kopi tanpa gula 500gr,Minuman,Kopi,shopee,Bogor,Bogor,Cap Teko Besar,111075.75,543.5,5.0,1.0000000000000002,1.0,1.0,17.91599740310165,31.499339711865076,2,3,1,1,False,True,False,False,True,False,False,False,False,1,0,1,0,0,2
https://shopee.co.id/MURAH-!!-Kopi-cap-teko-kopi-khas-bogor-kopi-hitam-kopi-item-Te000aru-Terlaris-i.254608859.6652268614?extraParams=%7B%22display_model_id%22%3A60995014779%2C%22model_selection_logic%22%3A2%7D&sp_atk=70c79fa4-c353-45ee-8a0d-4efe5fa491d9&xptdk=70c79fa4-c353-45ee-8a0d-4efe5fa491d9,MURAH !!  Kopi cap teko - kopi khas bogor - kopi hitam - kopi item Te000aru Terlaris,murah kopi cap teko kopi kopi hitam kopi item te000aru terlaris,Minuman,Kopi,shopee,Depok,Depok,Cap Teko Bogor,43500.0,224.0,4.9,0.8264445174979316,0.8423735410210074,0.9750000000000001,16.092162371559066,26.53889197080166,2,3,1,2,False,True,False,False,False,True,False,False,False,0,0,1,0,0,1
https://shopee.co.id/KOPI-CAP-TEKO-250-GRAM-KOPI-KHAS-BOGOR-i.31327909.16080180267?extraParams=%7B%22display_model_id%22%3A155269248772%2C%22model_selection_logic%22%3A2%7D&sp_atk=66abf2ab-6f2f-4610-ad03-d8f60b433b27&xptdk=66abf2ab-6f2f-4610-ad03-d8f60b433b27,KOPI CAP TEKO 250 GRAM KOPI KHAS BOGOR,kopi cap teko gram kopi,Minuman,Kopi,shopee,Bogor,Bogor,Cap Teko Coffee,42000.0,187.0,4.9,0.8199479258863125,0.810330133295388,0.9750000000000001,15.876533641443741,25.658565617866753,2,3,1,1,False,True,False,False,True,False,False,False,False,1,0,1,0,0,1
https://shopee.co.id/KOPI-CAP-LIONG-BULAN-KOPI-GULA-KOPI-KHAS-BOGOR-KOPI-LEGEND-ORI-i.27283214.24859351545?extraParams=%7B%22display_model_id%22%3A255241201349%2C%22model_selection_logic%22%3A2%7D&sp_atk=a7a2f23b-18ed-440f-91c4-157ac46b69e4&xptdk=a7a2f23b-18ed-440f-91c4-157ac46b69e4,KOPI CAP LIONG BULAN KOPI & GULA KOPI KHAS BOGOR KOPI LEGEND ORI,kopi cap liong bulan kopi gula kopi kopi legend ori,Minuman,Kopi,shopee,Bogor,Bogor,Cap Teko Mix,51000.0,194.0,4.6,0.8558928420727205,0.8168504501235041,0.8999999999999999,16.107439171841143,24.25579796939323,2,3,1,1,False,True,False,False,True,False,False,False,False,1,0,1,0,0,1
https://shopee.co.id/Kopi-Cap-Teko-Premium-Robusta-Isi-250-Gram-Kopi-Legend-Kopi-Khas-kota-Bogor-i.15492946.19258086834?extraParams=%7B%22display_model_id%22%3A119036372323%2C%22model_selection_logic%22%3A3%7D&sp_atk=09b617e6-3eb8-4138-996c-9a644a82b6e4&xptdk=09b617e6-3eb8-4138-996c-9a644a82b6e4,Kopi Cap Teko Premium Robusta Isi 250 Gram Kopi Legend Kopi Khas kota Bogor,kopi cap teko premium robusta isi gram kopi legend kopi kota,Minuman,Kopi,shopee,Bogor,Bogor,Cap Teko Official,78731.0,241.0,4.9,0.9362806683117417,0.8553646149564806,0.9750000000000001,16.75858924393024,26.89579485816777,2,3,1,1,False,True,False,False,True,False,False,False,False,1,0,1,0,0,2
https://shopee.co.id/KOPI-CAP-TEKO-250-GRAM-KOPI-KHAS-BOGOR-i.31327909.16080180267?extraParams=%7B%22display_model_id%22%3A155269248772%2C%22model_selection_logic%22%3A2%7D&sp_atk=276bf628-2051-43ad-bedc-4524ca44365e&xptdk=276bf628-2051-43ad-bedc-4524ca44365e,KOPI CAP TEKO 250 GRAM KOPI KHAS BOGOR,kopi cap teko gram kopi,Minuman,Kopi,shopee,Bogor,Bogor,Cap Teko Original,22338.0,187.0,4.9,0.7030591866135072,0.810330133295388,0.9750000000000001,15.245153399349796,25.658565617866753,2,3,1,1,False,True,False,False,True,False,False,False,False,1,0,1,0,0,0
https://shopee.co.id/Kopi-Cap-Teko-Premium-Arabica-dan-Robusta-250-Gram-Kopi-Legendaris-Khas-Kota-Bogor-i.15492946.6647468316?extraParams=%7B%22display_model_id%22%3A184728309758%2C%22model_selection_logic%22%3A3%7D&sp_atk=ca98de31-a5ee-494e-bc81-b1beaf45fc9f&xptdk=ca98de31-a5ee-494e-bc81-b1beaf45fc9f,Kopi Cap Teko Premium Arabica dan Robusta 250 Gram Kopi Legendaris Khas Kota Bogor,kopi cap teko premium arabica robusta gram kopi legendaris kota,Minuman,Kopi,shopee,Bogor,Bogor,Cap Teko Premium,42800.0,543.5,4.9,0.823441120621168,1.0,0.9750000000000001,16.962323131120087,30.869352917627776,2,3,1,1,False,True,False,False,True,False,False,False,False,1,0,1,0,0,1
https://www.tokopedia.com/casual-desain-profesional/tshirt-mentalita-bogor-kaos-tongkrongan-bogor-unisex-motif-terbaru-2026-bahan-cotton-combed-24s-desain-streetwear-opsi-cod-1734022207537645221?extParam=ivf%3Dfalse%26keyword%3Dbaju+khas+bogor%26search_id%3D2026070104595440008B9A5380FC1AC4ZX%26src%3Dsearch,Tshirt Mentalita Bogor Kaos Tongkrongan Bogor Unisex Motif Terbaru 2026 Bahan Cotton Combed 24S Desain Streetwear Opsi COD,tshirt mentalita kaos tongkrongan unisex motif terbaru bahan cotton combed 24s desain streetwear opsi cod,Pakaian & Fashion,Atasan & Pakaian Kasual,tokopedia,Bogor,Bogor,CASUAL DESAIN PROFESIONAL,50250.0,4.0,5.0,0.8531500580121902,0.1634272100930973,1.0,12.211065162153215,8.047189562170502,3,1,2,1,False,False,True,False,True,False,False,False,False,1,0,0,1,0,1
https://www.tokopedia.com/cemilan-hasna-cianjur/asinan-anggur-bogor-250-gr-1729657785791841922?extParam=ivf%3Dfalse%26keyword%3Doleh-olehkhasbogor%26search_id%3D20260701035234F61D6947467CCD2EDKYW%26src%3Dsearch,Asinan Anggur Bogor 250 gr,asinan anggur gr,Makanan,Camilan & Snack,tokopedia,Tangerang,Tangerang,Cemilan hasna cianjur,19000.0,250.0,4.6,0.6730959730044923,0.8618773725069901,0.8999999999999999,15.373655386537118,25.4170835200062,1,2,2,5,False,False,True,False,False,False,False,False,True,0,1,0,0,0,0
https://shopee.co.id/Lapis-Talas-Bogor-Kabayan-oleh-oleh-bogor-jakarta-nusantara-brownies-kukus-visit-bogor-Pesta-Arisan-meeting-hadiah-i.397545349.5982014711?extraParams=%7B%22display_model_id%22%3A122371632218%2C%22model_selection_logic%22%3A2%7D&sp_atk=9db2e773-c251-4d36-abf7-959af50e8f32&xptdk=9db2e773-c251-4d36-abf7-959af50e8f32,Lapis Talas Bogor Kabayan | oleh-oleh bogor jakarta nusantara brownies kukus visit bogor | Pesta Arisan meeting hadiah,lapis talas kabayan jakarta nusantara brownies kukus visit pesta arisan meeting hadiah,Makanan,Kue & Roti,shopee,Kab. Tangerang,Tangerang,Chiffon Talas Jakarta,47000.0,543.5,4.9,0.8407714277834921,1.0,0.9750000000000001,17.05593262640083,30.869352917627776,1,4,1,5,False,True,False,False,False,False,False,False,True,0,1,0,0,0,1
https://shopee.co.id/Chiffon-Talas-Keju-Lapis-Bogor-Sangkuriang-Oleh-Oleh-Jakarta-i.1526282971.54101036494?extraParams=%7B%22display_model_id%22%3A430093790631%2C%22model_selection_logic%22%3A2%7D&sp_atk=95337ddd-d156-47a8-8106-c3e255916e85&xptdk=95337ddd-d156-47a8-8106-c3e255916e85,Chiffon Talas Keju Lapis Bogor Sangkuriang Oleh-Oleh Jakarta,chiffon talas keju lapis sangkuriang jakarta,Makanan,Kue & Roti,shopee,Jakarta Pusat,Jakarta,Chiffon Talas Store,38000.0,95.0,5.0,0.8014191190140494,0.690457252173915,1.0,15.099218607317335,22.82174095733918,1,4,1,3,False,True,False,False,False,False,True,False,False,0,1,0,0,0,1
https://shopee.co.id/Kanung-Bogor-Asyidah-(Dodol-Arab)-i.15357295.547663407?extraParams=%7B%22display_model_id%22%3A138843171079%2C%22model_selection_logic%22%3A2%7D&sp_atk=9bee2a88-4459-4b10-b54c-1da1d56115f1&xptdk=9bee2a88-4459-4b10-b54c-1da1d56115f1,Kanung Bogor Asyidah (Dodol Arab),kanung asyidah dodol arab,Makanan,Camilan & Snack,shopee,Bogor,Bogor,Chitato Official,38000.0,350.0,4.8,0.8014191190140494,0.9216865370043573,0.95,16.40327466837995,28.131773872636153,1,2,1,1,False,True,False,False,True,False,False,False,False,1,1,0,0,0,1
https://shopee.co.id/Triple-Pack-D-(Reguler-Original-Brownies-Full-Talas)-Oleh-oleh-Khas-Bogor-i.237534970.25958036756?extraParams=%7B%22display_model_id%22%3A245208389857%2C%22model_selection_logic%22%3A3%7D&sp_atk=ac273f84-c8ef-443f-955e-9cce03d416cd&xptdk=ac273f84-c8ef-443f-955e-9cce03d416cd,Triple Pack D (Reguler - Original  Brownies  Full Talas) - Oleh-oleh Khas Bogor,triple pack reguler original brownies full talas,Makanan,Kue & Roti,shopee,Bogor,Bogor,Chocomory Official,110000.0,543.5,4.8,0.9981982448693605,1.0,0.95,17.90626536806242,30.23936612339047,1,4,1,1,False,True,False,False,True,False,False,False,False,1,1,0,0,0,2
https://shopee.co.id/Bogor-Raincake-Roti-Artisan-Soft-Bagel-Blueberry-Walnut-i.172394964.29153852067?extraParams=%7B%22display_model_id%22%3A197841826514%2C%22model_selection_logic%22%3A2%7D&sp_atk=ab37b30a-b4a3-46c8-b1c7-49b81eeb7d06&xptdk=ab37b30a-b4a3-46c8-b1c7-49b81eeb7d06,Bogor Raincake - Roti Artisan Soft Bagel - Blueberry Walnut,raincake roti artisan soft bagel blueberry walnut,Makanan,Kue & Roti,shopee,Bogor,Bogor,Chocovilla Oreo Store,36600.0,403.0,4.9,0.7944696027453026,0.9467686947342547,0.9750000000000001,16.506740149133666,29.40693290200964,1,4,1,1,False,True,False,False,True,False,False,False,False,1,1,0,0,0,1
https://shopee.co.id/BACA-DESKRIPSI!!!!!-Chocovilla-Oreo-Sangkuriang-Lapis-Talas-Bogor-Sangkuriang-Lapis-Talas-Sangkuriang-i.1526282971.27634767799?extraParams=%7B%22display_model_id%22%3A188465758394%2C%22model_selection_logic%22%3A2%7D&sp_atk=5a1c1b62-73bf-4332-8e49-8abf31cf250c&xptdk=5a1c1b62-73bf-4332-8e49-8abf31cf250c,BACA DESKRIPSI!!!!! Chocovilla Oreo Sangkuriang | Lapis Talas Bogor Sangkuriang | Lapis Talas Sangkuriang,baca deskripsi chocovilla oreo sangkuriang lapis talas sangkuriang lapis talas sangkuriang,Makanan,Kue & Roti,shopee,Jakarta Pusat,Jakarta,Chocovilla Sangkuriang,47000.0,133.0,5.0,0.8407714277834921,0.7499379402000531,1.0,15.648252168888341,24.489198999754556,1,4,1,3,False,True,False,False,False,False,True,False,False,0,1,0,0,0,1
https://shopee.co.id/Cielo-Sirup-Buah-Pala-Isi-630-ml-atau-850-ml-Dengan-Gula-Asli-Oleh-Oleh-Kota-Bogor-(Packing-DUS)-i.205599529.28602937970?extraParams=%7B%22display_model_id%22%3A257446767611%2C%22model_selection_logic%22%3A2%7D&sp_atk=cd3ede30-25e7-4706-b1f9-0533b1b2380c&xptdk=cd3ede30-25e7-4706-b1f9-0533b1b2380c,Cielo Sirup Buah Pala Isi 630 ml atau 850 ml Dengan Gula Asli Oleh Oleh Kota Bogor (Packing DUS),cielo sirup buah pala isi ml ml gula asli kota packing dus,Minuman,Minuman Tradisional,shopee,Bogor,Bogor,Cielo Bogor,9000.0,121.0,4.9,0.5347688732837879,0.7332046732507436,0.9750000000000001,13.900771320188321,23.53970311919296,2,7,1,1,False,True,False,False,True,False,False,False,False,1,0,1,0,0,0
https://shopee.co.id/Sirup-Sirop-Buah-Lemon-Asli-Murni-Buah-Oleh-Oleh-Khas-Bogor-Cielo-630ml-Kemasan-Plastik-Botol-Sirup-Buah-Lemon-Segar-i.608878015.20096423228?extraParams=%7B%22display_model_id%22%3A232638904720%2C%22model_selection_logic%22%3A2%7D&sp_atk=6ded0402-a229-46b3-b2f3-8fb721f954f7&xptdk=6ded0402-a229-46b3-b2f3-8fb721f954f7,Sirup Sirop Buah Lemon Asli Murni Buah Oleh Oleh Khas Bogor Cielo 630ml Kemasan Plastik Botol Sirup Buah Lemon Segar,sirup sirop buah lemon asli murni buah cielo 630ml kemasan plastik botol sirup buah lemon segar,Minuman,Minuman Tradisional,shopee,Bogor,Bogor,Cielo Lemon,33100.0,121.0,5.0,0.7758609797095737,0.7332046732507436,1.0,15.20307935664352,24.020105223666285,2,7,1,1,False,True,False,False,True,False,False,False,False,1,0,1,0,0,1
https://shopee.co.id/Cielo-Sirup-Buah-Pala-Dengan-Gula-Asli-Oleh-Oleh-Kota-Bogor-(Packing-DUS)-i.15492946.22088213569?extraParams=%7B%22display_model_id%22%3A326126742839%2C%22model_selection_logic%22%3A2%7D&sp_atk=c37e25e8-5758-4144-b99a-aa2fe9292679&xptdk=c37e25e8-5758-4144-b99a-aa2fe9292679,Cielo Sirup Buah Pala Dengan Gula Asli Oleh Oleh Kota Bogor (Packing DUS),cielo sirup buah pala gula asli kota packing dus,Minuman,Minuman Tradisional,shopee,Bogor,Bogor,Cielo Official,21170.0,543.5,4.9,0.6931169491049807,1.0,0.9750000000000001,16.25837015760214,30.869352917627776,2,7,1,1,False,True,False,False,True,False,False,False,False,1,0,1,0,0,0
https://shopee.co.id/Sirup-Syrup-Sirop-Buah-Pala-Asli-Cielo-Bogor-630-Ml-Pabrik-Sirup-Pala-Bogor-Sari-Buah-Pala-Oleh-Oleh-Khas-Bogor-i.608878015.19165298763?extraParams=%7B%22display_model_id%22%3A183353387319%2C%22model_selection_logic%22%3A2%7D&sp_atk=18530d79-66ea-4b13-9e8d-d12abf59bf9a&xptdk=18530d79-66ea-4b13-9e8d-d12abf59bf9a,Sirup Syrup Sirop Buah Pala Asli Cielo Bogor 630 Ml | Pabrik Sirup Pala Bogor | Sari Buah Pala | Oleh Oleh Khas Bogor,sirup syrup sirop buah pala asli cielo ml pabrik sirup pala sari buah pala,Minuman,Minuman Tradisional,shopee,Bogor,Bogor,Cielo Sirup,5500.0,42.0,4.9,0.4436057544175329,0.5472098692750819,0.9750000000000001,12.35017731849889,18.429880566898458,2,7,1,1,False,True,False,False,True,False,False,False,False,1,0,1,0,0,0
https://shopee.co.id/BATIK-TRADISIKU-Kain-Batik-Bogor-Cisadane-i.31828090.7918100662?extraParams=%7B%22display_model_id%22%3A50152161445%2C%22model_selection_logic%22%3A3%7D&sp_atk=5bba327f-ee03-4bc3-b515-54fc838a56ed&xptdk=5bba327f-ee03-4bc3-b515-54fc838a56ed,BATIK TRADISIKU Kain Batik Bogor Cisadane,batik tradisiku kain batik cisadane,Pakaian & Fashion,Pakaian Tradisional,shopee,Bogor,Bogor,Cisadane Batik,111075.75,5.0,5.0,1.0000000000000002,0.19594560445219078,1.0,13.227407392981288,8.958797346140274,3,8,1,1,False,True,False,False,True,False,False,False,False,1,0,0,1,0,2
https://shopee.co.id/Pia-bogor-lestari-dan-curly-nastar-i.54787280.891398470?extraParams=%7B%22display_model_id%22%3A410987287734%2C%22model_selection_logic%22%3A2%7D&sp_atk=3ba3a1f2-ce7c-4d5c-9b07-cece90892fb3&xptdk=3ba3a1f2-ce7c-4d5c-9b07-cece90892fb3,Pia bogor lestari dan curly nastar,pia lestari curly nastar,Makanan,Camilan & Snack,shopee,Bekasi,Bekasi,Cocopandan Official,59500.0,389.0,4.9,0.8844315021083091,0.9404783620539351,0.9750000000000001,16.95731097835711,29.234119021706093,1,2,1,0,False,True,False,True,False,False,False,False,False,0,1,0,0,0,1
https://shopee.co.id/Lapis-Bogor-Sangkuriang-Cocopandan-Reguler-Pack-(500gr)-Oleh-oleh-Khas-Bogor-i.237534970.5627746467?extraParams=%7B%22display_model_id%22%3A50858205793%2C%22model_selection_logic%22%3A3%7D&sp_atk=b1d69287-1daf-416c-b48f-a1c1f0c4cd8a&xptdk=b1d69287-1daf-416c-b48f-a1c1f0c4cd8a,Lapis Bogor Sangkuriang Cocopandan - Reguler Pack (500gr) - Oleh-oleh Khas Bogor,lapis sangkuriang cocopandan reguler pack 500gr,Makanan,Kue & Roti,shopee,Bogor,Bogor,Cocopandan Sangkuriang,53000.0,543.5,4.7,0.8630142828888043,1.0,0.925,17.176076933811114,29.60937932915317,1,4,1,1,False,True,False,False,True,False,False,False,False,1,1,0,0,0,1
https://shopee.co.id/Promo-Akhir-Tahun-Kopi-Oplet-Mini-Classic-(Tanpa-Gula)-Kopi-Khas-Bogor!-Kode-278-i.172869431.5012166445?extraParams=%7B%22display_model_id%22%3A72789289845%2C%22model_selection_logic%22%3A2%7D&sp_atk=9b0a9dbb-cc55-47ae-b2b1-a5089055574e&xptdk=9b0a9dbb-cc55-47ae-b2b1-a5089055574e,"Promo Akhir Tahun Kopi Oplet Mini Classic (Tanpa Gula), Kopi Khas Bogor! Kode 278",promo akhir tahun kopi oplet mini classic tanpa gula kopi kode,Minuman,Kopi,shopee,Jakarta Selatan,Jakarta,Coffee Beer Bogor,100000.0,224.0,4.9,0.980552858521546,0.8423735410210074,0.9750000000000001,16.924571561468124,26.53889197080166,2,3,1,3,False,True,False,False,False,False,True,False,False,0,0,1,0,0,2
https://www.tokopedia.com/coffeebeercoid/kopi-liong-plus-gula-20-sachet-khas-bogor-28-gram-x-20-pcs-halal-te000aik-1729838580799538374?extParam=ivf%3Dfalse%26keyword%3Doleh-olehkhasbogor%26search_id%3D20260701035234F61D6947467CCD2EDKYW%26src%3Dsearch,Kopi Liong Plus Gula 20 Sachet Khas Bogor 28 Gram x 20 pcs Halal Te000aik,kopi liong plus gula sachet gram pcs halal te000aik,Minuman,Kopi,tokopedia,Bogor,Bogor,COFFEE CO ID,42500.0,543.5,5.0,0.8221388841556172,1.0,1.0,16.95528910476616,31.499339711865076,2,3,2,1,False,False,True,False,True,False,False,False,False,1,0,1,0,0,1
https://www.tokopedia.com/coffeebeercoid/kopi-liong-bulan-khas-bogor-tanpa-gula-1-bal-dus-kardus-isi-40-buah?extParam=ivf%3Dfalse%26keyword%3Doleh-olehkhasbogor%26search_id%3D20260701035234F61D6947467CCD2EDKYW%26src%3Dsearch,Kopi Liong Bulan Khas Bogor Tanpa Gula 1 Bal/Dus/Kardus Isi 40 Buah,kopi liong bulan tanpa gula bal dus kardus isi buah,Minuman,Kopi,tokopedia,Bogor,Bogor,COFFEE CO ID,111075.75,6.0,5.0,1.0000000000000002,0.2234395151311685,1.0,13.409728649680233,9.729550745276565,2,3,2,1,False,False,True,False,True,False,False,False,False,1,0,1,0,0,2
https://www.tokopedia.com/coffeebeercoid/coffee-beer-agung-ngoro-jombang-bogor-1-dus?extParam=ivf%3Dfalse%26keyword%3Dminumankhasbogor%26search_id%3D202607010437141543843A4723ED1DFNTT%26src%3Dsearch,Coffee Beer Agung Ngoro Jombang Bogor 1 Dus,coffee beer agung ngoro jombang dus,Minuman,Minuman Tradisional,tokopedia,Bogor,Bogor,COFFEE CO ID,111075.75,100.0,5.0,1.0000000000000002,0.6995128708733925,1.0,16.223137955992517,23.075602584206298,2,7,2,1,False,False,True,False,True,False,False,False,False,1,0,1,0,0,2
https://www.tokopedia.com/coffeebeercoid/coffee-beer-agung-ngoro-bogor-1-botol-sameday-instant?extParam=ivf%3Dfalse%26keyword%3Doleh-olehkhasbogor%26search_id%3D20260701035234F61D6947467CCD2EDKYW%26src%3Dsearch,Coffee Beer Agung Ngoro Bogor 1 Botol,coffee beer agung ngoro botol,Minuman,Minuman Tradisional,tokopedia,Bogor,Bogor,COFFEE CO ID,14000.0,543.5,4.9,0.6165616454472782,1.0,0.9750000000000001,15.844842446581966,30.869352917627776,2,7,2,1,False,False,True,False,True,False,False,False,False,1,0,1,0,0,0
https://www.tokopedia.com/coffeebeercoid/coffee-beer-agung-ngoro-bogor-1-botol-sameday-instant?extParam=ivf%3Dfalse%26keyword%3Dminumankhasbogor%26search_id%3D202607010437141543843A4723ED1DFNTT%26src%3Dsearch,Coffee Beer Agung Ngoro Bogor 1 Botol,coffee beer agung ngoro botol,Minuman,Minuman Tradisional,tokopedia,Bogor,Bogor,COFFEE CO ID,14000.0,543.5,4.9,0.6165616454472782,1.0,0.9750000000000001,15.844842446581966,30.869352917627776,2,7,2,1,False,False,True,False,True,False,False,False,False,1,0,1,0,0,0
https://www.tokopedia.com/coffeebeercoid/sarsaparilla-agung-ngoro-bogor-1-dus?extParam=ivf%3Dfalse%26keyword%3Dminumankhasbogor%26search_id%3D202607010437141543843A4723ED1DFNTT%26src%3Dsearch,Sarsaparilla Agung Ngoro Bogor 1 Dus,sarsaparilla agung ngoro dus,Minuman,Minuman Tradisional,tokopedia,Bogor,Bogor,COFFEE CO ID,111075.75,30.0,5.0,1.0000000000000002,0.488849033216144,1.0,15.019165361733393,17.16993602242573,2,7,2,1,False,False,True,False,True,False,False,False,False,1,0,1,0,0,2
https://www.tokopedia.com/cream-tu000o-store/kopi-cap-teko-bogor-250-gram-1730744057953223893?extParam=ivf%3Dfalse%26keyword%3Dminumankhasbogor%26search_id%3D202607010437141543843A4723ED1DFNTT%26src%3Dsearch,Kopi Cap Teko Toko Agus Bogor 250 Gram - Robusta Coffee,kopi cap teko toko agus gram robusta coffee,Minuman,Kopi,tokopedia,Bogor,Bogor,Cream Tu000o Store,50000.0,543.5,5.0,0.8522266920007155,1.0,1.0,17.117808027770074,31.499339711865076,2,3,2,1,False,False,True,False,True,False,False,False,False,1,0,1,0,0,1
https://www.tokopedia.com/ctrgro/snack-bucket-bogor-snack-bouqet-bogor-hadiah-valentine?extParam=ivf%3Dfalse%26keyword%3Doleh-olehkhasbogor%26search_id%3D20260701035234F61D6947467CCD2EDKYW%26src%3Dsearch,Snack bucket bogor / snack bouqet bogor / hadiah valentine,snack bucket snack bouqet hadiah valentine,Makanan,Camilan & Snack,tokopedia,Bogor,Bogor,CTR GROSIR,111075.75,25.0,5.0,1.0000000000000002,0.457477635578216,1.0,14.836843864958519,16.29048269010741,1,2,2,1,False,False,True,False,True,False,False,False,False,1,1,0,0,0,2
https://shopee.co.id/Kaos-Dewasa-Unisex-Edisi-Kemerdekaan-Bahan-Katun-Combed-30s-Printing-DTF-Indokids-Bogor-i.964514115.20588541561?extraParams=%7B%22display_model_id%22%3A157111654763%2C%22model_selection_logic%22%3A2%7D&sp_atk=1d2c3591-74a5-40f0-8b4b-d1414236649d&xptdk=1d2c3591-74a5-40f0-8b4b-d1414236649d,Kaos Dewasa Unisex Edisi Kemerdekaan Bahan Katun Combed 30s Printing DTF Indokids Bogor,kaos dewasa unisex edisi kemerdekaan bahan katun combed 30s printing dtf indokids,Pakaian & Fashion,Atasan & Pakaian Kasual,shopee,Bogor,Bogor,Culture Street Bogor,50000.0,1.0,5.0,0.8522266920007155,0.0,1.0,10.819798284210286,3.4657359027997265,3,1,1,1,False,True,False,False,True,False,False,False,False,1,0,0,1,0,1
https://shopee.co.id/Kripik-Pisang-Coklat-Lumer-Rasa-Dark-Chocolate-Bogor-Termurah-i.1011341824.24815882304?extraParams=%7B%22display_model_id%22%3A395390298240%2C%22model_selection_logic%22%3A3%7D&sp_atk=13b486d0-209f-49eb-bdb1-a7d5da4a3303&xptdk=13b486d0-209f-49eb-bdb1-a7d5da4a3303,Kripik Pisang Coklat Lumer Rasa Dark Chocolate Bogor Termurah,kripik pisang coklat lumer rasa dark chocolate termurah,Makanan,Kue & Roti,shopee,Bogor,Bogor,Dapur Pisang Bogor,15749.0,543.5,4.8,0.6383545603852621,1.0,0.95,15.962561973563979,30.23936612339047,1,4,1,1,False,True,False,False,True,False,False,False,False,1,1,0,0,0,0
https://shopee.co.id/BATIK-TRADISIKU-Dasi-Batik-Bogor-i.31828090.8004216292?extraParams=%7B%22display_model_id%22%3A32533053263%2C%22model_selection_logic%22%3A3%7D&sp_atk=d6f8667d-2c85-4adf-93ae-60854f22a487&xptdk=d6f8667d-2c85-4adf-93ae-60854f22a487,BATIK TRADISIKU Dasi Batik Bogor,batik tradisiku dasi batik,Pakaian & Fashion,Pakaian Tradisional,shopee,Bogor,Bogor,Dasi Batik Bogor,111075.75,1.0,5.0,1.0000000000000002,0.0,1.0,11.617976682800412,3.4657359027997265,3,8,1,1,False,True,False,False,True,False,False,False,False,1,0,0,1,0,2
https://shopee.co.id/BATIK-TRADISIKU-Kain-Batik-Bogor-Daun-Pisang-i.31828090.25870156549?extraParams=%7B%22display_model_id%22%3A255516781722%2C%22model_selection_logic%22%3A3%7D&sp_atk=8bc3e80b-122a-48dd-98ee-7ee36e839805&xptdk=8bc3e80b-122a-48dd-98ee-7ee36e839805,BATIK TRADISIKU Kain Batik Bogor Daun Pisang,batik tradisiku kain batik daun pisang,Pakaian & Fashion,Pakaian Tradisional,shopee,Bogor,Bogor,Daun Pisang Batik,111075.75,9.0,5.0,1.0000000000000002,0.28705512202352834,1.0,13.815193257629847,11.51292546497023,3,8,1,1,False,True,False,False,True,False,False,False,False,1,0,0,1,0,2
https://shopee.co.id/BATIK-TRADISIKU-Kain-Batik-Bogor-Daun-Talas-Kecil-i.31828090.24970967772?extraParams=%7B%22display_model_id%22%3A184993414069%2C%22model_selection_logic%22%3A3%7D&sp_atk=97e1539c-2f11-4b1d-89fd-94aefea6585a&xptdk=97e1539c-2f11-4b1d-89fd-94aefea6585a,BATIK TRADISIKU Kain Batik Bogor Daun Talas Kecil,batik tradisiku kain batik daun talas kecil,Pakaian & Fashion,Pakaian Tradisional,shopee,Bogor,Bogor,Daun Talas Batik,111075.75,6.0,5.0,1.0000000000000002,0.2234395151311685,1.0,13.409728649680233,9.729550745276565,3,8,1,1,False,True,False,False,True,False,False,False,False,1,0,0,1,0,2
https://shopee.co.id/BATIK-TRADISIKU-Kain-Batik-Bogor-Daun-Teh-i.31828090.24670970837?extraParams=%7B%22display_model_id%22%3A240540884291%2C%22model_selection_logic%22%3A3%7D&sp_atk=0c9b3216-f783-44d4-b698-d2496200807a&xptdk=0c9b3216-f783-44d4-b698-d2496200807a,BATIK TRADISIKU Kain Batik Bogor Daun Teh,batik tradisiku kain batik daun teh,Pakaian & Fashion,Pakaian Tradisional,shopee,Bogor,Bogor,Daun Teh Batik,111075.75,5.0,5.0,1.0000000000000002,0.19594560445219078,1.0,13.227407392981288,8.958797346140274,3,8,1,1,False,True,False,False,True,False,False,False,False,1,0,0,1,0,2
https://shopee.co.id/All-Chocomory-Pie-Chocobag-Krispii-Kue-Kering-Pia-Khas-Puncak-Bogor-i.23498454.22608062763?extraParams=%7B%22display_model_id%22%3A138667524964%2C%22model_selection_logic%22%3A3%7D&sp_atk=1a004ae8-f5e9-4e1f-8edf-5380caeb8b1c&xptdk=1a004ae8-f5e9-4e1f-8edf-5380caeb8b1c,All Chocomory Pie / Chocobag / Krispii Kue Kering Pia Khas Puncak Bogor,all chocomory pie chocobag krispii kue kering pia puncak,Makanan,Kue & Roti,shopee,Jakarta Pusat,Jakarta,De Paris Bakery,45600.0,308.0,4.9,0.8351729909575913,0.8989557908191476,0.9750000000000001,16.45776284967678,28.093372256798958,1,4,1,3,False,True,False,False,False,False,True,False,False,0,1,0,0,0,1
https://shopee.co.id/Kecap-Manis-Cap-Zebra-550ml-Khas-Bogor-i.149309884.54660205923?extraParams=%7B%22display_model_id%22%3A390896577047%2C%22model_selection_logic%22%3A2%7D&sp_atk=1cb8bd21-df64-4735-995b-18260e7e67c2&xptdk=1cb8bd21-df64-4735-995b-18260e7e67c2,Kecap Manis Cap Zebra 550ml Khas Bogor,kecap manis cap zebra 550ml,Makanan,Lauk & Bahan Makanan,shopee,Bogor,Bogor,De Paris Cake,55250.0,97.0,4.9,0.8707115252560775,0.6941348541231992,0.9750000000000001,15.494334784476639,22.466340645485808,1,5,1,1,False,True,False,False,True,False,False,False,False,1,1,0,0,0,1
https://www.tokopedia.com/denara-food/denara-food-keripik-talas-bogor-oleh-oleh-khas-bogor-1731631589715183120?extParam=ivf%3Dfalse%26keyword%3Doleh-olehkhasbogor%26search_id%3D20260701035234F61D6947467CCD2EDKYW%26src%3Dsearch,Denara food-Keripik Talas Bogor (oleh oleh khas Bogor),denara food keripik talas,Makanan,Kue & Roti,tokopedia,Kab. Bogor,Bogor,Denara Food,18000.0,1.0,4.9,0.6630866065605672,0.0,0.9750000000000001,9.798182590890704,3.396421184743732,1,4,2,1,False,False,True,False,True,False,False,False,False,1,1,0,0,0,0
https://shopee.co.id/Kaos-Souvenir-Oleh-oleh-Kota-Bogor-Destinasi-Wisata-Kota-kota-Populer-Indonesia-Unisex-Kaos-Cowo-Cewe-Bahan-Tebal-Combed-20s-i.90366229.27433474318?extraParams=%7B%22display_model_id%22%3A167115354796%2C%22model_selection_logic%22%3A3%7D&sp_atk=eb34278b-221e-4bd2-b55c-8be5c13e6bf5&xptdk=eb34278b-221e-4bd2-b55c-8be5c13e6bf5,Kaos Souvenir Oleh-oleh Kota Bogor Destinasi Wisata Kota-kota Populer Indonesia - Unisex Kaos Cowo Cewe Bahan Tebal Combed 20s,kaos souvenir kota destinasi wisata kota kota populer indonesia unisex kaos cowo cewe bahan tebal combed 20s,Pakaian & Fashion,Atasan & Pakaian Kasual,shopee,Tangerang Selatan,Tangerang,Destinasi Bogor Shop,73000.0,10.0,4.8,0.9222885640258636,0.3040543955478092,0.95,13.500801182986649,11.509897309432178,3,1,1,5,False,True,False,False,False,False,False,False,True,0,0,0,1,0,1
https://www.tokopedia.com/doa-restu-snacks/rangginang-oleh-oleh-khas-bogor-isi-30-keping-dores-snacks-cemilan-kering-1730071427263399866?extParam=ivf%3Dfalse%26keyword%3Doleh-olehkhasbogor%26search_id%3D20260701035234F61D6947467CCD2EDKYW%26src%3Dsearch,Rangginang Oleh-oleh Khas Bogor Isi 30 Keping - DORES Snacks Cemilan Kering,rangginang isi keping dores snacks cemilan kering,Makanan,Camilan & Snack,tokopedia,Kab. Bogor,Bogor,Doa Restu Snacks,30000.0,543.5,4.8,0.7576558265027287,1.0,0.95,16.606982428536433,30.23936612339047,1,2,2,1,False,False,True,False,True,False,False,False,False,1,1,0,0,0,0
https://www.tokopedia.com/doa-restu-snacks/mini-rangginang-oleh-oleh-khas-bogor-300-gram-isi-40-keping-dores-snacks-cemilan-kering-1732416883313182650?extParam=ivf%3Dfalse%26keyword%3Doleh-olehkhasbogor%26search_id%3D20260701035234F61D6947467CCD2EDKYW%26src%3Dsearch,Mini Rangginang Oleh-oleh Khas Bogor 300 gram Isi 40 Keping - DORES Snacks Cemilan Kering,mini rangginang gram isi keping dores snacks cemilan kering,Makanan,Camilan & Snack,tokopedia,Kab. Bogor,Bogor,Doa Restu Snacks,17000.0,543.5,4.8,0.6525050059856217,1.0,0.95,16.038998437830575,30.23936612339047,1,2,2,1,False,False,True,False,True,False,False,False,False,1,1,0,0,0,0
https://shopee.co.id/Donut-Kukus-Bubblegum-Isi-8-pcs-Oleh-oleh-Khas-Bogor-i.237534970.25327251192?extraParams=%7B%22display_model_id%22%3A176447087289%2C%22model_selection_logic%22%3A2%7D&sp_atk=c44bd8e9-8bef-4356-b999-8452a87e1b2d&xptdk=c44bd8e9-8bef-4356-b999-8452a87e1b2d,Donut Kukus Bubblegum - Isi 8 pcs - Oleh-oleh Khas Bogor,donut kukus bubblegum isi pcs,Makanan,Kue & Roti,shopee,Bogor,Bogor,Donut Kukus Bogor,48000.0,543.5,4.9,0.8446691358978033,1.0,0.9750000000000001,17.07698603478309,30.869352917627776,1,4,1,1,False,True,False,False,True,False,False,False,False,1,1,0,0,0,1
https://shopee.co.id/Paket-Hemat-3-box-Mini-pack-Lapis-Bogor-Sangkuriang-FREE-SPOUNBOUN-SANGKURIANG-i.433543929.29204086051?extraParams=%7B%22display_model_id%22%3A256108816351%2C%22model_selection_logic%22%3A3%7D&sp_atk=31072159-32a8-44b1-9eb9-271c288ac2d7&xptdk=31072159-32a8-44b1-9eb9-271c288ac2d7,Paket Hemat 3 box Mini pack Lapis Bogor Sangkuriang  FREE SPOUNBOUN SANGKURIANG,paket hemat box mini pack lapis sangkuriang free spounboun sangkuriang,Makanan,Kue & Roti,shopee,Jakarta Timur,Jakarta,Donut Sangkuriang,15749.0,241.0,5.0,0.6383545603852621,0.8553646149564806,1.0,15.149329347134476,27.444688630783432,1,4,1,3,False,True,False,False,False,False,True,False,False,0,1,0,0,0,0
https://shopee.co.id/Rangginang-Oleh-oleh-Khas-Bogor-Isi-30-Keping-DORES-Snacks-Cemilan-Kering-Original-Terasi-i.1715540085.47556015297?extraParams=%7B%22display_model_id%22%3A370543924153%2C%22model_selection_logic%22%3A3%7D&sp_atk=ea991af3-7c76-477f-9ae3-4f5e24b729fa&xptdk=ea991af3-7c76-477f-9ae3-4f5e24b729fa,Rangginang Oleh-oleh Khas Bogor Isi 30 Keping - DORES Snacks Cemilan Kering - Original Terasi,rangginang isi keping dores snacks cemilan kering original terasi,Makanan,Camilan & Snack,shopee,Jakarta Selatan,Jakarta,DORES Snack,89000.0,194.0,4.8,0.9589782269440532,0.8168504501235041,0.95,16.6642498656949,25.310397881105985,1,2,1,3,False,True,False,False,False,False,True,False,False,0,1,0,0,0,2
https://shopee.co.id/Roti-Gambang-Sari-Aren-Khas-Bogor-Gula-Aren-kue-Gambang-isi-12-pcs-1-toples-asli-betawi-i.8626141.51650998010?extraParams=%7B%22display_model_id%22%3A350090459261%2C%22model_selection_logic%22%3A2%7D&sp_atk=2ac6d6e1-73b5-4d7f-9453-3e86823a3016&xptdk=2ac6d6e1-73b5-4d7f-9453-3e86823a3016,Roti Gambang Sari Aren Khas Bogor Gula Aren / kue Gambang isi 12 pcs 1 toples asli betawi,roti gambang sari aren gula aren kue gambang isi pcs toples asli betawi,Makanan,Kue & Roti,shopee,Tangerang Selatan,Tangerang,Double Pack Bogor,45600.0,185.0,4.8,0.8351729909575913,0.8084225495987659,0.95,15.948018939120388,25.083584033823367,1,4,1,5,False,True,False,False,False,False,False,False,True,0,1,0,0,0,1
https://shopee.co.id/RENGGINANG-MENTAH-BERAS-KETAN-ASLI-KHAS-BOGOR-ISI-30-KEPING-RENGGINANG-MINI-ISI-30-60-i.7950170.8712406974?extraParams=%7B%22display_model_id%22%3A335407931754%2C%22model_selection_logic%22%3A2%7D&sp_atk=f701546d-48df-467f-90e5-78a2cecb7a53&xptdk=f701546d-48df-467f-90e5-78a2cecb7a53,RENGGINANG MENTAH BERAS KETAN ASLI KHAS BOGOR ISI 30 KEPING RENGGINANG MINI ISI 30&60,rengginang mentah beras ketan asli isi keping rengginang mini isi,Makanan,Lauk & Bahan Makanan,shopee,Depok,Depok,Double Pack Sangkuriang,27159.0,543.5,4.8,0.7392372769430626,1.0,0.95,16.507493536451282,30.23936612339047,1,5,1,2,False,True,False,False,False,True,False,False,False,0,1,0,0,0,0
https://shopee.co.id/STIK-TALAS-250GR-Keripik-talas-bogor-stik-original-i.282093117.7245450104?extraParams=%7B%22display_model_id%22%3A21478097298%2C%22model_selection_logic%22%3A2%7D&sp_atk=18ae01e7-7670-4a23-897f-ad166871f1ae&xptdk=18ae01e7-7670-4a23-897f-ad166871f1ae,STIK TALAS 250GR/ Keripik talas bogor stik original,stik talas 250gr keripik talas stik original,Makanan,Kue & Roti,shopee,Jakarta Barat,Jakarta,Double Pack Talas,18990.0,543.5,4.9,0.672998511328734,1.0,0.9750000000000001,16.14969760725682,30.869352917627776,1,4,1,3,False,True,False,False,False,False,True,False,False,0,1,0,0,0,0
https://www.tokopedia.com/duobocilsnack/teng-teng-jipang-aneka-rasa-isi-38-pcs-random-acak?extParam=ivf%3Dfalse%26keyword%3Doleh-olehkhasbogor%26search_id%3D20260701035234F61D6947467CCD2EDKYW%26src%3Dsearch,Teng Teng Jipang Aneka Rasa (isi 38 Pcs) - Duo Bocil Snack,teng teng jipang aneka rasa isi pcs duo bocil snack,Makanan,Camilan & Snack,tokopedia,Depok,Depok,DUO BOCIL SNACK,21000.0,543.5,4.5,0.6916243159061397,1.0,0.875,16.250307510882365,28.349405740678566,1,2,2,2,False,False,True,False,False,True,False,False,False,0,1,0,0,0,0
https://www.tokopedia.com/duobocilsnack/opak-singkong-isi-40-pcs-500g-original-dan-pedas-asli-bogor-duo-bocil-snack-1729632286772463842?extParam=ivf%3Dfalse%26keyword%3Doleh-olehkhasbogor%26search_id%3D20260701035234F61D6947467CCD2EDKYW%26src%3Dsearch,Opak Singkong (isi 40 pcs) 500g Original dan Pedas Asli Bogor - Duo Bocil Snack,opak singkong isi pcs 500g original pedas asli duo bocil snack,Makanan,Camilan & Snack,tokopedia,Depok,Depok,DUO BOCIL SNACK,17000.0,543.5,4.9,0.6525050059856217,1.0,0.9750000000000001,16.038998437830575,30.869352917627776,1,2,2,2,False,False,True,False,False,True,False,False,False,0,1,0,0,0,0
https://www.tokopedia.com/duobocilsnack/rengginang-isi-30-pcs-terasi-bawang-ketan-item-asli-bogor-merah-terasi?extParam=ivf%3Dfalse%26keyword%3Doleh-olehkhasbogor%26search_id%3D20260701035234F61D6947467CCD2EDKYW%26src%3Dsearch,"Rengginang (isi 30 pcs) Terasi, Bawang, Ketan Item Asli Bogor",rengginang isi pcs terasi bawang ketan item asli,Makanan,Lauk & Bahan Makanan,tokopedia,Depok,Depok,DUO BOCIL SNACK,28000.0,543.5,4.8,0.7448830515980944,1.0,0.95,16.537989561430262,30.23936612339047,1,5,2,2,False,False,True,False,False,True,False,False,False,0,1,0,0,0,0
https://shopee.co.id/ASINAN-SEDAP-GEDUNG-DALAM-BOGOR-Asinan-Buah-i.51834448.4376867841?extraParams=%7B%22display_model_id%22%3A24093414006%2C%22model_selection_logic%22%3A2%7D&sp_atk=e77b5db4-df49-483d-b05c-8652ca4cc61c&xptdk=e77b5db4-df49-483d-b05c-8652ca4cc61c,ASINAN SEDAP GEDUNG DALAM BOGOR - Asinan Buah,asinan sedap gedung dalam asinan buah,Makanan,Makanan Tradisional,shopee,Jakarta Barat,Jakarta,Duo Bocil Snack,39000.0,543.5,4.9,0.8062280487595634,1.0,0.9750000000000001,16.869346678850647,30.869352917627776,1,6,1,3,False,True,False,False,False,False,True,False,False,0,1,0,0,0,1
https://shopee.co.id/BAJU-KAOS-TULISAN-BOGOR-YANG-LEMBUT-SERTA-BERAGAM-WARNA-YANG-BISA-DIPAKAI-UNISEX-i.416229275.26410469721?extraParams=%7B%22display_model_id%22%3A29840806947%2C%22model_selection_logic%22%3A2%7D&sp_atk=1d2e8224-f7e6-4dfe-8bd4-fbeb51a3bd97&xptdk=1d2e8224-f7e6-4dfe-8bd4-fbeb51a3bd97,BAJU KAOS TULISAN BOGOR YANG LEMBUT SERTA BERAGAM WARNA YANG BISA DIPAKAI UNISEX,baju kaos tulisan lembut serta beragam warna bisa dipakai unisex,Pakaian & Fashion,Atasan & Pakaian Kasual,shopee,Jakarta Barat,Jakarta,Dzoeragan Apparel,45000.0,4.0,5.0,0.832720847717568,0.1634272100930973,1.0,12.100717685412471,8.047189562170502,3,1,1,3,False,True,False,False,False,False,True,False,False,0,0,0,1,0,1
https://shopee.co.id/Emping-jengkol-khas-bogor-asli-100gr-i.368728920.15371482148?extraParams=%7B%22display_model_id%22%3A78601451697%2C%22model_selection_logic%22%3A2%7D&sp_atk=145597aa-82b2-4b63-9c4f-20300719af34&xptdk=145597aa-82b2-4b63-9c4f-20300719af34,Emping jengkol khas bogor asli 100gr,emping jengkol asli 100gr,Makanan,Camilan & Snack,shopee,Bogor,Bogor,Emping Bogor Store,80000.0,3.0,5.0,0.9392409270466529,0.12362791193043103,1.0,12.388398368982115,6.931471805599453,1,2,1,1,False,True,False,False,True,False,False,False,False,1,1,0,0,0,2
https://shopee.co.id/Syrup-Sari-Pala-Nichs-630-ml-Bogor-i.1303972064.28313322368?extraParams=%7B%22display_model_id%22%3A197858133881%2C%22model_selection_logic%22%3A2%7D&sp_atk=bbde0b90-9152-4c0c-9204-0a47b54a76f4&xptdk=bbde0b90-9152-4c0c-9204-0a47b54a76f4,Syrup Sari Pala Nichs 630 ml Bogor,syrup sari pala nichs ml,Minuman,Minuman Tradisional,shopee,Bogor,Bogor,Es Aming Official,9999.0,107.0,5.0,0.5542545592086499,0.7114647252870036,1.0,13.883070136110225,23.4106561356211,2,7,1,1,False,True,False,False,True,False,False,False,False,1,0,1,0,0,0
https://shopee.co.id/Bogor-Rain-City-Kaos-Pakaian-Baju-T-Shirt-Murah-Distro-Kekinian-Keren-Kata-Kota-Lokal-Pria-Wanita-COD-Terlaris-i.649587002.16977807151?extraParams=%7B%22display_model_id%22%3A210990390684%2C%22model_selection_logic%22%3A2%7D&sp_atk=952a9f16-f46b-49ed-87d9-6d1595b9b2da&xptdk=952a9f16-f46b-49ed-87d9-6d1595b9b2da,Bogor - Rain City / Kaos / Pakaian / Baju / T-Shirt / Murah / Distro / Kekinian / Keren / Kata / Kota / Lokal / Pria / Wanita / COD / Terlaris,rain city kaos pakaian baju shirt murah distro kekinian keren kata kota lokal pria wanita cod terlaris,Pakaian & Fashion,Atasan & Pakaian Kasual,shopee,Kab. Bekasi,Bekasi,Evlogia Streetwear,54999.0,146.0,4.9,0.8698685439275009,0.7664525466449589,0.9750000000000001,15.89867702847473,24.45311967521581,3,1,1,0,False,True,False,True,False,False,False,False,False,0,0,0,1,0,1
https://www.tokopedia.com/family-oleh---oleh/blackforest-sangkuriang-lapis-talas-bogor-sangkuriang-lapis-talas-sangkuriang-food-cemilan-1731348946747491672?extParam=ivf%3Dfalse%26keyword%3Doleh-olehkhasbogor%26search_id%3D20260701035234F61D6947467CCD2EDKYW%26src%3Dsearch,Blackforest Sangkuriang | Lapis Talas Bogor Sangkuriang | Lapis Talas Sangkuriang |  Food Cemilan,blackforest sangkuriang lapis talas sangkuriang lapis talas sangkuriang food cemilan,Makanan,Kue & Roti,tokopedia,Jakarta Pusat,Jakarta,Family Oleh - Oleh,58000.0,11.0,4.9,0.8797043931329733,0.3195735163826218,0.9750000000000001,13.366095129723817,12.176042583961202,1,4,2,3,False,False,True,False,False,False,True,False,False,0,1,0,0,0,1
https://www.tokopedia.com/family-oleh---oleh/full-talas-keju-sangkuriang-lapis-talas-bogor-sangkuriang-lapis-talas-sangkuriang-food-1731348961395508568?extParam=ivf%3Dfalse%26keyword%3Doleh-olehkhasbogor%26search_id%3D20260701035234F61D6947467CCD2EDKYW%26src%3Dsearch,Full Talas Keju Sangkuriang | Lapis Talas Bogor Sangkuriang | Lapis Talas Sangkuriang |  Food,full talas keju sangkuriang lapis talas sangkuriang lapis talas sangkuriang food,Makanan,Kue & Roti,tokopedia,Jakarta Pusat,Jakarta,Family Oleh - Oleh,52000.0,13.0,4.9,0.8594878016291434,0.3470674270615996,0.9750000000000001,13.423949834313948,12.931380915114769,1,4,2,3,False,False,True,False,False,False,True,False,False,0,1,0,0,0,1
https://www.tokopedia.com/fariz-collection/kaos-setelan-oleh2-puncak-bogor-anak-fashion-1729699650073888856?extParam=ivf%3Dfalse%26keyword%3Dbaju+khas+bogor%26search_id%3D2026070104595440008B9A5380FC1AC4ZX%26src%3Dsearch,kaos setelan oleh2 puncak Bogor Anak Fashion,kaos setelan oleh2 puncak anak fashion,Pakaian & Fashion,Atasan & Pakaian Kasual,tokopedia,Kab. Bogor,Bogor,Fariz collection_NEW,34500.0,10.0,4.8,0.7835302953195218,0.3040543955478092,0.95,12.75130259456002,11.509897309432178,3,1,2,1,False,False,True,False,True,False,False,False,False,1,0,0,1,0,1
https://www.tokopedia.com/fariz-collection/kaos-setelan-wisata-anak-puncak-bogor-fashion-1729699873249003608?extParam=ivf%3Dfalse%26keyword%3Dbaju+khas+bogor%26search_id%3D2026070104595440008B9A5380FC1AC4ZX%26src%3Dsearch,kaos setelan wisata anak puncak Bogor Fashion,kaos setelan wisata anak puncak fashion,Pakaian & Fashion,Atasan & Pakaian Kasual,tokopedia,Kab. Bogor,Bogor,Fariz collection_NEW,30000.0,11.0,5.0,0.7576558265027287,0.3195735163826218,1.0,12.706850963741102,12.424533248940001,3,1,2,1,False,False,True,False,True,False,False,False,False,1,0,0,1,0,0
https://www.tokopedia.com/fariz-collection/kaos-setelan-anak-puncak-bogor-fashion-1729699645592537176?extParam=ivf%3Dfalse%26keyword%3Dbaju+khas+bogor%26search_id%3D2026070104595440008B9A5380FC1AC4ZX%26src%3Dsearch,kaos setelan anak puncak Bogor Fashion,kaos setelan anak puncak fashion,Pakaian & Fashion,Atasan & Pakaian Kasual,tokopedia,Kab. Bogor,Bogor,Fariz collection_NEW,34500.0,14.0,5.0,0.7835302953195218,0.35937281454528813,1.0,13.087774003025942,13.54025100551105,3,1,2,1,False,False,True,False,True,False,False,False,False,1,0,0,1,0,1
https://www.tokopedia.com/fariz-collection/setelan-kaos-anak-puncak-bogor-fashion-1729699855988000856?extParam=ivf%3Dfalse%26keyword%3Dbaju+khas+bogor%26search_id%3D2026070104595440008B9A5380FC1AC4ZX%26src%3Dsearch,setelan kaos anak Puncak Bogor Fashion,setelan kaos anak puncak fashion,Pakaian & Fashion,Atasan & Pakaian Kasual,tokopedia,Kab. Bogor,Bogor,Fariz collection_NEW,33500.0,15.0,5.0,0.7780848218887058,0.3708837357912931,1.0,13.12735290896314,13.862943611198906,3,1,2,1,False,False,True,False,True,False,False,False,False,1,0,0,1,0,1
https://www.tokopedia.com/fariz-collection/kaos-atasan-kimono-puncak-bogor-combed-1729700886192556120?extParam=ivf%3Dfalse%26keyword%3Dbaju+khas+bogor%26search_id%3D2026070104595440008B9A5380FC1AC4ZX%26src%3Dsearch,kaos atasan kimono puncak Bogor. Combed,kaos atasan kimono puncak combed,Pakaian & Fashion,Atasan & Pakaian Kasual,tokopedia,Kab. Bogor,Bogor,Fariz collection_NEW,37000.0,16.0,2.0,0.7964819395592921,0.3816965842265753,0.25,13.291263603053904,5.666426688112432,3,1,2,1,False,False,True,False,True,False,False,False,False,1,0,0,1,0,1
https://www.tokopedia.com/fariz-collection/stelan-kaos-anak-puncak-bogor-motif-daun-fashion-1729699501530777688?extParam=ivf%3Dfalse%26keyword%3Dbaju+khas+bogor%26search_id%3D2026070104595440008B9A5380FC1AC4ZX%26src%3Dsearch,stelan kaos anak Puncak Bogor motif daun Fashion,stelan kaos anak puncak motif daun fashion,Pakaian & Fashion,Atasan & Pakaian Kasual,tokopedia,Kab. Bogor,Bogor,Fariz collection_NEW,33508.0,18.0,5.0,0.7781290273973462,0.4015344965884274,1.0,13.309912911147348,14.722194895832201,3,1,2,1,False,False,True,False,True,False,False,False,False,1,0,0,1,0,1
https://www.tokopedia.com/fariz-collection/t-shirt-puncak-bogor-oleh-oleh-puncak-bogor-atasan-kaos-1729700863651252312?extParam=ivf%3Dfalse%26keyword%3Dbaju+khas+bogor%26search_id%3D2026070104595440008B9A5380FC1AC4ZX%26src%3Dsearch,t shirt puncak Bogor oleh oleh Puncak Bogor Atasan Kaos,shirt puncak puncak atasan kaos,Pakaian & Fashion,Atasan & Pakaian Kasual,tokopedia,Kab. Bogor,Bogor,Fariz collection_NEW,33000.0,24.0,4.5,0.775300820149404,0.45048233211662564,0.875,13.58231793342203,14.484941211906902,3,1,2,1,False,False,True,False,True,False,False,False,False,1,0,0,1,0,1
https://www.tokopedia.com/fariz-collection/setelan-kaos-anak-puncak-bogor-1729700801924466776?extParam=ivf%3Dfalse%26keyword%3Dbaju+khas+bogor%26search_id%3D2026070104595440008B9A5380FC1AC4ZX%26src%3Dsearch,setelan kaos anak puncak Bogor,setelan kaos anak puncak,Pakaian & Fashion,Atasan & Pakaian Kasual,tokopedia,Kab. Bogor,Bogor,Fariz collection_NEW,35000.0,30.0,5.0,0.786194123540094,0.488849033216144,1.0,13.864301674514206,17.16993602242573,3,1,2,1,False,False,True,False,True,False,False,False,False,1,0,0,1,0,1
https://www.tokopedia.com/fariz-collection/kaos-puncak-bogor-oleh-oleh-wisata-katun-santai-hitam-atasan-1729700870969985112?extParam=ivf%3Dfalse%26keyword%3Dbaju+khas+bogor%26search_id%3D2026070104595440008B9A5380FC1AC4ZX%26src%3Dsearch,kaos puncak Bogor oleh oleh wisata Katun Santai Hitam Atasan,kaos puncak wisata katun santai hitam atasan,Pakaian & Fashion,Atasan & Pakaian Kasual,tokopedia,Kab. Bogor,Bogor,Fariz collection_NEW,35000.0,4.0,5.0,0.786194123540094,0.1634272100930973,1.0,11.849404844423074,8.047189562170502,3,1,2,1,False,False,True,False,True,False,False,False,False,1,0,0,1,0,1
https://www.tokopedia.com/fariz-collection/kaos-setelan-oleh2-puncak-bogor-anak-fashion-1729700007865583704?extParam=ivf%3Dfalse%26keyword%3Dbaju+khas+bogor%26search_id%3D2026070104595440008B9A5380FC1AC4ZX%26src%3Dsearch,kaos setelan oleh2 puncak Bogor Anak Fashion,kaos setelan oleh2 puncak anak fashion,Pakaian & Fashion,Atasan & Pakaian Kasual,tokopedia,Kab. Bogor,Bogor,Fariz collection_NEW,27000.0,6.0,5.0,0.7381502564829485,0.2234395151311685,1.0,11.995357787034976,9.729550745276565,3,1,2,1,False,False,True,False,True,False,False,False,False,1,0,0,1,0,0
https://www.tokopedia.com/fariz-collection/setelan-kaos-wisata-puncak-bogor-lengan-3-4-anak-fashion-1729843652412736600?extParam=ivf%3Dfalse%26keyword%3Dbaju+khas+bogor%26search_id%3D2026070104595440008B9A5380FC1AC4ZX%26src%3Dsearch,setelan kaos wisata puncak Bogor Lengan 3/4 Anak Fashion,setelan kaos wisata puncak lengan anak fashion,Pakaian & Fashion,Atasan & Pakaian Kasual,tokopedia,Kab. Bogor,Bogor,Fariz collection_NEW,34000.0,70.0,5.0,0.7808275788598225,0.6366524833541157,1.0,14.682611465815636,21.313399385206576,3,1,2,1,False,False,True,False,True,False,False,False,False,1,0,0,1,0,1
https://www.tokopedia.com/fasion-store-masa-kini/kaos-persikabo-bogor-football-culture-30s-1734434308201350979?extParam=ivf%3Dfalse%26keyword%3Dbaju+khas+bogor%26search_id%3D2026070104595440008B9A5380FC1AC4ZX%26src%3Dsearch,kaos persikabo bogor football culture 30s,kaos persikabo football culture 30s,Pakaian & Fashion,Atasan & Pakaian Kasual,tokopedia,Kab. Bogor,Bogor,FASION STORE MASA KINI,51750.0,4.0,5.0,0.8585955848366524,0.1634272100930973,1.0,12.240478903153711,8.047189562170502,3,1,2,1,False,False,True,False,True,False,False,False,False,1,0,0,1,0,1
https://www.tokopedia.com/fasion-store-masa-kini/bogor-rain-city-kaos-pakaian-baju-t-shirt-murah-distro-kekinian-keren-kata-kota-lokal-pria-wanita-cod-terlaris-1733746068490389315?extParam=ivf%3Dfalse%26keyword%3Dbaju+khas+bogor%26search_id%3D2026070104595440008B9A5380FC1AC4ZX%26src%3Dsearch,Bogor - Rain City / Kaos / Pakaian / Baju / T-Shirt / Murah / Distro / Kekinian / Keren / Kata / Kota / Lokal / Pria / Wanita / COD / Terlaris,rain city kaos pakaian baju shirt murah distro kekinian keren kata kota lokal pria wanita cod terlaris,Pakaian & Fashion,Atasan & Pakaian Kasual,tokopedia,Kab. Bogor,Bogor,FASION STORE MASA KINI,111075.75,6.0,5.0,1.0000000000000002,0.2234395151311685,1.0,13.409728649680233,9.729550745276565,3,1,2,1,False,False,True,False,True,False,False,False,False,1,0,0,1,0,2
https://www.tokopedia.com/favboy09/rei-belanja-kaos-sablon-buitenzorg-kaos-bogor-pride-kaos-menyala-kaos-pria-wanita-distro-terbaru-viral-tiktok-kekinian-1730766198712403637?extParam=ivf%3Dfalse%26keyword%3Dbaju+khas+bogor%26search_id%3D2026070104595440008B9A5380FC1AC4ZX%26src%3Dsearch,Rei Belanja-Kaos Sablon Buitenzorg-Kaos Bogor Pride/kaos menyala/Kaos Pria Wanita/Distro Terbaru/Viral Tiktok/Kekinian,rei belanja kaos sablon buitenzorg kaos pride kaos menyala kaos pria wanita distro terbaru viral tiktok kekinian,Pakaian & Fashion,Atasan & Pakaian Kasual,tokopedia,Bogor,Bogor,Favboy09,80000.0,3.0,5.0,0.9392409270466529,0.12362791193043103,1.0,12.388398368982115,6.931471805599453,3,1,2,1,False,False,True,False,True,False,False,False,False,1,0,0,1,0,2
https://www.tokopedia.com/fircodinamis/kacang-bogor-segar-1-kg-mentah-1000?extParam=ivf%3Dfalse%26keyword%3Doleh-olehkhasbogor%26search_id%3D20260701035234F61D6947467CCD2EDKYW%26src%3Dsearch,Kacang Bogor Segar 1 Kg - Mentah,kacang segar kg mentah,Makanan,Lauk & Bahan Makanan,tokopedia,Bogor,Bogor,FDG BGR,48700.0,100.0,4.8,0.847349514797082,0.6995128708733925,0.95,15.398604700397561,22.152578480838045,1,5,2,1,False,False,True,False,True,False,False,False,False,1,1,0,0,0,1
https://www.tokopedia.com/fircodinamis/talas-tales-bogor-keladi?extParam=ivf%3Dfalse%26keyword%3Doleh-olehkhasbogor%26search_id%3D20260701035234F61D6947467CCD2EDKYW%26src%3Dsearch,Talas Tales Bogor - Keladi,talas tales keladi,Makanan,Lauk & Bahan Makanan,tokopedia,Bogor,Bogor,FDG BGR,36700.0,250.0,4.7,0.7949747412404287,0.8618773725069901,0.925,16.031993060896728,25.969628813919382,1,5,2,1,False,False,True,False,True,False,False,False,False,1,1,0,0,0,1
https://www.tokopedia.com/firdhan-snackjaya17/kacang-bogor-kupas-500gr-enak-gurih-1729632760046716816?extParam=ivf%3Dfalse%26keyword%3Doleh-olehkhasbogor%26search_id%3D20260701035234F61D6947467CCD2EDKYW%26src%3Dsearch,kacang bogor kupas 500gr enak gurih,kacang kupas 500gr enak gurih,Makanan,Camilan & Snack,tokopedia,Kab. Tangerang,Tangerang,Firdhan Snackjaya17,36430.0,9.0,5.0,0.7936076915284449,0.28705512202352834,1.0,12.700375517323502,11.51292546497023,1,2,2,5,False,False,True,False,False,False,False,False,True,0,1,0,0,0,1
https://www.tokopedia.com/franctin-apparel/baju-kaos-tulisan-bogor-yang-lembut-serta-beragam-warna-yang-bisa-dipakai-unisex-nyaman-variasi-distro-semi-katun-pria-unik-keren-1729767187767657869?extParam=ivf%3Dfalse%26keyword%3Dbaju+khas+bogor%26search_id%3D2026070104595440008B9A5380FC1AC4ZX%26src%3Dsearch,BAJU KAOS TULISAN BOGOR YANG LEMBUT SERTA BERAGAM WARNA YANG BISA DIPAKAI UNISEX  Nyaman Variasi Distro Semi Katun Pria Unik Keren,baju kaos tulisan lembut serta beragam warna bisa dipakai unisex nyaman variasi distro semi katun pria unik keren,Pakaian & Fashion,Atasan & Pakaian Kasual,tokopedia,Jakarta Barat,Jakarta,Franctin Apparel,32000.0,5.0,5.0,0.7696039861216921,0.19594560445219078,1.0,11.982935344196433,8.958797346140274,3,1,2,3,False,False,True,False,False,False,True,False,False,0,0,0,1,0,1
https://www.tokopedia.com/frozenfoodrawabuaya/lapis-talas-bogor-lapis-kujang-1732200063628510654?extParam=ivf%3Dfalse%26keyword%3Doleh-olehkhasbogor%26search_id%3D20260701035234F61D6947467CCD2EDKYW%26src%3Dsearch,Lapis Talas Bogor Lapis Kujang,lapis talas lapis kujang,Makanan,Kue & Roti,tokopedia,Jakarta Barat,Jakarta,frozenfood.rawabuaya,26050.0,22.0,4.7,0.7315190234217988,0.43561060718483363,0.925,13.258817245434486,14.736822814867004,1,4,2,3,False,False,True,False,False,False,True,False,False,0,1,0,0,0,0
https://www.tokopedia.com/frozenfoodrawabuaya/lapis-talas-bogor-lapis-kujang-1732200063628510654?extParam=ivf%3Dfalse%26keyword%3Daksesoriskhasbogor%26search_id%3D20260701045100357A6FDF7642BF120N2E%26src%3Dsearch,Lapis Talas Bogor Lapis Kujang,lapis talas lapis kujang,Makanan,Kue & Roti,tokopedia,Jakarta Barat,Jakarta,frozenfood.rawabuaya,26050.0,22.0,4.7,0.7315190234217988,0.43561060718483363,0.925,13.258817245434486,14.736822814867004,1,4,2,3,False,False,True,False,False,False,True,False,False,0,1,0,0,0,0
https://shopee.co.id/Terlaris-Kopi-Bah-Sipit-Cap-Kacamata-1-kg-Legend-Khas-Bogor-Coffee-Bubuk-i.1812095924.52809680168?extraParams=%7B%22display_model_id%22%3A395854879446%2C%22model_selection_logic%22%3A3%7D&sp_atk=475e5002-0ab1-4d73-8aeb-87e338249552&xptdk=475e5002-0ab1-4d73-8aeb-87e338249552,Terlaris Kopi Bah Sipit Cap Kacamata 1 kg Legend Khas Bogor Coffee Bubuk,terlaris kopi bah sipit cap kacamata kg legend coffee bubuk,Minuman,Kopi,shopee,Jakarta Timur,Jakarta,Fruitmore Official,83200.0,224.0,4.9,0.9465020900786267,0.8423735410210074,0.9750000000000001,16.740648732321617,26.53889197080166,2,3,1,3,False,True,False,False,False,False,True,False,False,0,0,1,0,0,2
https://shopee.co.id/kue-ali-kue-cincin-asli-bogor-ISI-8-digoreng-dadakan-dong-i.125337176.22683961344?extraParams=%7B%22display_model_id%22%3A197114540222%2C%22model_selection_logic%22%3A2%7D&sp_atk=d29c2773-fd1e-455d-b6dc-9a842d403308&xptdk=d29c2773-fd1e-455d-b6dc-9a842d403308,kue ali kue cincin asli bogor ISI 8 digoreng dadakan dong,kue ali kue cincin asli isi digoreng dadakan dong,Makanan,Kue & Roti,shopee,Bogor,Bogor,Gambang Sari Aren,111075.75,88.0,4.8,1.0000000000000002,0.6769534903580308,0.95,16.095304596759263,21.54545457471427,1,4,1,1,False,True,False,False,True,False,False,False,False,1,1,0,0,0,2
https://shopee.co.id/KOPI-BUBUK-SACHET-KOPI-HITAM-TANPA-GULA-CAP-LIONG-BULAN-LIONG-MINI-30PCS-PAK-KOPI-ASLI-KHAS-BOGOR-i.13227359.157199981?extraParams=%7B%22display_model_id%22%3A21293671281%2C%22model_selection_logic%22%3A3%7D&sp_atk=553ff327-2d76-41ac-8be3-195cecb7a707&xptdk=553ff327-2d76-41ac-8be3-195cecb7a707,KOPI BUBUK SACHET KOPI HITAM TANPA GULA CAP LIONG BULAN / LIONG MINI @30PCS/PAK KOPI ASLI KHAS BOGOR,kopi bubuk sachet kopi hitam tanpa gula cap liong bulan liong mini 30pcs pak kopi asli,Minuman,Kopi,shopee,Bogor,Bogor,Gandika Coffee,26500.0,543.5,5.0,0.7346897580884242,1.0,1.0,16.48292978796676,31.499339711865076,2,3,1,1,False,True,False,False,True,False,False,False,False,1,0,1,0,0,0
https://shopee.co.id/kopi-arabika-bogor-experimental-anaerob-200-gr-specialty-coffee-i.257136382.25413682647?extraParams=%7B%22display_model_id%22%3A306507766501%2C%22model_selection_logic%22%3A3%7D&sp_atk=b93c12b2-3c55-4736-948e-6bd333b609d3&xptdk=b93c12b2-3c55-4736-948e-6bd333b609d3,kopi arabika bogor experimental anaerob 200 gr specialty coffee,kopi arabika experimental anaerob gr specialty coffee,Minuman,Kopi,shopee,Bogor,Bogor,Gandika Premium,16000.0,40.0,4.6,0.6412817535440904,0.5387150554591977,0.8999999999999999,13.369225017834633,17.082431506839814,2,3,1,1,False,True,False,False,True,False,False,False,False,1,0,1,0,0,0
https://shopee.co.id/KAOS-DISTRO-KEREN-DEPOK-BOGOR-GANGSTER-i.1329712378.25847398645?extraParams=%7B%22display_model_id%22%3A261918926352%2C%22model_selection_logic%22%3A2%7D&sp_atk=ae45ca76-b951-443c-93aa-fb0d8b2c3ff4&xptdk=ae45ca76-b951-443c-93aa-fb0d8b2c3ff4,KAOS-DISTRO KEREN DEPOK BOGOR GANGSTER,kaos distro keren depok gangster,Pakaian & Fashion,Atasan & Pakaian Kasual,shopee,Bogor,Bogor,Gangster Apparel,52800.0,11.0,5.0,0.8623143399179136,0.3195735163826218,1.0,13.272163464254326,12.424533248940001,3,1,1,1,False,True,False,False,True,False,False,False,False,1,0,0,1,0,1
https://shopee.co.id/Kaos-Distro-Skena-Bogor-With-Love-M-XXL-Terbaru-i.1450251130.56809337300?extraParams=%7B%22display_model_id%22%3A415826075246%2C%22model_selection_logic%22%3A2%7D&sp_atk=53744485-1f41-4f24-94d9-aa7dcf8e0fd6&xptdk=53744485-1f41-4f24-94d9-aa7dcf8e0fd6,Kaos Distro Skena Bogor With Love M-XXL Terbaru,kaos distro skena with love xxl terbaru,Pakaian & Fashion,Atasan & Pakaian Kasual,shopee,Bogor,Bogor,Gangster Depok Bogor,44000.0,11.0,5.0,0.8285603572507638,0.3195735163826218,1.0,13.089842251812337,12.424533248940001,3,1,1,1,False,True,False,False,True,False,False,False,False,1,0,0,1,0,1
https://shopee.co.id/-COD-KAOS-PERSIKABO-BOGOR-KAOS-KABOMANIA-KAOS-KABONITA-KAOS-UPCS-KAOS-VIRAL-KAOS-LEMBUT-KAOS-MURAH-KAOS-REQUEST-i.773261215.19553807364?extraParams=%7B%22display_model_id%22%3A174741019862%2C%22model_selection_logic%22%3A2%7D&sp_atk=09b821bc-ec91-4f7b-bbb5-8f7062613d04&xptdk=09b821bc-ec91-4f7b-bbb5-8f7062613d04,[COD] KAOS PERSIKABO BOGOR / KAOS KABOMANIA / KAOS KABONITA / KAOS UPCS / KAOS VIRAL / KAOS LEMBUT / KAOS MURAH / KAOS REQUEST,cod kaos persikabo kaos kabomania kaos kabonita kaos upcs kaos viral kaos lembut kaos murah kaos request,Pakaian & Fashion,Atasan & Pakaian Kasual,shopee,Jakarta Barat,Jakarta,Gardatala Official,33300.0,23.0,4.6,0.776976239821314,0.4432014283130529,0.8999999999999999,13.548808197550311,14.619047619600549,3,1,1,3,False,True,False,False,False,False,True,False,False,0,0,0,1,0,1
https://www.tokopedia.com/gngapparel-148/kaos-gngapparel-bogor-rain-city-t-shirt-combed-distro-100-finest-cotton-printing-hitam-pria-oversize-wanita-baju-polos-1729734078412523154?extParam=ivf%3Dfalse%26keyword%3Dbaju+khas+bogor%26search_id%3D2026070104595440008B9A5380FC1AC4ZX%26src%3Dsearch,"Kaos GNGAppareL Bogor Rain City T-Shirt Combed Distro - 100% Finest Cotton - Printing, Hitam, Pria, Oversize, Wanita, Baju, Polos",kaos gngapparel rain city shirt combed distro finest cotton printing hitam pria oversize wanita baju polos,Pakaian & Fashion,Atasan & Pakaian Kasual,tokopedia,Kab. Bogor,Bogor,GNGapparel_NEW,110000.0,4.0,5.0,0.9981982448693605,0.1634272100930973,1.0,12.994532278619134,8.047189562170502,3,1,2,1,False,False,True,False,True,False,False,False,False,1,0,0,1,0,2
https://www.tokopedia.com/goedang-kaos/goedang-kaos-kaos-bogor-kota-hujan-kaos-pria-wanita-baju-terbaru-viral-keren-kaos-distro-premium-tshirt-bisa-cod-brand-lokal-tshirt-1732963216863037435?extParam=ivf%3Dfalse%26keyword%3Dbaju+khas+bogor%26search_id%3D2026070104595440008B9A5380FC1AC4ZX%26src%3Dsearch,GOEDANG KAOS - KAOS BOGOR KOTA HUJAN - KAOS PRIA WANITA - BAJU TERBARU VIRAL KEREN - KAOS DISTRO PREMIUM TSHIRT BISA COD brand  lokal  tshirt,goedang kaos kaos kota hujan kaos pria wanita baju terbaru viral keren kaos distro premium tshirt bisa cod brand lokal tshirt,Pakaian & Fashion,Atasan & Pakaian Kasual,tokopedia,Bogor,Bogor,goedang kaos,35400.0,30.0,4.3,0.7882979295364745,0.488849033216144,0.825,13.875665422403163,14.766144979286128,3,1,2,1,False,False,True,False,True,False,False,False,False,1,0,0,1,0,1
https://shopee.co.id/Lapis-Talas-Bogor-Keju-Oleh-Oleh-Bogor-By-Golden-France-(470gram)-i.1206159334.24475910161?extraParams=%7B%22display_model_id%22%3A217455638377%2C%22model_selection_logic%22%3A2%7D&sp_atk=114aa56a-71ab-4a95-8fcb-54f00f3b7e77&xptdk=114aa56a-71ab-4a95-8fcb-54f00f3b7e77,Lapis Talas Bogor Keju Oleh-Oleh Bogor By Golden France (470gram),lapis talas keju by golden france 470gram,Makanan,Kue & Roti,shopee,Bogor,Bogor,Golden France,111075.75,393.0,4.7,1.0000000000000002,0.9422983510649346,0.925,17.59177731475309,28.08884927370029,1,4,1,1,False,True,False,False,True,False,False,False,False,1,1,0,0,0,2
https://shopee.co.id/Lapis-Talas-Bogor-Keju-Oleh-Oleh-Bogor-By-Golden-France-(470gram)-i.1206159334.24475910161?extraParams=%7B%22display_model_id%22%3A217455638377%2C%22model_selection_logic%22%3A2%7D&sp_atk=afc95dc1-6a59-48d5-80d5-d1868fd9e542&xptdk=afc95dc1-6a59-48d5-80d5-d1868fd9e542,Lapis Talas Bogor Keju Oleh-Oleh Bogor By Golden France (470gram),lapis talas keju by golden france 470gram,Makanan,Kue & Roti,shopee,Bogor,Bogor,Golden France Bakery,45600.0,393.0,4.7,0.8351729909575913,0.9422983510649346,0.925,16.70147266317282,28.08884927370029,1,4,1,1,False,True,False,False,True,False,False,False,False,1,1,0,0,0,1
https://shopee.co.id/Kacang-Bogor-Oleh-Oleh-Khas-Bogor-Gurih-dan-Renyah-i.405899.8686869776?extraParams=%7B%22display_model_id%22%3A94008580392%2C%22model_selection_logic%22%3A2%7D&sp_atk=018b26f1-baa9-41ee-aa22-9b6541b18fea&xptdk=018b26f1-baa9-41ee-aa22-9b6541b18fea,Kacang Bogor Oleh-Oleh Khas Bogor Gurih dan Renyah,kacang gurih renyah,Makanan,Camilan & Snack,shopee,Tangerang Selatan,Tangerang,Golden France Cappucino,30900.0,319.0,5.0,0.7631281100560376,0.9051946816756834,1.0,16.10370266712039,28.84160497896886,1,2,1,5,False,True,False,False,False,False,False,False,True,0,1,0,0,0,1
https://shopee.co.id/Lapis-Talas-Bogor-Cappucino-Oleh-Oleh-Bogor-Golden-France-(470gram)-i.1206159334.27401006557?extraParams=%7B%22display_model_id%22%3A187535627666%2C%22model_selection_logic%22%3A2%7D&sp_atk=d4a6c66b-9c81-4eeb-ba05-341a5bb75e99&xptdk=d4a6c66b-9c81-4eeb-ba05-341a5bb75e99,"Lapis Talas Bogor Cappucino, Oleh-Oleh Bogor, Golden France (470gram)",lapis talas cappucino golden france 470gram,Makanan,Kue & Roti,shopee,Bogor,Bogor,Golden France Cappucino,34000.0,7.0,4.5,0.7808275788598225,0.24725582386086203,0.875,12.380030154325457,9.35748693755926,1,4,1,1,False,True,False,False,True,False,False,False,False,1,1,0,0,0,1
https://shopee.co.id/Lapis-Talas-Bogor-Strawberry-Oleh-Oleh-Bogor-By-Golden-France-(470gram)-i.1206159334.26700999745?extraParams=%7B%22display_model_id%22%3A185128035781%2C%22model_selection_logic%22%3A2%7D&sp_atk=1db4b408-3ece-4429-8672-d9aaf4c5305f&xptdk=1db4b408-3ece-4429-8672-d9aaf4c5305f,"Lapis Talas Bogor Strawberry, Oleh-Oleh Bogor By Golden France (470gram)",lapis talas strawberry by golden france 470gram,Makanan,Kue & Roti,shopee,Bogor,Bogor,Golden France Cokelat,45600.0,15.0,4.7,0.8351729909575913,0.3708837357912931,0.925,13.435714658591923,13.031166994526972,1,4,1,1,False,True,False,False,True,False,False,False,False,1,1,0,0,0,1
https://shopee.co.id/Lapis-Talas-Bogor-Strawberry-Oleh-Oleh-Bogor-By-Golden-France-(470gram)-i.1206159334.26700999745?extraParams=%7B%22display_model_id%22%3A185128035781%2C%22model_selection_logic%22%3A2%7D&sp_atk=a0358afc-0360-43bd-95c3-f6aa056612c9&xptdk=a0358afc-0360-43bd-95c3-f6aa056612c9,"Lapis Talas Bogor Strawberry, Oleh-Oleh Bogor By Golden France (470gram)",lapis talas strawberry by golden france 470gram,Makanan,Kue & Roti,shopee,Bogor,Bogor,Golden France Strawberry,61000.0,15.0,4.7,0.8890409133627049,0.3708837357912931,0.925,13.726680437153236,13.031166994526972,1,4,1,1,False,True,False,False,True,False,False,False,False,1,1,0,0,0,1
https://shopee.co.id/bolu-susu-lembang-identik-dan-lapis-bogor-identik-i.24391436.40830630341?extraParams=%7B%22display_model_id%22%3A385881260306%2C%22model_selection_logic%22%3A2%7D&sp_atk=eaf87c93-a9d9-4275-9a5d-ed666e261d85&xptdk=eaf87c93-a9d9-4275-9a5d-ed666e261d85,bolu susu lembang identik dan lapis bogor identik,bolu susu lembang identik lapis identik,Makanan,Kue & Roti,shopee,Kab. Bekasi,Bekasi,Golden France Strawberry,30000.0,4.0,5.0,0.7576558265027287,0.1634272100930973,1.0,11.695255355062795,8.047189562170502,1,4,1,0,False,True,False,True,False,False,False,False,False,0,1,0,0,0,0
https://shopee.co.id/Lapis-Bogor-Sangkuriang-Brownies-Karamel-i.433543929.24070269129?extraParams=%7B%22display_model_id%22%3A245520531051%2C%22model_selection_logic%22%3A3%7D&sp_atk=5857e46e-31fe-4b77-8bee-3a80887488cf&xptdk=5857e46e-31fe-4b77-8bee-3a80887488cf,Lapis Bogor Sangkuriang Brownies Karamel,lapis sangkuriang brownies karamel,Makanan,Kue & Roti,shopee,Jakarta Timur,Jakarta,Golden France Tiramisu,54000.0,111.0,5.0,0.8664748459680991,0.7179511628528926,1.0,15.606269693692232,23.59249435647547,1,4,1,3,False,True,False,False,False,False,True,False,False,0,1,0,0,0,1
https://shopee.co.id/Kopi-Kijang-Mini-Asli-Kota-Bogor-Isi-30-Sachet-Tanpa-Gula-i.15492946.24413567083?extraParams=%7B%22display_model_id%22%3A222519345112%2C%22model_selection_logic%22%3A3%7D&sp_atk=50aa3406-afbe-4394-b35c-ea7d67357bc2&xptdk=50aa3406-afbe-4394-b35c-ea7d67357bc2,Kopi Kijang Mini Asli Kota Bogor Isi 30 Sachet Tanpa Gula,kopi kijang mini asli kota isi sachet tanpa gula,Minuman,Kopi,shopee,Bogor,Bogor,Gunung Arca Coffee,29999.0,543.5,4.8,0.7576496553324146,1.0,0.95,16.60694909464958,30.23936612339047,2,3,1,1,False,True,False,False,True,False,False,False,False,1,0,1,0,0,0
https://shopee.co.id/BATIK-TRADISIKU-Kaos-Batik-Bogor-Gunung-Salak-i.31828090.24520542015?extraParams=%7B%22display_model_id%22%3A178120744507%2C%22model_selection_logic%22%3A3%7D&sp_atk=38809517-76f9-4f74-ae05-12cfe6ff1ecf&xptdk=38809517-76f9-4f74-ae05-12cfe6ff1ecf,BATIK TRADISIKU Kaos Batik Bogor Gunung Salak,batik tradisiku kaos batik gunung salak,Pakaian & Fashion,Pakaian Tradisional,shopee,Bogor,Bogor,Gunung Salak Batik,111075.75,8.5,5.0,1.0000000000000002,0.27790658465799645,1.0,13.758034902632094,11.256458993032476,3,8,1,1,False,True,False,False,True,False,False,False,False,1,0,0,1,0,2
https://www.tokopedia.com/hann-store/kopi-liong-bulan-liong-mini-tanpa-gula-isi-30-sachet-8gram-kopi-legend-bogor-1731618701793527335?extParam=ivf%3Dfalse%26keyword%3Doleh-olehkhasbogor%26search_id%3D20260701035234F61D6947467CCD2EDKYW%26src%3Dsearch,Kopi Liong Bulan - Liong Mini - Tanpa Gula isi 30 Sachet @8gram - Kopi Legend Bogor,kopi liong bulan liong mini tanpa gula isi sachet 8gram kopi legend,Minuman,Kopi,tokopedia,Bogor,Bogor,HannStore.indo,46500.0,543.5,5.0,0.8387913636165847,1.0,1.0,17.04523733770502,31.499339711865076,2,3,2,1,False,False,True,False,True,False,False,False,False,1,0,1,0,0,1
https://www.tokopedia.com/hann-store/kopi-cap-oplet-mini-classic-kopi-tanpa-gula-isi-30-sachet-7gram-kopi-khas-bogor-1731618701552944679?extParam=ivf%3Dfalse%26keyword%3Doleh-olehkhasbogor%26search_id%3D20260701035234F61D6947467CCD2EDKYW%26src%3Dsearch,Kopi Cap Oplet Mini Classic - Kopi Tanpa Gula isi 30 Sachet @7gram - Kopi Khas Bogor,kopi cap oplet mini classic kopi tanpa gula isi sachet 7gram kopi,Minuman,Kopi,tokopedia,Bogor,Bogor,HannStore.indo,41400.0,543.5,5.0,0.8172840848894516,1.0,1.0,16.929065910817336,31.499339711865076,2,3,2,1,False,False,True,False,True,False,False,False,False,1,0,1,0,0,1
https://www.tokopedia.com/hann-store/kopi-cap-teko-250-gram-kopi-khas-bogor-1731618715080033831?extParam=ivf%3Dfalse%26keyword%3Doleh-olehkhasbogor%26search_id%3D20260701035234F61D6947467CCD2EDKYW%26src%3Dsearch,Kopi Cap Teko 250 gram .  Kopi Khas Bogor,kopi cap teko gram kopi,Minuman,Kopi,tokopedia,Bogor,Bogor,HannStore.indo,32700.0,543.5,5.0,0.7736101000952762,1.0,1.0,16.69316011971347,31.499339711865076,2,3,2,1,False,False,True,False,True,False,False,False,False,1,0,1,0,0,1
https://www.tokopedia.com/hermoralux-id-1/pie-susu-isi-7-toping-premium-coklat-susu-vanila-matcha-dan-mix-gurih-manis-renyah-tanpa-pengawet-asli-bogor-1733225601629063058?extParam=ivf%3Dfalse%26keyword%3Doleh-olehkhasbogor%26search_id%3D20260701035234F61D6947467CCD2EDKYW%26src%3Dsearch,"PIE SUSU ISI 7 TOPING PREMIUM COKLAT,SUSU VANILA MATCHA DAN MIX GURIH MANIS RENYAH TANPA PENGAWET ASLI BOGOR",pie susu isi toping premium coklat susu vanila matcha mix gurih manis renyah tanpa pengawet asli,Makanan,Kue & Roti,tokopedia,Bogor,Bogor,HERMORALUX ID 1,25850.0,70.0,4.4,0.730092187374136,0.6366524833541157,0.8500000000000001,14.408561674624632,18.75579145898179,1,4,2,1,False,False,True,False,True,False,False,False,False,1,1,0,0,0,0
https://shopee.co.id/HIJI-Manisan-Pala-Kering-Cemilan-Tradisional-Makanan-Khas-Bogor-i.51291480.815101487?extraParams=%7B%22display_model_id%22%3A23383197220%2C%22model_selection_logic%22%3A2%7D&sp_atk=32beca0e-8d6e-4624-af1b-9bd66a63704c&xptdk=32beca0e-8d6e-4624-af1b-9bd66a63704c,HIJI Manisan Pala Kering | Cemilan Tradisional | Makanan Khas Bogor,hiji manisan pala kering cemilan tradisional makanan,Makanan,Camilan & Snack,shopee,Bogor,Bogor,HIJI Official,63500.0,139.0,4.8,0.896477062339512,0.7577504610155589,0.95,15.993269231306659,23.71988362852466,1,2,1,1,False,True,False,False,True,False,False,False,False,1,1,0,0,0,1
https://www.tokopedia.com/hornbills/t-shirt-black-tee-v1-kaos-hitam-lengan-pendek-bogor-hornbills-1731559235966633654?extParam=ivf%3Dfalse%26keyword%3Dbaju+khas+bogor%26search_id%3D2026070104595440008B9A5380FC1AC4ZX%26src%3Dsearch,T-SHIRT BLACK TEE V1 (KAOS HITAM LENGAN PENDEK) - BOGOR HORNBILLS,shirt black tee v1 kaos hitam lengan pendek hornbills,Pakaian & Fashion,Atasan & Pakaian Kasual,tokopedia,Jakarta Pusat,Jakarta,Hornbills,111075.75,16.0,5.0,1.0000000000000002,0.3816965842265753,1.0,14.390556964894472,14.16606672028108,3,1,2,3,False,False,True,False,False,False,True,False,False,0,0,0,1,0,2
https://www.tokopedia.com/hornbills/t-shirt-white-tee-v1-kaos-putih-lengan-pendek-bogor-hornbills-1731559148059985590?extParam=ivf%3Dfalse%26keyword%3Dbaju+khas+bogor%26search_id%3D2026070104595440008B9A5380FC1AC4ZX%26src%3Dsearch,T-SHIRT WHITE TEE V1 (KAOS PUTIH LENGAN PENDEK) - BOGOR HORNBILLS,shirt white tee v1 kaos putih lengan pendek hornbills,Pakaian & Fashion,Atasan & Pakaian Kasual,tokopedia,Jakarta Pusat,Jakarta,Hornbills,111075.75,18.0,5.0,1.0000000000000002,0.4015344965884274,1.0,14.508339938030991,14.722194895832201,3,1,2,3,False,False,True,False,False,False,True,False,False,0,0,0,1,0,2
https://www.tokopedia.com/hornbills/crewneck-bogor-hornbills-2026-black-sweater-crewneck-hitam-1731559533394757302?extParam=ivf%3Dfalse%26keyword%3Dbaju+khas+bogor%26search_id%3D2026070104595440008B9A5380FC1AC4ZX%26src%3Dsearch,CREWNECK BOGOR HORNBILLS 2026 BLACK (SWEATER / CREWNECK HITAM),crewneck hornbills black sweater crewneck hitam,Pakaian & Fashion,Atasan & Pakaian Kasual,tokopedia,Jakarta Pusat,Jakarta,Hornbills,111075.75,8.0,5.0,1.0000000000000002,0.2682632969739506,1.0,13.697410347013124,10.986122886681098,3,1,2,3,False,False,True,False,False,False,True,False,False,0,0,0,1,0,2
https://www.tokopedia.com/hosanasnack/kacang-bogor-250gram?extParam=ivf%3Dfalse%26keyword%3Doleh-olehkhasbogor%26search_id%3D20260701035234F61D6947467CCD2EDKYW%26src%3Dsearch,Kacang Bogor 250gram,kacang 250gram,Makanan,Camilan & Snack,tokopedia,Bogor,Bogor,Hosana Snack,50000.0,70.0,5.0,0.8522266920007155,0.6366524833541157,1.0,15.068273812173887,21.313399385206576,1,2,2,1,False,False,True,False,True,False,False,False,False,1,1,0,0,0,1
https://shopee.co.id/BATIK-TRADISIKU-Kain-Batik-Bogor-Hujan-Gerimis-i.31828090.2428685505?extraParams=%7B%22display_model_id%22%3A40152161157%2C%22model_selection_logic%22%3A3%7D&sp_atk=85364a10-d58d-423a-aead-126aa611883d&xptdk=85364a10-d58d-423a-aead-126aa611883d,BATIK TRADISIKU Kain Batik Bogor Hujan Gerimis,batik tradisiku kain batik hujan gerimis,Pakaian & Fashion,Pakaian Tradisional,shopee,Bogor,Bogor,Hujan Gerimis Batik,111075.75,6.0,5.0,1.0000000000000002,0.2234395151311685,1.0,13.409728649680233,9.729550745276565,3,8,1,1,False,True,False,False,True,False,False,False,False,1,0,0,1,0,2
https://shopee.co.id/Sakura-Glory-KAOS-I-LOVE-BOGOR-COTTON-COMBED-30S-PREMIUM-UKURAN-S-XXL-ATASAN-BAJU-BLOUSE-T-SHIRT-TUMBLR-TEE-PRIA-WANITA-DEWASA-DISTRO-IMPORT-OVERSIZE-COD-DISKON-GRATIS-ONGKIR-MURAH-i.1329712378.40274902793?extraParams=%7B%22display_model_id%22%3A272017994646%2C%22model_selection_logic%22%3A2%7D&sp_atk=27c26e3a-7d11-4ab6-b3a8-3c2bd17ba220&xptdk=27c26e3a-7d11-4ab6-b3a8-3c2bd17ba220,Sakura Glory - KAOS I LOVE BOGOR COTTON COMBED 30S PREMIUM UKURAN S-XXL / ATASAN / BAJU / BLOUSE / T-SHIRT / TUMBLR TEE / PRIA / WANITA / DEWASA / DISTRO / IMPORT / OVERSIZE / COD / DISKON / GRATIS ONGKIR / MURAH,sakura glory kaos love cotton combed 30s premium ukuran xxl atasan baju blouse shirt tumblr tee pria wanita dewasa distro import oversize cod diskon gratis ongkir murah,Pakaian & Fashion,Atasan & Pakaian Kasual,shopee,Bogor,Bogor,I Love Bogor Store,52800.0,11.0,5.0,0.8623143399179136,0.3195735163826218,1.0,13.272163464254326,12.424533248940001,3,1,1,1,False,True,False,False,True,False,False,False,False,1,0,0,1,0,1
https://shopee.co.id/SAMBEL-BARU!-Sambel-Ibu-Kribo-Khas-Bogor-(BUNDLING-2PCS)-i.46925330.17646084466?extraParams=%7B%22display_model_id%22%3A38631977858%2C%22model_selection_logic%22%3A3%7D&sp_atk=169833e8-58cb-4b37-8231-93876ea44ec8&xptdk=169833e8-58cb-4b37-8231-93876ea44ec8,SAMBEL BARU! Sambel Ibu Kribo Khas Bogor (BUNDLING 2PCS),sambel baru sambel ibu kribo bundling 2pcs,Makanan,Lauk & Bahan Makanan,shopee,Bogor,Bogor,Ibu Kribo Official,22857.0,126.0,4.9,0.707311280641524,0.7403685830353903,0.9750000000000001,14.873294949316929,23.7365167236471,1,5,1,1,False,True,False,False,True,False,False,False,False,1,1,0,0,0,0
https://shopee.co.id/SAMBEL-CUMI-BAWANG-Sambal-Ibu-Kribo-Khas-Bogor-(Sangat-Pedas)-i.46925330.1507480442?extraParams=%7B%22display_model_id%22%3A72836773423%2C%22model_selection_logic%22%3A3%7D&sp_atk=6a3c5d62-6829-4007-a89c-49edb1b1813c&xptdk=6a3c5d62-6829-4007-a89c-49edb1b1813c,SAMBEL CUMI BAWANG Sambal Ibu Kribo Khas Bogor (Sangat Pedas),sambel cumi bawang sambal ibu kribo sangat pedas,Makanan,Lauk & Bahan Makanan,shopee,Bogor,Bogor,Ibu Kribo Pedas,30000.0,300.0,4.9,0.7576558265027287,0.8942772963366815,0.9750000000000001,16.012735246411598,27.964840297269493,1,5,1,1,False,True,False,False,True,False,False,False,False,1,1,0,0,0,0
https://shopee.co.id/SAMBEL-TERI-KECOMBRANG-Sambal-Ibu-Kribo-Khas-Bogor-(Pedas-Sedang)-i.46925330.741767287?extraParams=%7B%22display_model_id%22%3A72836740903%2C%22model_selection_logic%22%3A3%7D&sp_atk=e5b2f0f7-b98c-4519-8d00-115badddb474&xptdk=e5b2f0f7-b98c-4519-8d00-115badddb474,SAMBEL TERI KECOMBRANG Sambal Ibu Kribo Khas Bogor (Pedas Sedang),sambel teri kecombrang sambal ibu kribo pedas sedang,Makanan,Lauk & Bahan Makanan,shopee,Bogor,Bogor,Ibu Kribo Sambal,8000.0,543.5,4.9,0.5129653057215793,1.0,0.9750000000000001,15.28522675721401,30.869352917627776,1,5,1,1,False,True,False,False,True,False,False,False,False,1,1,0,0,0,0
https://shopee.co.id/SAMBEL-BARU!-SAMBEL-TUNA-KECOMBRANG-Sambal-Ibu-Kribo-Khas-Bogor-i.46925330.40303340008?extraParams=%7B%22display_model_id%22%3A260276867645%2C%22model_selection_logic%22%3A3%7D&sp_atk=13bb53cd-21cd-4db7-8542-64b1fadeb3cd&xptdk=13bb53cd-21cd-4db7-8542-64b1fadeb3cd,SAMBEL BARU! SAMBEL TUNA KECOMBRANG Sambal Ibu Kribo Khas Bogor,sambel baru sambel tuna kecombrang sambal ibu kribo,Makanan,Lauk & Bahan Makanan,shopee,Bogor,Bogor,Ibu Kribo Tuna,111075.75,17.0,5.0,1.0000000000000002,0.3918912089043816,1.0,14.451181553612155,14.451858789480823,1,5,1,1,False,True,False,False,True,False,False,False,False,1,1,0,0,0,2
https://shopee.co.id/Snack-Enak-Jipang-Beras-Pala-Khas-Bogor-250gr-i.186809267.13124325145?extraParams=%7B%22display_model_id%22%3A121097759924%2C%22model_selection_logic%22%3A2%7D&sp_atk=b8682aaf-89be-430f-8e10-99a7d56ca18f&xptdk=b8682aaf-89be-430f-8e10-99a7d56ca18f,Snack Enak Jipang Beras Pala Khas Bogor 250gr,snack enak jipang beras pala 250gr,Makanan,Camilan & Snack,shopee,Bogor,Bogor,Identik Bakery,20500.0,543.5,4.9,0.6871631537195602,1.0,0.9750000000000001,16.22620996144027,30.869352917627776,1,2,1,1,False,True,False,False,True,False,False,False,False,1,1,0,0,0,0
https://www.tokopedia.com/ikanlautsegarcakalfath/kacang-bogor-berkualitas-500gr?extParam=ivf%3Dfalse%26keyword%3Doleh-olehkhasbogor%26search_id%3D20260701035234F61D6947467CCD2EDKYW%26src%3Dsearch,Kacang Bogor Berkualitas 500Gr,kacang berkualitas 500gr,Makanan,Camilan & Snack,tokopedia,Jakarta Selatan,Jakarta,IKAN LAUT SEGAR CAK AL FATH,35000.0,100.0,4.9,0.786194123540094,0.6995128708733925,0.9750000000000001,15.068273812173887,22.614090532522173,1,2,2,3,False,False,True,False,False,False,True,False,False,0,1,0,0,0,1
https://shopee.co.id/KAOS-DISTRO-BOGOR-MOTHAI-STYLE-KAOS-ATASAN-PRIA-KAOS-RACING-KAOS-MOTOR-KAOS-KEREN-TERBARU-BAJU-VIRAL-KEKINIAN-BAJU-TIKTOK-VIRAL-BAJU-MURAH-BAJU-KOMUNITAS-MOTOR-BAJU-UNISEX-BAJU-PRIA-DAN-WANITA-TERBARU-i.1693023457.50562526923?extraParams=%7B%22display_model_id%22%3A282713915138%2C%22model_selection_logic%22%3A3%7D&sp_atk=168d33f5-a686-4b93-9714-8027b7951f58&xptdk=168d33f5-a686-4b93-9714-8027b7951f58,KAOS DISTRO BOGOR MOTHAI STYLE | KAOS ATASAN PRIA | KAOS RACING | KAOS MOTOR | KAOS KEREN TERBARU | BAJU VIRAL KEKINIAN | BAJU TIKTOK VIRAL | BAJU MURAH | BAJU KOMUNITAS MOTOR | BAJU UNISEX | BAJU PRIA DAN WANITA TERBARU,kaos distro mothai style kaos atasan pria kaos racing kaos motor kaos keren terbaru baju viral kekinian baju tiktok viral baju murah baju komunitas motor baju unisex baju pria wanita terbaru,Pakaian & Fashion,Atasan & Pakaian Kasual,shopee,Bogor,Bogor,Indokids Bogor,52500.0,11.0,5.0,0.8612594386099246,0.3195735163826218,1.0,13.266465452978318,12.424533248940001,3,1,1,1,False,True,False,False,True,False,False,False,False,1,0,0,1,0,1
https://shopee.co.id/Tshirt-Kaos-Indonesia-Bogor-City-Premium-Quality-Baju-Kota-Bogor-Indonesia-Oleh2-Premium-Quality-Kaos-Oleh-Oleh-Liburan-Pria-Distro-Kaos-Tshirt-Souvenir-Jalan-Jalan-Luar-Negeri-Baju-Pria-Distro-Nasional-Negara-i.1290261309.52801793120?extraParams=%7B%22display_model_id%22%3A425166248281%2C%22model_selection_logic%22%3A2%7D&sp_atk=f630776a-e3b0-4915-9fa7-e07e1141f8a1&xptdk=f630776a-e3b0-4915-9fa7-e07e1141f8a1,Tshirt Kaos Indonesia Bogor City Premium Quality  - Baju Kota Bogor Indonesia Oleh2 Premium Quality - Kaos Oleh-Oleh Liburan Pria Distro - Kaos Tshirt Souvenir Jalan-Jalan Luar Negeri - Baju Pria Distro Nasional Negara,tshirt kaos indonesia city premium quality baju kota indonesia oleh2 premium quality kaos liburan pria distro kaos tshirt souvenir jalan jalan luar negeri baju pria distro nasional negara,Pakaian & Fashion,Atasan & Pakaian Kasual,shopee,Bogor,Bogor,Indonesia Bogor City,50320.0,5.0,5.0,0.853407777372299,0.19594560445219078,1.0,12.435599778363322,8.958797346140274,3,1,1,1,False,True,False,False,True,False,False,False,False,1,0,0,1,0,1
https://shopee.co.id/KAOS-KATA-BOGOR-RAIN-CITY-KAOS-MURAH-KAOS-DISTRO-KAOS-PRIA-KAOS-WANITA-KAOS-SUNDA-i.1352113627.25885889958?extraParams=%7B%22display_model_id%22%3A256570972801%2C%22model_selection_logic%22%3A2%7D&sp_atk=af5cb0a5-3262-467f-b9ec-409ed3bdd160&xptdk=af5cb0a5-3262-467f-b9ec-409ed3bdd160,KAOS KATA - BOGOR RAIN CITY / KAOS MURAH / KAOS DISTRO / KAOS PRIA / KAOS WANITA / KAOS SUNDA,kaos kata rain city kaos murah kaos distro kaos pria kaos wanita kaos sunda,Pakaian & Fashion,Atasan & Pakaian Kasual,shopee,Bogor,Bogor,Indonesia Bogor Premium,53750.0,11.0,5.0,0.8656157504190609,0.3195735163826218,1.0,13.289995910118773,12.424533248940001,3,1,1,1,False,True,False,False,True,False,False,False,False,1,0,0,1,0,1
https://www.tokopedia.com/inkopassejahtera/rantai-emas-kopi-bogor-tubruk-gula-kopi-bubuk-gula-isi-20-sachet?extParam=ivf%3Dfalse%26keyword%3Dminumankhasbogor%26search_id%3D202607010437141543843A4723ED1DFNTT%26src%3Dsearch,Rantai Emas Kopi Bogor Tubruk Gula - Kopi Bubuk & Gula (Isi 20 sachet),rantai emas kopi tubruk gula kopi bubuk gula isi sachet,Minuman,Kopi,tokopedia,Bogor,Bogor,Inkopas Sejahtera,22100.0,250.0,5.0,0.7010761392830278,0.8618773725069901,1.0,15.52479398636355,27.627264695658916,2,3,2,1,False,False,True,False,True,False,False,False,False,1,0,1,0,0,0
https://shopee.co.id/KOPI-CAP-TEKO-TOKO-AGUS-ISI-30-SACHET-x-8-GRAM-KOPI-KHAS-BOGOR-Inum-Drink-i.1627615902.51557018963?extraParams=%7B%22display_model_id%22%3A267446856294%2C%22model_selection_logic%22%3A3%7D&sp_atk=356abcf4-6b8b-49db-8380-e262e090fd5b&xptdk=356abcf4-6b8b-49db-8380-e262e090fd5b,KOPI CAP TEKO TOKO AGUS ISI 30 SACHET x 8 GRAM KOPI KHAS BOGOR - Inum Drink,kopi cap teko toko agus isi sachet gram kopi inum drink,Minuman,Kopi,shopee,Tangerang Selatan,Tangerang,Inum Drink,4000.0,224.0,4.9,0.38466042578261095,0.8423735410210074,0.9750000000000001,13.705696808027874,26.53889197080166,2,3,1,5,False,True,False,False,False,False,False,False,True,0,0,1,0,0,0
https://shopee.co.id/Kaos-motor-MIO-BOGOR-MODIFIKASI-Viral-T-shirt-Cotton-Combed-30s-Baju-Racing-Pria-Wanita-i.1730440014.42379078161?extraParams=%7B%22display_model_id%22%3A272437758817%2C%22model_selection_logic%22%3A2%7D&sp_atk=82f9ddde-9627-4527-ac5c-2e389648e1aa&xptdk=82f9ddde-9627-4527-ac5c-2e389648e1aa,Kaos motor MIO BOGOR MODIFIKASI Viral T-shirt Cotton Combed 30s Baju Racing Pria Wanita,kaos motor mio modifikasi viral shirt cotton combed 30s baju racing pria wanita,Pakaian & Fashion,Atasan & Pakaian Kasual,shopee,Bogor,Bogor,IPB Long Sleeve,58560.0,11.0,5.0,0.8814833294395126,0.3195735163826218,1.0,13.375703973841699,12.424533248940001,3,1,1,1,False,True,False,False,True,False,False,False,False,1,0,0,1,0,1
https://shopee.co.id/KAOS-BPPKB-BANTEN-DPAC-BOGOR-BARAT-KOTA-BISA-COD-KAOS-BPPKB-BADAN-PEMBINAAN-POTENSI-KELUARGA-BESAR-DPAC-BOGOR-BARAT-KOTA-LENGAN-PENDEK-COD-i.1706229390.52108192642?extraParams=%7B%22display_model_id%22%3A390728575296%2C%22model_selection_logic%22%3A2%7D&sp_atk=5c842619-714c-42b2-aea4-3ab2fedd7687&xptdk=5c842619-714c-42b2-aea4-3ab2fedd7687,KAOS BPPKB BANTEN DPAC BOGOR BARAT KOTA BISA COD // KAOS BPPKB BADAN PEMBINAAN POTENSI KELUARGA BESAR DPAC BOGOR BARAT KOTA LENGAN PENDEK COD,kaos bppkb banten dpac barat kota bisa cod kaos bppkb badan pembinaan potensi keluarga besar dpac barat kota lengan pendek cod,Pakaian & Fashion,Atasan & Pakaian Kasual,shopee,Bogor,Bogor,IPB Official Merchandise,43715.0,1.0,5.0,0.8273572935061102,0.0,1.0,10.685469446796564,3.4657359027997265,3,1,1,1,False,True,False,False,True,False,False,False,False,1,0,0,1,0,1
https://shopee.co.id/Poloshirt-Polo-Kaos-Baju-Kerah-IPB-Institut-Pertanian-Bogor-Termurah-i.379908948.10834369166?extraParams=%7B%22display_model_id%22%3A111760253433%2C%22model_selection_logic%22%3A3%7D&sp_atk=821ebe8c-9533-43b8-a379-d8430772d77c&xptdk=821ebe8c-9533-43b8-a379-d8430772d77c,Poloshirt Polo Kaos Baju Kerah IPB Institut Pertanian Bogor  Termurah,poloshirt polo kaos baju kerah ipb institut pertanian termurah,Pakaian & Fashion,Atasan & Pakaian Kasual,shopee,Jakarta Pusat,Jakarta,IPB Polo Official,79900.0,11.0,5.0,0.9390093624394165,0.3195735163826218,1.0,13.686427542337958,12.424533248940001,3,1,1,3,False,True,False,False,False,False,True,False,False,0,0,0,1,0,2
https://shopee.co.id/Sari-Pala-Minuman-Buah-Segar-Alami-Khas-Bogor-250-ml-i.87274962.2264835153?extraParams=%7B%22display_model_id%22%3A40352986688%2C%22model_selection_logic%22%3A2%7D&sp_atk=a1912cce-e17c-4f73-916d-1a6975db2b75&xptdk=a1912cce-e17c-4f73-916d-1a6975db2b75,Sari Pala Minuman Buah Segar Alami Khas Bogor 250 ml,sari pala minuman buah segar alami ml,Minuman,Minuman Tradisional,shopee,Bogor,Bogor,Jahe Merah Bogor,60090.0,543.5,5.0,0.8862582534169186,1.0,1.0,17.301628454508748,31.499339711865076,2,7,1,1,False,True,False,False,True,False,False,False,False,1,0,1,0,0,1
https://www.tokopedia.com/tulip53/manisan-basah-buah-anggur-bogor-kualitas-premium-200-gram-400-gram-1732354436806182067-1735702987111564467?extParam=ivf%3Dfalse%26keyword%3Doleh-olehkhasbogor%26search_id%3D20260701035234F61D6947467CCD2EDKYW%26src%3Dsearch,Manisan Basah aneka Buah ANGGUR BOGOR SALAK PEPAYA MANGGA KEDONDONG LOKAL DONDONG BANGKOK BENGKOANGKualitas Premium 200 gram / 400 gram,manisan basah aneka buah anggur salak pepaya mangga kedondong lokal dondong bangkok bengkoangkualitas premium gram gram,Makanan,Camilan & Snack,tokopedia,Jakarta Barat,Jakarta,jajanmaniaa,12500.0,543.5,4.7,0.595581763987012,1.0,0.925,15.731513777045759,29.60937932915317,1,2,2,3,False,False,True,False,False,False,True,False,False,0,1,0,0,0,0
https://shopee.co.id/KAOS-DISTRO-KEREN-GANGSTER-DEPOK-BOGOR-i.1362922152.24194458122?extraParams=%7B%22display_model_id%22%3A109481455768%2C%22model_selection_logic%22%3A2%7D&sp_atk=a28ffc39-64e4-4561-928e-7d36981023c7&xptdk=a28ffc39-64e4-4561-928e-7d36981023c7,KAOS DISTRO KEREN GANGSTER DEPOK BOGOR,kaos distro keren gangster depok,Pakaian & Fashion,Atasan & Pakaian Kasual,shopee,Jakarta Timur,Jakarta,Jakarta Bogor Apparel,46000.0,1.0,5.0,0.8367898933986784,0.0,1.0,10.736418414365374,3.4657359027997265,3,1,1,3,False,True,False,False,False,False,True,False,False,0,0,0,1,0,1
https://shopee.co.id/Rafles-Pie-Talas-Cokelat-by-Rasalokal-i.237534970.26360397847?extraParams=%7B%22display_model_id%22%3A246540847546%2C%22model_selection_logic%22%3A2%7D&sp_atk=cf327b85-7008-49b3-ac20-4f2c2e57e8ae&xptdk=cf327b85-7008-49b3-ac20-4f2c2e57e8ae,Rafles Pie Talas Cokelat by Rasalokal,rafles pie talas cokelat by rasalokal,Makanan,Kue & Roti,shopee,Bogor,Bogor,Jakarta Cheese Factory,40000.0,274.0,4.9,0.8109152233556896,0.878164639594866,0.9750000000000001,16.209762930725017,27.522178378566203,1,4,1,1,False,True,False,False,True,False,False,False,False,1,1,0,0,0,1
https://shopee.co.id/KAOS-SPECIAL-JAKARTA-X-BOGOR-KAOS-PERSIJA-CASUAL-FOOTBAL-KAOS-JAKARTA-IS-WONDERFUL-BAJU-KAOS-DISTRO-i.19849231.26555986997?extraParams=%7B%22display_model_id%22%3A233025258287%2C%22model_selection_logic%22%3A2%7D&sp_atk=3122b2ed-4441-4987-a69a-ce7b2d00a943&xptdk=3122b2ed-4441-4987-a69a-ce7b2d00a943,KAOS SPECIAL JAKARTA X BOGOR / KAOS PERSIJA / CASUAL FOOTBAL / KAOS JAKARTA IS WONDERFUL / BAJU KAOS DISTRO,kaos special jakarta kaos persija casual footbal kaos jakarta is wonderful baju kaos distro,Pakaian & Fashion,Atasan & Pakaian Kasual,shopee,Jakarta Barat,Jakarta,Jakarta X Bogor,37800.0,2.0,5.0,0.8004421599649147,0.07231769252175978,1.0,11.233224789593368,5.493061443340547,3,1,1,3,False,True,False,False,False,False,True,False,False,0,0,0,1,0,1
https://shopee.co.id/Lapis-Bogor-Sangkuriang-Oleh-Oleh-Khas-Bogor-i.1529493210.25644809913?extraParams=%7B%22display_model_id%22%3A29916592061%2C%22model_selection_logic%22%3A3%7D&sp_atk=7db13499-5998-4dea-afc3-bfa20dee7fa4&xptdk=7db13499-5998-4dea-afc3-bfa20dee7fa4,Lapis Bogor Sangkuriang || Oleh Oleh Khas Bogor,lapis sangkuriang,Makanan,Kue & Roti,shopee,Bekasi,Bekasi,Jipang Bogor Store,54668.0,79.0,5.0,0.8687509823810158,0.6579388578148214,1.0,15.278481892098986,21.910133173369406,1,4,1,0,False,True,False,True,False,False,False,False,False,0,1,0,0,0,1
https://shopee.co.id/Bogor-Raincake-Pistachio-Choco-Strip-i.172394964.28824110827?extraParams=%7B%22display_model_id%22%3A218165310029%2C%22model_selection_logic%22%3A3%7D&sp_atk=df4dfaa8-8e58-410a-84d4-506dbfd08570&xptdk=df4dfaa8-8e58-410a-84d4-506dbfd08570,Bogor Raincake - Pistachio Choco Strip,raincake pistachio choco strip,Makanan,Kue & Roti,shopee,Bogor,Bogor,Jipang Pala Bogor,79500.0,145.0,4.8,0.9380801967647032,0.7652350854300379,0.95,16.26024612981207,23.921311784200014,1,4,1,1,False,True,False,False,True,False,False,False,False,1,1,0,0,0,2
https://www.tokopedia.com/jongmarket/asinan-sedap-gedong-dalam-sayur-buah-campur-oleh-oleh-bogor-kuah-cuka-1733377840284206814?extParam=ivf%3Dfalse%26keyword%3Doleh-olehkhasbogor%26search_id%3D20260701035234F61D6947467CCD2EDKYW%26src%3Dsearch,Asinan SEDAP GEDONG DALAM Sayur Buah Campur Oleh-oleh Bogor Kuah Cuka,asinan sedap gedong dalam sayur buah campur kuah cuka,Makanan,Makanan Tradisional,tokopedia,Jakarta Pusat,Jakarta,Jong Mini Market,61600.0,100.0,4.9,0.8908530176322238,0.6995128708733925,0.9750000000000001,15.633587497847351,22.614090532522173,1,6,2,3,False,False,True,False,False,False,True,False,False,0,1,0,0,0,1
https://www.tokopedia.com/jongmarket/ngo-hiang-khas-bogor-gedung-dalam-surya-kencana-gohyong-ngohiong-ayam-campur?extParam=ivf%3Dfalse%26keyword%3Doleh-olehkhasbogor%26search_id%3D20260701035234F61D6947467CCD2EDKYW%26src%3Dsearch,Ngo Hiang Khas Bogor Gedung Dalam Surya Kencana Gohyong Ngohiong,ngo hiang gedung dalam surya kencana gohyong ngohiong,Makanan,Makanan Tradisional,tokopedia,Jakarta Pusat,Jakarta,Jong Mini Market,86700.0,100.0,4.8,0.9541309039391572,0.6995128708733925,0.95,15.97537946409697,22.152578480838045,1,6,2,3,False,False,True,False,False,False,True,False,False,0,1,0,0,0,2
https://www.tokopedia.com/jongmarket/non-halal-ngo-hiang-gang-aut-bogor-kuliner-jajanan-gohyong-oleh-oleh-babi-campur?extParam=ivf%3Dfalse%26keyword%3Doleh-olehkhasbogor%26search_id%3D20260701035234F61D6947467CCD2EDKYW%26src%3Dsearch,NON HALAL Ngo Hiang Gang Aut Bogor Kuliner Jajanan Gohyong Oleh-oleh,non halal ngo hiang gang aut kuliner jajanan gohyong,Makanan,Makanan Tradisional,tokopedia,Jakarta Pusat,Jakarta,Jong Mini Market,86700.0,250.0,5.0,0.9541309039391572,0.8618773725069901,1.0,16.89167012676698,27.627264695658916,1,6,2,3,False,False,True,False,False,False,True,False,False,0,1,0,0,0,2
https://www.tokopedia.com/jt-clothing/promo-kaos-bogor-simpel-model-4-kaos-bogor-pride-warna-hitam-bahan-katun-24s-100-kualitas-premium-1732706381576504750?extParam=ivf%3Dfalse%26keyword%3Dbaju+khas+bogor%26search_id%3D2026070104595440008B9A5380FC1AC4ZX%26src%3Dsearch,PROMO Kaos Bogor Simpel Model 4 / Kaos Bogor Pride Warna Hitam Bahan Katun 24s 100% Kualitas Premium,promo kaos simpel model kaos pride warna hitam bahan katun 24s kualitas premium,Pakaian & Fashion,Atasan & Pakaian Kasual,tokopedia,Kab. Bogor,Bogor,JT-Clothing,79000.0,3.0,5.0,0.9369121433072845,0.12362791193043103,1.0,12.37581963951765,6.931471805599453,3,1,2,1,False,False,True,False,True,False,False,False,False,1,0,0,1,0,2
https://shopee.co.id/KOPI-GULA-CAP-LIONG-BULAN-ISI-20-pcs-KHAS-BOGOR-i.275379407.28134609633?extraParams=%7B%22display_model_id%22%3A218461444490%2C%22model_selection_logic%22%3A2%7D&sp_atk=471ed028-1ff5-49b0-a431-d3cafd30ff3a&xptdk=471ed028-1ff5-49b0-a431-d3cafd30ff3a,KOPI  GULA CAP LIONG BULAN ISI 20 pcs KHAS BOGOR,kopi gula cap liong bulan isi pcs,Minuman,Kopi,shopee,Depok,Depok,Juns Drink,59000.0,10.0,1.0,0.8828691715681718,0.3040543955478092,0.0,13.28787951079572,2.3978952727983707,2,3,1,2,False,True,False,False,False,True,False,False,False,0,0,1,0,0,1
https://shopee.co.id/Lapis-Bogor-Sangkuriang-Cocopandan-Reguler-Pack-(500gr)-Oleh-oleh-Khas-Bogor-i.237534970.5627746467?extraParams=%7B%22display_model_id%22%3A50858205793%2C%22model_selection_logic%22%3A3%7D&sp_atk=775be04e-487d-43d0-b85c-25332a351606&xptdk=775be04e-487d-43d0-b85c-25332a351606,Lapis Bogor Sangkuriang Cocopandan - Reguler Pack (500gr) - Oleh-oleh Khas Bogor,lapis sangkuriang cocopandan reguler pack 500gr,Makanan,Kue & Roti,shopee,Bogor,Bogor,Kabayan Nusantara,53000.0,543.5,4.7,0.8630142828888043,1.0,0.925,17.176076933811114,29.60937932915317,1,4,1,1,False,True,False,False,True,False,False,False,False,1,1,0,0,0,1
https://shopee.co.id/Lapis-Talas-Bogor-Kabayan-oleh-oleh-bogor-jakarta-nusantara-brownies-kukus-visit-Bogor-pesta-arisan-i.1060100218.23352610820?extraParams=%7B%22display_model_id%22%3A88772145744%2C%22model_selection_logic%22%3A2%7D&sp_atk=456c167c-cc4f-47f2-81d5-f89a2cc229ea&xptdk=456c167c-cc4f-47f2-81d5-f89a2cc229ea,Lapis Talas Bogor Kabayan | oleh oleh bogor jakarta nusantara brownies kukus visit Bogor pesta arisan,lapis talas kabayan jakarta nusantara brownies kukus visit pesta arisan,Makanan,Kue & Roti,shopee,Kab. Tangerang,Tangerang,Kabayan Official,47000.0,246.0,5.0,0.8407714277834921,0.8590121321666435,1.0,16.26323450311478,27.546941683139888,1,4,1,5,False,True,False,False,False,False,False,False,True,0,1,0,0,0,1
https://shopee.co.id/Lapis-Talas-Bogor-Kabita-i.397811192.43829971831?extraParams=%7B%22display_model_id%22%3A360766854488%2C%22model_selection_logic%22%3A2%7D&sp_atk=dbd6225c-9827-4b13-938f-2182c45a47cd&xptdk=dbd6225c-9827-4b13-938f-2182c45a47cd,Lapis Talas Bogor Kabita,lapis talas kabita,Makanan,Kue & Roti,shopee,Depok,Depok,Kabita Talas Official,32000.0,173.0,5.0,0.7696039861216921,0.7965276510775301,1.0,15.526782956915465,25.795276496072646,1,4,1,2,False,True,False,False,False,True,False,False,False,0,1,0,0,0,1
https://shopee.co.id/BAJU-BOGOR-STREET-CULTURE-KAOS-DISTRO-BOGOR-STREET-READY-STOK-i.152940486.25415354995?extraParams=%7B%22display_model_id%22%3A205133851802%2C%22model_selection_logic%22%3A2%7D&sp_atk=fa7f2b87-a304-4e60-b819-bca42b3aeccb&xptdk=fa7f2b87-a304-4e60-b819-bca42b3aeccb,BAJU BOGOR STREET CULTURE/ KAOS DISTRO BOGOR STREET READY STOK,baju street culture kaos distro street ready stok,Pakaian & Fashion,Atasan & Pakaian Kasual,shopee,Jakarta Barat,Jakarta,Kabomania Distro,37000.0,9.0,5.0,0.7964819395592921,0.28705512202352834,1.0,12.715900771961074,11.51292546497023,3,1,1,3,False,True,False,False,False,False,True,False,False,0,0,0,1,0,1
https://shopee.co.id/KAOS-BOGOR-KAOS-KOTA-BOGOR-KAOS-PRIA-KAOS-WANITA-KAOS-DOSTRO-KAOS-COMBED-KASO-ADEM-KAOS-KEKINIAN-KAOS-MURAH-i.28502216.27577008060?extraParams=%7B%22display_model_id%22%3A99112062660%2C%22model_selection_logic%22%3A3%7D&sp_atk=3b89324e-b696-477e-9961-637e4819b4a9&xptdk=3b89324e-b696-477e-9961-637e4819b4a9,KAOS BOGOR - KAOS KOTA BOGOR / KAOS PRIA / KAOS WANITA / KAOS DOSTRO / KAOS COMBED / KASO ADEM / KAOS KEKINIAN / KAOS MURAH,kaos kaos kota kaos pria kaos wanita kaos dostro kaos combed kaso adem kaos kekinian kaos murah,Pakaian & Fashion,Atasan & Pakaian Kasual,shopee,Kab. Bekasi,Bekasi,Kabomania Official,92999.0,1.0,2.0,0.9671154000678464,0.0,0.25,11.440354772135393,1.3862943611198906,3,1,1,0,False,True,False,True,False,False,False,False,False,0,0,0,1,0,2
https://shopee.co.id/Milkbun-Halal-by-Bogor-Raincake-Milkbun-Thailand-Milkbun-isi-4-Milkbun-Durian-Milkbun-Vanilla-i.172394964.25631698788?extraParams=%7B%22display_model_id%22%3A226408819029%2C%22model_selection_logic%22%3A3%7D&sp_atk=49a91851-954a-4e49-8d64-1263673c73b4&xptdk=49a91851-954a-4e49-8d64-1263673c73b4,Milkbun Halal by Bogor Raincake - Milkbun Thailand - Milkbun isi 4 - Milkbun Durian- Milkbun Vanilla,milkbun halal by raincake milkbun thailand milkbun isi milkbun durian milkbun vanilla,Makanan,Kue & Roti,shopee,Bogor,Bogor,Kacang Bogor Official,17000.0,82.0,4.8,0.6525050059856217,0.6645049014411518,0.95,14.147688587662463,21.210434917423672,1,4,1,1,False,True,False,False,True,False,False,False,False,1,1,0,0,0,0
https://shopee.co.id/BATIK-TRADISIKU-Kain-Batik-Bogor-Kacapi-Suling-i.31828090.24921699244?extraParams=%7B%22display_model_id%22%3A240561407969%2C%22model_selection_logic%22%3A3%7D&sp_atk=f5e46c3d-b2cc-4e6b-98fb-8eab356fbbc1&xptdk=f5e46c3d-b2cc-4e6b-98fb-8eab356fbbc1,BATIK TRADISIKU Kain Batik Bogor Kacapi Suling,batik tradisiku kain batik kacapi suling,Pakaian & Fashion,Pakaian Tradisional,shopee,Bogor,Bogor,Kacapi Suling Batik,111075.75,5.0,5.0,1.0000000000000002,0.19594560445219078,1.0,13.227407392981288,8.958797346140274,3,8,1,1,False,True,False,False,True,False,False,False,False,1,0,0,1,0,2
https://shopee.co.id/Jual-kain-batik-bogor-kampung-urug-bahan-kain-saja-2-meter-Limited-i.236023798.13689890306?extraParams=%7B%22display_model_id%22%3A68702414786%2C%22model_selection_logic%22%3A3%7D&sp_atk=0e17f994-41ac-4f68-86c6-c0ed26356ea7&xptdk=0e17f994-41ac-4f68-86c6-c0ed26356ea7,Jual kain batik bogor kampung urug - bahan kain saja 2 meter Limited,jual kain batik kampung urug bahan kain saja meter limited,Pakaian & Fashion,Pakaian Tradisional,shopee,Jakarta Barat,Jakarta,Kain Batik Premium,111075.75,8.5,5.0,1.0000000000000002,0.27790658465799645,1.0,13.758034902632094,11.256458993032476,3,8,1,3,False,True,False,False,False,False,True,False,False,0,0,0,1,0,2
https://shopee.co.id/BATIK-TRADISIKU-Kain-Batik-Bogor-Kampung-Urug-i.31828090.1941812864?extraParams=%7B%22display_model_id%22%3A255239949839%2C%22model_selection_logic%22%3A3%7D&sp_atk=3b7952e5-035e-4d2e-9582-3f3b25e5d99e&xptdk=3b7952e5-035e-4d2e-9582-3f3b25e5d99e,BATIK TRADISIKU Kain Batik Bogor Kampung Urug,batik tradisiku kain batik kampung urug,Pakaian & Fashion,Pakaian Tradisional,shopee,Bogor,Bogor,Kampung Urug Batik,111075.75,543.5,4.9,1.0000000000000002,1.0,0.9750000000000001,17.91599740310165,30.869352917627776,3,8,1,1,False,True,False,False,True,False,False,False,False,1,0,0,1,0,2
https://shopee.co.id/BATIK-TRADISIKU-Kain-Batik-Bogor-Kampung-Urug-BS09-i.788693809.28575121616?extraParams=%7B%22display_model_id%22%3A247579217825%2C%22model_selection_logic%22%3A3%7D&sp_atk=2bc1f31a-562a-444a-9d77-e06c3cff9b71&xptdk=2bc1f31a-562a-444a-9d77-e06c3cff9b71,BATIK TRADISIKU Kain Batik Bogor Kampung Urug BS09,batik tradisiku kain batik kampung urug bs09,Pakaian & Fashion,Pakaian Tradisional,shopee,Depok,Depok,Kampung Urug Official,111075.75,8.5,5.0,1.0000000000000002,0.27790658465799645,1.0,13.758034902632094,11.256458993032476,3,8,1,2,False,True,False,False,False,True,False,False,False,0,0,0,1,0,2
https://shopee.co.id/kain-batik-bogor-kampung-urug-i.1427806786.29779389292?extraParams=%7B%22display_model_id%22%3A129278245624%2C%22model_selection_logic%22%3A3%7D&sp_atk=c57021d5-e976-4760-849f-add9e35ee6d3&xptdk=c57021d5-e976-4760-849f-add9e35ee6d3,kain batik bogor kampung urug,kain batik kampung urug,Pakaian & Fashion,Pakaian Tradisional,shopee,Kab. Bekasi,Bekasi,Kampung Urug Premium,111075.75,8.5,5.0,1.0000000000000002,0.27790658465799645,1.0,13.758034902632094,11.256458993032476,3,8,1,0,False,True,False,True,False,False,False,False,False,0,0,0,1,0,2
https://shopee.co.id/RANGGINANG-MENTAH-KETAN-HITAM-KETAN-PUTIH-(PINK)-RENYAH-GURIH-ORIGINAL-HOME-MADE-KHAS-BOGOR-i.13227359.1122202102?extraParams=%7B%22display_model_id%22%3A1472809421%2C%22model_selection_logic%22%3A2%7D&sp_atk=1e546693-e3e9-45c4-b3a9-5bda0a71cdf9&xptdk=1e546693-e3e9-45c4-b3a9-5bda0a71cdf9,RANGGINANG MENTAH KETAN HITAM & KETAN PUTIH (PINK) RENYAH GURIH ORIGINAL HOME MADE KHAS BOGOR,rangginang mentah ketan hitam ketan putih pink renyah gurih original home made,Makanan,Lauk & Bahan Makanan,shopee,Bogor,Bogor,Kanung Bogor,54000.0,24.0,4.4,0.8664748459680991,0.45048233211662564,0.8500000000000001,14.074793927498998,14.163053629420084,1,5,1,1,False,True,False,False,True,False,False,False,False,1,1,0,0,0,1
https://shopee.co.id/Kacang-Bogor-Oleh-Oleh-Khas-Bogor-Gurih-dan-Renyah-i.405899.8686869776?extraParams=%7B%22display_model_id%22%3A94008580392%2C%22model_selection_logic%22%3A2%7D&sp_atk=1ee6a65c-2147-4d9d-a572-623c78611f89&xptdk=1ee6a65c-2147-4d9d-a572-623c78611f89,Kacang Bogor Oleh-Oleh Khas Bogor Gurih dan Renyah,kacang gurih renyah,Makanan,Camilan & Snack,shopee,Tangerang Selatan,Tangerang,Kanung Mamol,37800.0,319.0,4.9,0.8004421599649147,0.9051946816756834,0.9750000000000001,16.305255567323638,28.264772879389486,1,2,1,5,False,True,False,False,False,False,False,False,True,0,1,0,0,0,1
https://shopee.co.id/Batik-Tulis-Lawasan-2-Toko-Alami-Bogor-i.476727000.11014808055?extraParams=%7B%22display_model_id%22%3A36175288880%2C%22model_selection_logic%22%3A3%7D&sp_atk=3cc78e89-1858-4084-b566-3b7eb5ef7444&xptdk=3cc78e89-1858-4084-b566-3b7eb5ef7444,Batik Tulis Lawasan 2 Toko Alami Bogor,batik tulis lawasan toko alami,Pakaian & Fashion,Pakaian Tradisional,shopee,Bogor,Bogor,Kaos Kembang Bogor,111075.75,8.5,5.0,1.0000000000000002,0.27790658465799645,1.0,13.758034902632094,11.256458993032476,3,8,1,1,False,True,False,False,True,False,False,False,False,1,0,0,1,0,2
https://shopee.co.id/Kaos-Polos-Pendek-Cotton-Combed-30s-Premium-Kaos-Polos-Bandung-Kaos-Polos-Tangerang-Kaos-Polos-Jakarta-Kaos-Polos-Bekasi-Kaos-Polos-Bogor-i.269029924.23682240533?extraParams=%7B%22display_model_id%22%3A158390517975%2C%22model_selection_logic%22%3A2%7D&sp_atk=c493abf4-57f7-4357-bce6-e3ddf618cbde&xptdk=c493abf4-57f7-4357-bce6-e3ddf618cbde,Kaos Polos Pendek Cotton Combed 30s Premium / Kaos Polos Bandung / Kaos Polos Tangerang / Kaos Polos Jakarta / Kaos Polos Bekasi/ Kaos Polos Bogor,kaos polos pendek cotton combed 30s premium kaos polos bandung kaos polos tangerang kaos polos jakarta kaos polos bekasi kaos polos,Pakaian & Fashion,Atasan & Pakaian Kasual,shopee,Jakarta Selatan,Jakarta,Kaos Polos Nusantara,53900.0,275.0,4.5,0.8661316859747712,0.8788120354978864,0.875,16.51165692202866,25.291803895727174,3,1,1,3,False,True,False,False,False,False,True,False,False,0,0,0,1,0,1
https://www.tokopedia.com/kaosunique/kaos-souvenir-oleh-oleh-kota-bogor-destinasi-wisata-kota-kota-populer-indonesia-unisex-kaos-cowo-cewe-bahan-tebal-combed-20s-1731167691166614791?extParam=ivf%3Dfalse%26keyword%3Dbaju+khas+bogor%26search_id%3D2026070104595440008B9A5380FC1AC4ZX%26src%3Dsearch,Kaos Oleh-Oleh Bogor | Souvenir Liburan | Nyaman Dipakai | Kaos Wisata Jawa Barat,kaos souvenir liburan nyaman dipakai kaos wisata jawa barat,Pakaian & Fashion,Atasan & Pakaian Kasual,tokopedia,Tangerang Selatan,Tangerang,Kaos Unique,96000.0,2.0,5.0,0.9729952252800811,0.07231769252175978,1.0,12.165255859329688,5.493061443340547,3,1,2,5,False,False,True,False,False,False,False,False,True,0,0,0,1,0,2
https://www.tokopedia.com/kaosin-murah/kaos-bogor-rain-city-baju-bogor-rain-city-bahan-kain-semi-katun-tidak-terlalu-tebal-adem-nyaman-di-gunakan-bahan-sablon-dtf-printing-kaosin-murah-kaos-distro-aa039-santai-pria-dewasa-wanita-1731442446469858352?extParam=ivf%3Dfalse%26keyword%3Dbaju+khas+bogor%26search_id%3D2026070104595440008B9A5380FC1AC4ZX%26src%3Dsearch,Kaos Bogor Rain City - Baju Bogor Rain City - Bahan Kain Semi Katun Tidak Terlalu Tebal Adem Nyaman Di gunakan - Bahan Sablon DTF Printing - Kaosin Murah - Kaos Distro #AA039 Santai Pria Dewasa Wanita,kaos rain city baju rain city bahan kain semi katun tidak terlalu tebal adem nyaman gunakan bahan sablon dtf printing kaosin murah kaos distro aa039 santai pria dewasa wanita,Pakaian & Fashion,Atasan & Pakaian Kasual,tokopedia,Kab. Bogor,Bogor,Kaosin Murah,111075.75,11.0,5.0,1.0000000000000002,0.3195735163826218,1.0,14.0158637712161,12.424533248940001,3,1,2,1,False,False,True,False,True,False,False,False,False,1,0,0,1,0,2
https://www.tokopedia.com/archive-rv13-1677974450/kacang-polong-khas-bogor-1-kg-1730840453085365472?extParam=ivf%3Dfalse%26keyword%3Doleh-olehkhasbogor%26search_id%3D20260701035234F61D6947467CCD2EDKYW%26src%3Dsearch,Kacang Polong Khas Bogor 1 KG,kacang polong kg,Makanan,Lauk & Bahan Makanan,tokopedia,Kab. Bogor,Bogor,Kautsar Punya,35500.0,543.5,4.5,0.7888201667589949,1.0,0.875,16.775317733853683,28.349405740678566,1,5,2,1,False,False,True,False,True,False,False,False,False,1,1,0,0,0,1
https://shopee.co.id/Bumbu-Dapur-Lengkap-Paket-Hemat-Bumbu-Rempah-Rempah-Sayur-Segar-Bogor-i.296693045.3259562472?extraParams=%7B%22display_model_id%22%3A61547904467%2C%22model_selection_logic%22%3A2%7D&sp_atk=be74adf7-aec4-453b-9c85-fd299682e7d1&xptdk=be74adf7-aec4-453b-9c85-fd299682e7d1,Bumbu Dapur Lengkap Paket Hemat Bumbu Rempah Rempah Sayur Segar Bogor,bumbu dapur lengkap paket hemat bumbu rempah rempah sayur segar,Makanan,Lauk & Bahan Makanan,shopee,Bogor,Bogor,Kecap Zebra Official,2000.0,543.5,4.9,0.256378675106391,1.0,0.9750000000000001,13.898933086066124,30.869352917627776,1,5,1,1,False,True,False,False,True,False,False,False,False,1,1,0,0,0,0
https://shopee.co.id/Official-Partner-Kecap-Zebra-Asli-Khas-Bogor-550-ml-kemasan-Pouch-i.56279771.23989520850?extraParams=%7B%22display_model_id%22%3A236355227524%2C%22model_selection_logic%22%3A2%7D&sp_atk=700dcfa6-f6c6-4230-9e10-518c2a1a6b05&xptdk=700dcfa6-f6c6-4230-9e10-518c2a1a6b05,Official Partner Kecap Zebra Asli Khas Bogor - 550 ml kemasan Pouch,official partner kecap zebra asli ml kemasan pouch,Makanan,Lauk & Bahan Makanan,shopee,Bogor,Bogor,Kecap Zebra Store,19000.0,93.0,5.0,0.6730959730044923,0.6867022213649571,1.0,14.384794317232629,22.71647391135002,1,5,1,1,False,True,False,False,True,False,False,False,False,1,1,0,0,0,0
https://shopee.co.id/Snack-Enak-Jipang-Beras-Pala-Khas-Bogor-250gr-i.186809267.13124325145?extraParams=%7B%22display_model_id%22%3A121097759924%2C%22model_selection_logic%22%3A2%7D&sp_atk=39f86001-bf3e-46e6-b734-1ee04162c032&xptdk=39f86001-bf3e-46e6-b734-1ee04162c032,Snack Enak Jipang Beras Pala Khas Bogor 250gr,snack enak jipang beras pala 250gr,Makanan,Camilan & Snack,shopee,Bogor,Bogor,Keju Goreng Bogor,20500.0,543.5,4.9,0.6871631537195602,1.0,0.9750000000000001,16.22620996144027,30.869352917627776,1,2,1,1,False,True,False,False,True,False,False,False,False,1,1,0,0,0,0
https://shopee.co.id/BATIK-TRADISIKU-Kain-Batik-Bogor-Kembang-Bogor-i.31828090.24721693439?extraParams=%7B%22display_model_id%22%3A245561183083%2C%22model_selection_logic%22%3A3%7D&sp_atk=c96e0705-22d9-4e00-a1e7-adfe95db4cea&xptdk=c96e0705-22d9-4e00-a1e7-adfe95db4cea,BATIK TRADISIKU Kain Batik Bogor Kembang Bogor,batik tradisiku kain batik kembang,Pakaian & Fashion,Pakaian Tradisional,shopee,Bogor,Bogor,Kembang Bogor Batik,111075.75,4.0,5.0,1.0000000000000002,0.1634272100930973,1.0,13.004264291809424,8.047189562170502,3,8,1,1,False,True,False,False,True,False,False,False,False,1,0,0,1,0,2
https://shopee.co.id/Bahan-Kain-Untuk-Seragam-Batik-Kampung-Urug-Pns-Pemerintah-Kab-Bogor-Premium-Berkualitas-i.326978993.24035730886?extraParams=%7B%22display_model_id%22%3A246541246450%2C%22model_selection_logic%22%3A3%7D&sp_atk=efbb85b7-35bf-4c6a-bbee-e76c22611b12&xptdk=efbb85b7-35bf-4c6a-bbee-e76c22611b12,Bahan Kain Untuk Seragam Batik Kampung Urug Pns Pemerintah Kab Bogor Premium Berkualitas,bahan kain seragam batik kampung urug pns pemerintah kab premium berkualitas,Pakaian & Fashion,Pakaian Tradisional,shopee,Jakarta Barat,Jakarta,Kembang Bogor Official,111075.75,8.5,5.0,1.0000000000000002,0.27790658465799645,1.0,13.758034902632094,11.256458993032476,3,8,1,3,False,True,False,False,False,False,True,False,False,0,0,0,1,0,2
https://shopee.co.id/BATIK-TRADISIKU-Kain-Batik-Bogor-Kacapi-Suling-i.31828090.24921699244?extraParams=%7B%22display_model_id%22%3A240561407969%2C%22model_selection_logic%22%3A3%7D&sp_atk=89e96755-6483-40c2-b0a3-4bdad501730c&xptdk=89e96755-6483-40c2-b0a3-4bdad501730c,BATIK TRADISIKU Kain Batik Bogor Kacapi Suling,batik tradisiku kain batik kacapi suling,Pakaian & Fashion,Pakaian Tradisional,shopee,Bogor,Bogor,Kemeja Batik Bogor,111075.75,5.0,5.0,1.0000000000000002,0.19594560445219078,1.0,13.227407392981288,8.958797346140274,3,8,1,1,False,True,False,False,True,False,False,False,False,1,0,0,1,0,2
https://www.tokopedia.com/kemenadycoffee/paket-2-kopi-bogor-lebih-hemat-1735002491625833943-1735006262512747991?extParam=ivf%3Dfalse%26keyword%3Doleh-olehkhasbogor%26search_id%3D20260701035234F61D6947467CCD2EDKYW%26src%3Dsearch,Paket 2 Kopi Bogor Arabica Lebih Hemat,paket kopi arabica lebih hemat,Minuman,Kopi,tokopedia,Bogor,Bogor,Kemenady Coffee,111075.75,14.0,4.7,1.0000000000000002,0.35937281454528813,0.925,14.257025652652626,12.727835945180388,2,3,2,1,False,False,True,False,True,False,False,False,False,1,0,1,0,0,2
https://www.tokopedia.com/kemenadycoffee/paket-2-kopi-bogor-lebih-hemat-1735002491625833943-1735006262512747991?extParam=ivf%3Dfalse%26keyword%3Dminumankhasbogor%26search_id%3D202607010437141543843A4723ED1DFNTT%26src%3Dsearch,Paket 2 Kopi Bogor Arabica Lebih Hemat,paket kopi arabica lebih hemat,Minuman,Kopi,tokopedia,Bogor,Bogor,Kemenady Coffee,111075.75,14.0,4.7,1.0000000000000002,0.35937281454528813,0.925,14.257025652652626,12.727835945180388,2,3,2,1,False,False,True,False,True,False,False,False,False,1,0,1,0,0,2
https://shopee.co.id/Rafles-Pie-Talas-Cokelat-by-Rasalokal-i.237534970.26360397847?extraParams=%7B%22display_model_id%22%3A246540847546%2C%22model_selection_logic%22%3A2%7D&sp_atk=4bebc61a-a6cc-4bc5-8bea-c085bf89c543&xptdk=4bebc61a-a6cc-4bc5-8bea-c085bf89c543,Rafles Pie Talas Cokelat by Rasalokal,rafles pie talas cokelat by rasalokal,Makanan,Kue & Roti,shopee,Bogor,Bogor,Kemplang Koin,40000.0,274.0,4.9,0.8109152233556896,0.878164639594866,0.9750000000000001,16.209762930725017,27.522178378566203,1,4,1,1,False,True,False,False,True,False,False,False,False,1,1,0,0,0,1
https://shopee.co.id/Lapis-Talas-Bogor-Sangkuriang-Blackforest-i.401728671.10507839856?extraParams=%7B%22display_model_id%22%3A26116090600%2C%22model_selection_logic%22%3A3%7D&sp_atk=2c771d9b-0116-4ba5-af4d-b23e48b5eb8e&xptdk=2c771d9b-0116-4ba5-af4d-b23e48b5eb8e,Lapis Talas Bogor Sangkuriang Blackforest,lapis talas sangkuriang blackforest,Makanan,Kue & Roti,shopee,Bekasi,Bekasi,Kentang Dieng Fresh,51000.0,255.0,5.0,0.8558928420727205,0.8653953835130173,1.0,16.38084453375839,27.725887222397812,1,4,1,0,False,True,False,True,False,False,False,False,False,0,1,0,0,0,1
https://shopee.co.id/Lapis-Talas-Bogor-Cokelat-Oleh-Oleh-Bogor-by-Golden-France-(470gram)-i.1206159334.28151001650?extraParams=%7B%22display_model_id%22%3A255897879972%2C%22model_selection_logic%22%3A2%7D&sp_atk=9faefcd9-363f-4e3f-8212-39581cfb33ff&xptdk=9faefcd9-363f-4e3f-8212-39581cfb33ff,"Lapis Talas Bogor Cokelat, Oleh-Oleh Bogor by Golden France (470gram)",lapis talas cokelat by golden france 470gram,Makanan,Kue & Roti,shopee,Bogor,Bogor,Kentang Istana Official,45600.0,22.0,4.8,0.8351729909575913,0.43561060718483363,0.95,13.818706445670504,15.050372236459918,1,4,1,1,False,True,False,False,True,False,False,False,False,1,1,0,0,0,1
https://shopee.co.id/ASINAN-SEDAP-GEDUNG-DALAM-BOGOR-Asinan-Sayur-i.51834448.6376855565?extraParams=%7B%22display_model_id%22%3A63437806737%2C%22model_selection_logic%22%3A2%7D&sp_atk=ca660b19-4d9d-4f38-8c77-c756935c1479&xptdk=ca660b19-4d9d-4f38-8c77-c756935c1479,ASINAN SEDAP GEDUNG DALAM BOGOR - Asinan Sayur,asinan sedap gedung dalam asinan sayur,Makanan,Makanan Tradisional,shopee,Jakarta Barat,Jakarta,Kentang Istana Store,42000.0,543.5,4.9,0.8199479258863125,1.0,0.9750000000000001,16.94345464763454,30.869352917627776,1,6,1,3,False,True,False,False,False,False,True,False,False,0,1,0,0,0,1
https://shopee.co.id/rengginang-mentah-isi-30(ketan-hitam)-rengginang-khas-bogor-rengginang-murah-rengginang-gurih-i.499633449.43973939677?extraParams=%7B%22display_model_id%22%3A296945877866%2C%22model_selection_logic%22%3A2%7D&sp_atk=b4150b49-c4ec-4ec4-9ec1-0b377b793588&xptdk=b4150b49-c4ec-4ec4-9ec1-0b377b793588,rengginang mentah isi 30(ketan hitam)||rengginang khas bogor||rengginang murah||rengginang gurih,rengginang mentah isi ketan hitam rengginang rengginang murah rengginang gurih,Makanan,Lauk & Bahan Makanan,shopee,Depok,Depok,Kentang Keju Bogor,3200.0,1.0,5.0,0.3433595993511611,0.0,1.0,8.071218539969863,3.4657359027997265,1,5,1,2,False,True,False,False,False,True,False,False,False,0,1,0,0,0,0
https://shopee.co.id/Kopi-Cap-Liong-Bulan-Paket-Hemat-isi-3-pak-isi-60-pcs-Asli-Bogor-i.310616421.28135688819?extraParams=%7B%22display_model_id%22%3A198492705363%2C%22model_selection_logic%22%3A3%7D&sp_atk=1e4215c3-666b-4a49-b857-ce37d67a59d4&xptdk=1e4215c3-666b-4a49-b857-ce37d67a59d4,Kopi Cap Liong Bulan | Paket Hemat isi 3 pak | isi 60 pcs | Asli Bogor,kopi cap liong bulan paket hemat isi pak isi pcs asli,Minuman,Kopi,shopee,Bogor,Bogor,Keong Emas Coffee,36500.0,399.0,5.0,0.7939630822383996,0.9449939798383499,1.0,16.494029025125258,29.957322735539908,2,3,1,1,False,True,False,False,True,False,False,False,False,1,0,1,0,0,1
https://shopee.co.id/kopi-KIJANG-MINI-tanpa-gula-asli-khas-Bogor-i.1513598770.27534109414?extraParams=%7B%22display_model_id%22%3A168878270082%2C%22model_selection_logic%22%3A2%7D&sp_atk=9d96289d-b148-4b8b-9baf-5abe46668857&xptdk=9d96289d-b148-4b8b-9baf-5abe46668857,kopi KIJANG MINI tanpa gula asli khas Bogor,kopi kijang mini tanpa gula asli,Minuman,Kopi,shopee,Bogor,Bogor,Keong Mas Official,77740.0,1.0,4.9,0.933935542898298,0.0,0.9750000000000001,11.26113806771427,3.396421184743732,2,3,1,1,False,True,False,False,True,False,False,False,False,1,0,1,0,0,2
https://shopee.co.id/Keripik-Stik-Talas-250Gr-Keripik-Bogor-Stick-tales-i.377795843.10880881354?extraParams=%7B%22display_model_id%22%3A38215651750%2C%22model_selection_logic%22%3A2%7D&sp_atk=bfe71470-63d1-4a37-b9cb-83fd3dc509cd&xptdk=bfe71470-63d1-4a37-b9cb-83fd3dc509cd,Keripik Stik Talas - 250Gr Keripik Bogor Stick tales,keripik stik talas 250gr keripik stick tales,Makanan,Camilan & Snack,shopee,Jakarta Pusat,Jakarta,Keripik Tales Jaya,23000.0,543.5,4.8,0.7084659001358009,1.0,0.95,16.341279281469347,30.23936612339047,1,2,1,3,False,True,False,False,False,False,True,False,False,0,1,0,0,0,0
https://shopee.co.id/Donut-Kukus-Sangkuriang-Kreasi-Cokelat-Blueberry-Oleh-oleh-Khas-Bogor-i.237534970.14357184552?extraParams=%7B%22display_model_id%22%3A105564808273%2C%22model_selection_logic%22%3A2%7D&sp_atk=a79f52c8-7c3f-47e6-a2d8-17c2f12a5f56&xptdk=a79f52c8-7c3f-47e6-a2d8-17c2f12a5f56,Donut Kukus Sangkuriang Kreasi Cokelat & Blueberry - Oleh-oleh Khas Bogor,donut kukus sangkuriang kreasi cokelat blueberry,Makanan,Kue & Roti,shopee,Bogor,Bogor,Kerupuk Bogor,14000.0,543.5,4.9,0.6165616454472782,1.0,0.9750000000000001,15.844842446581966,30.869352917627776,1,4,1,1,False,True,False,False,True,False,False,False,False,1,1,0,0,0,0
https://shopee.co.id/2PAK-(4-renceng-40sachet)-Kopi-Gula-Cap-Liong-Bulan-Kopi-khas-Bogor-25gram-i.160667677.24316864477?extraParams=%7B%22display_model_id%22%3A222562755979%2C%22model_selection_logic%22%3A3%7D&sp_atk=c96b3578-89f0-4058-a0a0-90bbbbf12e36&xptdk=c96b3578-89f0-4058-a0a0-90bbbbf12e36,2PAK (4 renceng 40sachet) Kopi Gula Cap Liong Bulan Kopi khas Bogor 25gram,2pak renceng 40sachet kopi gula cap liong bulan kopi 25gram,Minuman,Kopi,shopee,Bogor,Bogor,Kijang Mini Coffee,23100.0,543.5,4.9,0.7092690691321792,1.0,0.9750000000000001,16.345617682721638,30.869352917627776,2,3,1,1,False,True,False,False,True,False,False,False,False,1,0,1,0,0,0
https://shopee.co.id/Batik-Bogor-Motif-Kijang-Papasangan-i.1680174834.42326923377?extraParams=%7B%22display_model_id%22%3A390236101307%2C%22model_selection_logic%22%3A3%7D&sp_atk=f5be4843-b509-4f76-9e02-aeb0ee7e1af6&xptdk=f5be4843-b509-4f76-9e02-aeb0ee7e1af6,Batik Bogor Motif - Kijang Papasangan,batik motif kijang papasangan,Pakaian & Fashion,Pakaian Tradisional,shopee,Jakarta Selatan,Jakarta,Kijang Papasangan,111075.75,8.5,5.0,1.0000000000000002,0.27790658465799645,1.0,13.758034902632094,11.256458993032476,3,8,1,3,False,True,False,False,False,False,True,False,False,0,0,0,1,0,2
https://www.tokopedia.com/kikhen-shop/lapis-bogor-sangkuriang-kemasan-mini-pack-rasa-talas-susu?extParam=ivf%3Dfalse%26keyword%3Doleh-olehkhasbogor%26search_id%3D20260701035234F61D6947467CCD2EDKYW%26src%3Dsearch,Lapis Bogor Sangkuriang Kemasan Mini Pack Rasa Talas Susu,lapis sangkuriang kemasan mini pack rasa talas susu,Makanan,Kue & Roti,tokopedia,Kab. Bogor,Bogor,Kikhen Shop,26500.0,4.0,2.0,0.7346897580884242,0.1634272100930973,0.25,11.571203807011969,3.2188758248682006,1,4,2,1,False,False,True,False,True,False,False,False,False,1,1,0,0,0,0
https://www.tokopedia.com/kikhen-shop/bolu-lapis-talas-sangkuriang-oleh-oleh-khas-bogor?extParam=ivf%3Dfalse%26keyword%3Doleh-olehkhasbogor%26search_id%3D20260701035234F61D6947467CCD2EDKYW%26src%3Dsearch,Bolu Lapis Talas Sangkuriang oleh-oleh Khas Bogor,bolu lapis talas sangkuriang,Makanan,Kue & Roti,tokopedia,Kab. Bogor,Bogor,Kikhen Shop,47000.0,70.0,4.5,0.8407714277834921,0.6366524833541157,0.875,15.006398426692876,19.18205944668592,1,4,2,1,False,False,True,False,True,False,False,False,False,1,1,0,0,0,1
https://shopee.co.id/Kopi-Bubuk-Campur-Gula-Sachet-25-Gram-20-Sachet-per-Pak-Rasa-Mantap-Khas-Bogor-i.1766444329.57410093671?extraParams=%7B%22display_model_id%22%3A435888052625%2C%22model_selection_logic%22%3A3%7D&sp_atk=17fddfed-7466-4a9a-9863-763f2c62a71f&xptdk=17fddfed-7466-4a9a-9863-763f2c62a71f,"Kopi Bubuk Campur Gula Sachet 25 Gram - 20 Sachet per Pak, Rasa Mantap Khas Bogor",kopi bubuk campur gula sachet gram sachet per pak rasa mantap,Minuman,Kopi,shopee,Jakarta Pusat,Jakarta,Kopi Bogor Asli,44500.0,224.0,4.9,0.8306522892384225,0.8423735410210074,0.9750000000000001,16.114890620330392,26.53889197080166,2,3,1,3,False,True,False,False,False,False,True,False,False,0,0,1,0,0,1
https://shopee.co.id/(De-Paris-Cake-Bakery)-Roti-Bread-Khas-Kuliner-Bogor-Jajanan-Oleh-oleh-i.23498454.22311637799?extraParams=%7B%22display_model_id%22%3A88539756116%2C%22model_selection_logic%22%3A2%7D&sp_atk=deba91cc-beee-4642-8d8a-d32a4a745a63&xptdk=deba91cc-beee-4642-8d8a-d32a4a745a63,(De Paris Cake & Bakery) Roti Bread Khas Kuliner Bogor Jajanan Oleh-oleh,de paris cake bakery roti bread kuliner jajanan,Makanan,Kue & Roti,shopee,Jakarta Pusat,Jakarta,Kopi Kijang Official,68500.0,4.0,5.0,0.910509184140633,0.1634272100930973,1.0,12.520887034998584,8.047189562170502,1,4,1,3,False,True,False,False,False,False,True,False,False,0,1,0,0,0,1
https://www.tokopedia.com/liongbulanofficial/kopi-liong-bulan-40-gr-isi-10-pcs-tanpa-gula?extParam=ivf%3Dfalse%26keyword%3Doleh-olehkhasbogor%26search_id%3D20260701035234F61D6947467CCD2EDKYW%26src%3Dsearch,Kopi LIONG BULAN 40 GR  (Isi 10 Pcs) Tanpa Gula,kopi liong bulan gr isi pcs tanpa gula,Minuman,Kopi,tokopedia,Kab. Bogor,Bogor,Kopi Liong Bulan,59000.0,543.5,5.0,0.8828691715681718,1.0,1.0,17.283322460634313,31.499339711865076,2,3,2,1,False,False,True,False,True,False,False,False,False,1,0,1,0,0,1
https://www.tokopedia.com/liongbulanofficial/kopi-liong-bulan-80-gr-isi-10-pcs-tanpa-gula?extParam=ivf%3Dfalse%26keyword%3Doleh-olehkhasbogor%26search_id%3D20260701035234F61D6947467CCD2EDKYW%26src%3Dsearch,Kopi LIONG BULAN 80 GR  (Isi 10 Pcs) Tanpa Gula,kopi liong bulan gr isi pcs tanpa gula,Minuman,Kopi,tokopedia,Kab. Bogor,Bogor,Kopi Liong Bulan,111075.75,543.5,5.0,1.0000000000000002,1.0,1.0,17.91599740310165,31.499339711865076,2,3,2,1,False,False,True,False,True,False,False,False,False,1,0,1,0,0,2
https://shopee.co.id/Kopi-Liong-Bulan-Tanpa-Gula-Kopi-Legend-Khas-Kota-Bogor-i.15492946.4000582403?extraParams=%7B%22display_model_id%22%3A167089459935%2C%22model_selection_logic%22%3A2%7D&sp_atk=38004027-ddf5-475f-9b2d-49649127cfc1&xptdk=38004027-ddf5-475f-9b2d-49649127cfc1,Kopi Liong Bulan Tanpa Gula Kopi Legend Khas Kota Bogor,kopi liong bulan tanpa gula kopi legend kota,Minuman,Kopi,shopee,Bogor,Bogor,Kopi Liong Official,20000.0,543.5,4.9,0.6825918337619945,1.0,0.9750000000000001,16.20151735109371,30.869352917627776,2,3,1,1,False,True,False,False,True,False,False,False,False,1,0,1,0,0,0
https://www.tokopedia.com/kopikitabogor/kopi-oplet-mini-tampa-gula-khas-bogor-1732062839401121477?extParam=ivf%3Dfalse%26keyword%3Doleh-olehkhasbogor%26search_id%3D20260701035234F61D6947467CCD2EDKYW%26src%3Dsearch,KOPI OPLET MINI TAMPA GULA KHAS BOGOR,kopi oplet mini tampa gula,Minuman,Kopi,tokopedia,Kab. Bogor,Bogor,Kopikitabogor,42000.0,30.0,5.0,0.8199479258863125,0.488849033216144,1.0,14.04662307257814,17.16993602242573,2,3,2,1,False,False,True,False,True,False,False,False,False,1,0,1,0,0,1
https://www.tokopedia.com/kopikitabogor/kopi-liong-gula-khas-bogor-isi-20pcs-coffee-1732063042952201925?extParam=ivf%3Dfalse%26keyword%3Doleh-olehkhasbogor%26search_id%3D20260701035234F61D6947467CCD2EDKYW%26src%3Dsearch,KOPI LIONG GULA KHAS BOGOR isi:20pcs Coffee,kopi liong gula isi 20pcs coffee,Minuman,Kopi,tokopedia,Kab. Bogor,Bogor,Kopikitabogor,44000.0,90.0,5.0,0.8285603572507638,0.6809171507093845,1.0,15.191754835755884,22.55429753258425,2,3,2,1,False,False,True,False,True,False,False,False,False,1,0,1,0,0,1
https://shopee.co.id/KAIN-ATAU-BAJU-BATIK-KAMPUNG-URUG-KABUPATEN-KAB-BOGOR-PNS-CPNS-KATUN-BAHAN-i.12976300.2182959366?extraParams=%7B%22display_model_id%22%3A175128603443%2C%22model_selection_logic%22%3A3%7D&sp_atk=fa1c1913-d715-4226-a5a0-f87b0554e56e&xptdk=fa1c1913-d715-4226-a5a0-f87b0554e56e,KAIN ATAU BAJU BATIK KAMPUNG URUG KABUPATEN KAB BOGOR PNS CPNS KATUN BAHAN,kain baju batik kampung urug kabupaten kab pns cpns katun bahan,Pakaian & Fashion,Pakaian Tradisional,shopee,Bogor,Bogor,Kue Ali Bogor,111075.75,248.0,4.7,1.0000000000000002,0.8604505058933425,0.925,17.131396462442634,25.932028613384126,3,8,1,1,False,True,False,False,True,False,False,False,False,1,0,0,1,0,2
https://shopee.co.id/BATIK-TRADISIKU-Kain-Batik-Bogor-Daun-Pisang-Kujang-i.31828090.25521692408?extraParams=%7B%22display_model_id%22%3A197404718584%2C%22model_selection_logic%22%3A3%7D&sp_atk=c7d43599-82e4-4a0c-9f4b-8f801d6dc454&xptdk=c7d43599-82e4-4a0c-9f4b-8f801d6dc454,BATIK TRADISIKU Kain Batik Bogor Daun Pisang Kujang,batik tradisiku kain batik daun pisang kujang,Pakaian & Fashion,Pakaian Tradisional,shopee,Bogor,Bogor,Kujang Batik,111075.75,4.0,5.0,1.0000000000000002,0.1634272100930973,1.0,13.004264291809424,8.047189562170502,3,8,1,1,False,True,False,False,True,False,False,False,False,1,0,0,1,0,2
https://shopee.co.id/BATIK-TRADISIKU-Kaos-Batik-Bogor-Kujang-Kijang-i.31828090.3976076338?extraParams=%7B%22display_model_id%22%3A63333868990%2C%22model_selection_logic%22%3A3%7D&sp_atk=e7ffb480-ce49-405d-a278-e0c7ee7e7700&xptdk=e7ffb480-ce49-405d-a278-e0c7ee7e7700,BATIK TRADISIKU Kaos Batik Bogor Kujang Kijang,batik tradisiku kaos batik kujang kijang,Pakaian & Fashion,Pakaian Tradisional,shopee,Bogor,Bogor,Kujang Kijang Batik,111075.75,8.5,5.0,1.0000000000000002,0.27790658465799645,1.0,13.758034902632094,11.256458993032476,3,8,1,1,False,True,False,False,True,False,False,False,False,1,0,0,1,0,2
https://shopee.co.id/Batik-bogor-motif-kujang-merah-hati-i.55194119.1034229643?extraParams=%7B%22display_model_id%22%3A927793636%2C%22model_selection_logic%22%3A3%7D&sp_atk=f5f3b6c4-348f-40b3-847c-f6c05b304f4a&xptdk=f5f3b6c4-348f-40b3-847c-f6c05b304f4a,Batik bogor motif kujang merah hati,batik motif kujang merah hati,Pakaian & Fashion,Pakaian Tradisional,shopee,Bogor,Bogor,Kujang Merah Hati,111075.75,8.5,5.0,1.0000000000000002,0.27790658465799645,1.0,13.758034902632094,11.256458993032476,3,8,1,1,False,True,False,False,True,False,False,False,False,1,0,0,1,0,2
https://shopee.co.id/Souvenir-gantungan-kunci-oleh-oleh-bogor-i.141895738.7415370894?extraParams=%7B%22display_model_id%22%3A71163978779%2C%22model_selection_logic%22%3A2%7D&sp_atk=b1f2f891-e4d6-415d-9535-4a351610aeac&xptdk=b1f2f891-e4d6-415d-9535-4a351610aeac,Souvenir gantungan kunci oleh oleh bogor,souvenir gantungan kunci,Aksesoris & Souvenir,Aksesoris & Souvenir,shopee,Bogor,Bogor,Kujang Souvenir Store,4000.0,394.0,4.6,0.38466042578261095,0.942750461257483,0.8999999999999999,14.270401183917526,27.50287451854516,0,0,1,1,False,True,False,False,True,False,False,False,False,1,0,0,0,1,0
https://shopee.co.id/KURTAG-BOGOR-KAOS-WAR-DEMON-TACTICAL-NEW-APPAREL!!-i.1310020446.40626899581?extraParams=%7B%22display_model_id%22%3A238213449958%2C%22model_selection_logic%22%3A3%7D&sp_atk=b3386024-a5fd-43c6-b6a0-e1aeecded8f1&xptdk=b3386024-a5fd-43c6-b6a0-e1aeecded8f1,KURTAG BOGOR - KAOS WAR DEMON TACTICAL NEW APPAREL!!,kurtag kaos war demon tactical new apparel,Pakaian & Fashion,Atasan & Pakaian Kasual,shopee,Bogor,Bogor,Kurtag Tactical,111075.75,11.0,5.0,1.0000000000000002,0.3195735163826218,1.0,14.0158637712161,12.424533248940001,3,1,1,1,False,True,False,False,True,False,False,False,False,1,0,0,1,0,2
https://shopee.co.id/PANGSIT-TERMURAH-Keripik-Bawang-Kripik-Pangsit-Sentul-Pangsit-250-Gram-500-Gram-Gram-Rasa-Original-Asin-Gurih-Nikmat-i.189040190.7651598839?extraParams=%7B%22display_model_id%22%3A302210227135%2C%22model_selection_logic%22%3A2%7D&sp_atk=df98b529-042e-43ac-a3e5-4d48925d3b33&xptdk=df98b529-042e-43ac-a3e5-4d48925d3b33,PANGSIT TERMURAH Keripik Bawang Kripik Pangsit Sentul Pangsit {250 Gram & 500 Gram} Gram Rasa Original Asin Gurih Nikmat,pangsit termurah keripik bawang kripik pangsit sentul pangsit gram gram gram rasa original asin gurih nikmat,Makanan,Camilan & Snack,shopee,Kab. Bekasi,Bekasi,Kusuka Official,18985.0,89.0,4.7,0.6729497612441919,0.67894633092791,0.925,14.34004143423116,21.149105450552245,1,2,1,0,False,True,False,True,False,False,False,False,False,0,1,0,0,0,0
https://shopee.co.id/LAPIS-BOGOR-PUNCAK-Black-Forest-i.178136998.28634805185?extraParams=%7B%22display_model_id%22%3A237743831866%2C%22model_selection_logic%22%3A2%7D&sp_atk=913cda9f-d2ff-4a94-bcce-254c1ea8c768&xptdk=913cda9f-d2ff-4a94-bcce-254c1ea8c768,LAPIS BOGOR PUNCAK Black Forest,lapis puncak black forest,Makanan,Kue & Roti,shopee,Bekasi,Bekasi,Kusuka Ubi,42000.0,4.0,3.0,0.8199479258863125,0.1634272100930973,0.5,12.031725210748633,4.828313737302301,1,4,1,0,False,True,False,True,False,False,False,False,False,0,1,0,0,0,1
https://www.tokopedia.com/lapakabah17/talas-bogor-asli-premium-ketan-bentul-putih-ungu-tidak-gatal-dijamin-pulen-1734450371199731406?extParam=ivf%3Dfalse%26keyword%3Doleh-olehkhasbogor%26search_id%3D20260701035234F61D6947467CCD2EDKYW%26src%3Dsearch,TALAS BOGOR ASLI PREMIUM ketan bentul putih ungu tidak gatal DIJAMIN PULEN,talas asli premium ketan bentul putih ungu tidak gatal dijamin pulen,Makanan,Lauk & Bahan Makanan,tokopedia,Kab. Bogor,Bogor,LAPAKABAH17,28645.0,30.0,4.7,0.7490993135986295,0.488849033216144,0.925,13.663932732174372,16.139739861080187,1,5,2,1,False,False,True,False,True,False,False,False,False,1,1,0,0,0,0
https://shopee.co.id/Lapis-Bogor-Sangkuriang-Original-Reguler-Pack-(500gr)-Oleh-oleh-Khas-Bogor-i.237534970.5427734641?extraParams=%7B%22display_model_id%22%3A22379074371%2C%22model_selection_logic%22%3A3%7D&sp_atk=6a4aa77e-52cf-4ebf-9caa-1fa1970d8449&xptdk=6a4aa77e-52cf-4ebf-9caa-1fa1970d8449,Lapis Bogor Sangkuriang Original - Reguler Pack (500gr) - Oleh-oleh Khas Bogor,lapis sangkuriang original reguler pack 500gr,Makanan,Kue & Roti,shopee,Bogor,Bogor,Lapis Bogor Nusantara,53000.0,543.5,4.7,0.8630142828888043,1.0,0.925,17.176076933811114,29.60937932915317,1,4,1,1,False,True,False,False,True,False,False,False,False,1,1,0,0,0,1
https://shopee.co.id/Brownies-Keju-Sangkuriang-Lapis-Sangkuriang-Bogor-Brownies-Regular-Pack-i.1526282971.26384759927?extraParams=%7B%22display_model_id%22%3A218465657324%2C%22model_selection_logic%22%3A2%7D&sp_atk=1ef37ef0-2464-46c3-8a81-9470fa89f981&xptdk=1ef37ef0-2464-46c3-8a81-9470fa89f981,Brownies Keju Sangkuriang | Lapis Sangkuriang Bogor Brownies - Regular Pack,brownies keju sangkuriang lapis sangkuriang brownies regular pack,Makanan,Kue & Roti,shopee,Jakarta Pusat,Jakarta,Lapis Bogor Official,47000.0,121.0,5.0,0.8407714277834921,0.7332046732507436,1.0,15.553693602128556,24.020105223666285,1,4,1,3,False,True,False,False,False,False,True,False,False,0,1,0,0,0,1
https://www.tokopedia.com/lapis-bogor-olshop/keik-yasmin-lapis-talas-bogor-food-cemilan-1731163378977900390?extParam=ivf%3Dfalse%26keyword%3Doleh-olehkhasbogor%26search_id%3D20260701035234F61D6947467CCD2EDKYW%26src%3Dsearch,Keik Yasmin Lapis Talas Bogor Food Cemilan,keik yasmin lapis talas food cemilan,Makanan,Kue & Roti,tokopedia,Bogor,Bogor,Lapis Bogor Olshop,35000.0,28.0,5.0,0.786194123540094,0.47695413469490816,1.0,13.795308871054397,16.83647914993237,1,4,2,1,False,False,True,False,True,False,False,False,False,1,1,0,0,0,1
https://www.tokopedia.com/lapis-bogor-olshop/bolen-pisang-bogor-makanan-camilan-1731236541927556966?extParam=ivf%3Dfalse%26keyword%3Doleh-olehkhasbogor%26search_id%3D20260701035234F61D6947467CCD2EDKYW%26src%3Dsearch,Bolen Pisang Bogor Makanan Camilan,bolen pisang makanan camilan,Makanan,Kue & Roti,tokopedia,Bogor,Bogor,Lapis Bogor Olshop,45000.0,36.5,4.9,0.832720847717568,0.5228000246383855,0.9750000000000001,14.311730638168724,17.759270571584192,1,4,2,1,False,False,True,False,True,False,False,False,False,1,1,0,0,0,1
https://www.tokopedia.com/lapis-bogor-sangkuriang/khusus-area-jawa-barat-jabodetabek-lapis-bogor-sangkuriang-chocovilla-oreo-reguler-pack-1730694675057837851?extParam=ivf%3Dfalse%26keyword%3Doleh-olehkhasbogor%26search_id%3D20260701035234F61D6947467CCD2EDKYW%26src%3Dsearch,[KHUSUS AREA JAWA BARAT & JABODETABEK] Lapis Bogor Sangkuriang Chocovilla Oreo - Reguler Pack,khusus area jawa barat jabodetabek lapis sangkuriang chocovilla oreo reguler pack,Makanan,Kue & Roti,tokopedia,Bogor,Bogor,Lapis Bogor Sangkuriang,80000.0,100.0,3.9,0.9392409270466529,0.6995128708733925,0.725,15.894952224644102,17.99897001568091,1,4,2,1,False,False,True,False,True,False,False,False,False,1,1,0,0,0,2
https://www.tokopedia.com/lapis-bogor-sangkuriang/khusus-area-jawa-barat-jabodetabek-lapis-bogor-sangkuriang-chocovilla-keju-1730694647694001947?extParam=ivf%3Dfalse%26keyword%3Doleh-olehkhasbogor%26search_id%3D20260701035234F61D6947467CCD2EDKYW%26src%3Dsearch,[KHUSUS AREA JAWA BARAT & JABODETABEK] Lapis Bogor Sangkuriang - Chocovilla Keju,khusus area jawa barat jabodetabek lapis sangkuriang chocovilla keju,Makanan,Kue & Roti,tokopedia,Bogor,Bogor,Lapis Bogor Sangkuriang,80000.0,100.0,4.2,0.9392409270466529,0.6995128708733925,0.8,15.894952224644102,19.38350617073329,1,4,2,1,False,False,True,False,True,False,False,False,False,1,1,0,0,0,2
https://www.tokopedia.com/lapis-bogor-sangkuriang/khusus-area-jawa-barat-jabodetabek-lapis-bogor-sangkuriang-original-keju-reguler-pack-1730694335596168987?extParam=ivf%3Dfalse%26keyword%3Doleh-olehkhasbogor%26search_id%3D20260701035234F61D6947467CCD2EDKYW%26src%3Dsearch,[KHUSUS AREA JAWA BARAT & JABODETABEK] Lapis Bogor Sangkuriang Original Keju - Reguler Pack,khusus area jawa barat jabodetabek lapis sangkuriang original keju reguler pack,Makanan,Kue & Roti,tokopedia,Bogor,Bogor,Lapis Bogor Sangkuriang,80000.0,250.0,3.7,0.9392409270466529,0.8618773725069901,0.675,16.811242881518265,20.4441758747876,1,4,2,1,False,False,True,False,True,False,False,False,False,1,1,0,0,0,2
https://www.tokopedia.com/lapis-bogor-sangkuriang-shop/stik-talas-bogor-berat-250gr?extParam=ivf%3Dfalse%26keyword%3Doleh-olehkhasbogor%26search_id%3D20260701035234F61D6947467CCD2EDKYW%26src%3Dsearch,Stik Talas Bogor - Berat 250gr,stik talas berat 250gr,Makanan,Camilan & Snack,tokopedia,Bogor,Bogor,Lapis Bogor Sangkuriang Shop,34000.0,50.0,5.0,0.7808275788598225,0.5776421886787662,1.0,14.346139397261565,19.659128163621627,1,2,2,1,False,False,True,False,True,False,False,False,False,1,1,0,0,0,1
https://www.tokopedia.com/lapis-bogor-sangkuriang-shop/lapis-bogor-sangkuriang-full-talas-reguler-pack-550gr-oleh-oleh-khas-bogor-1734655303106136048?extParam=ivf%3Dfalse%26keyword%3Doleh-olehkhasbogor%26search_id%3D20260701035234F61D6947467CCD2EDKYW%26src%3Dsearch,Lapis Bogor Sangkuriang Full Talas - Reguler Pack (550gr) - Oleh-oleh Khas Bogor,lapis sangkuriang full talas reguler pack 550gr,Makanan,Kue & Roti,tokopedia,Bogor,Bogor,Lapis Bogor Sangkuriang Shop,53000.0,1.0,4.9,0.8630142828888043,0.0,0.9750000000000001,10.87806606028079,3.396421184743732,1,4,2,1,False,False,True,False,True,False,False,False,False,1,1,0,0,0,1
https://www.tokopedia.com/lapis-bogor-sangkuriang-shop/triple-pack-a-reguler-original-blackforest-coco-pandan-oleh-oleh-khas-bogor-1734655303650346992?extParam=ivf%3Dfalse%26keyword%3Doleh-olehkhasbogor%26search_id%3D20260701035234F61D6947467CCD2EDKYW%26src%3Dsearch,Triple Pack A (Reguler - Original  Blackforest  Coco Pandan) - Oleh-oleh Khas Bogor,triple pack reguler original blackforest coco pandan,Makanan,Kue & Roti,tokopedia,Bogor,Bogor,Lapis Bogor Sangkuriang Shop,111075.75,18.0,4.9,1.0000000000000002,0.4015344965884274,0.9750000000000001,14.508339938030991,14.427750997915558,1,4,2,1,False,False,True,False,True,False,False,False,False,1,1,0,0,0,2
https://www.tokopedia.com/lapis-bogor-sangkuriang-shop/lapis-bogor-sangkuriang-original-mini-pack-250gr?extParam=ivf%3Dfalse%26keyword%3Daksesoriskhasbogor%26search_id%3D20260701045100357A6FDF7642BF120N2E%26src%3Dsearch,Lapis Bogor Sangkuriang Original - Mini Pack (250gr),lapis sangkuriang original mini pack 250gr,Makanan,Kue & Roti,tokopedia,Bogor,Bogor,Lapis Bogor Sangkuriang Shop,29000.0,543.5,4.8,0.7513795672132577,1.0,0.95,16.57308087897561,30.23936612339047,1,4,2,1,False,False,True,False,True,False,False,False,False,1,1,0,0,0,0
https://www.tokopedia.com/lapis-bogor-sangkuriang-shop/lapis-bogor-sangkuriang-full-talas-reguler-pack-550gr?extParam=ivf%3Dfalse%26keyword%3Doleh-olehkhasbogor%26search_id%3D20260701035234F61D6947467CCD2EDKYW%26src%3Dsearch,Lapis Bogor Sangkuriang Full Talas - Reguler Pack (550gr),lapis sangkuriang full talas reguler pack 550gr,Makanan,Kue & Roti,tokopedia,Bogor,Bogor,Lapis Bogor Sangkuriang Shop,53000.0,543.5,4.9,0.8630142828888043,1.0,0.9750000000000001,17.176076933811114,30.869352917627776,1,4,2,1,False,False,True,False,True,False,False,False,False,1,1,0,0,0,1
https://www.tokopedia.com/lapis-bogor-sangkuriang-shop/lapis-bogor-sangkuriang-chocovilla-keju-reguler-pack-550gr?extParam=ivf%3Dfalse%26keyword%3Doleh-olehkhasbogor%26search_id%3D20260701035234F61D6947467CCD2EDKYW%26src%3Dsearch,Lapis Bogor Sangkuriang Chocovilla Keju - Reguler Pack (500gr),lapis sangkuriang chocovilla keju reguler pack 500gr,Makanan,Kue & Roti,tokopedia,Bogor,Bogor,Lapis Bogor Sangkuriang Shop,53000.0,543.5,4.9,0.8630142828888043,1.0,0.9750000000000001,17.176076933811114,30.869352917627776,1,4,2,1,False,False,True,False,True,False,False,False,False,1,1,0,0,0,1
https://www.tokopedia.com/lapis-bogor-sangkuriang-shop/lapis-bogor-sangkuriang-original-mini-pack-250gr?extParam=ivf%3Dfalse%26keyword%3Doleh-olehkhasbogor%26search_id%3D20260701035234F61D6947467CCD2EDKYW%26src%3Dsearch,Lapis Bogor Sangkuriang Original - Mini Pack (250gr),lapis sangkuriang original mini pack 250gr,Makanan,Kue & Roti,tokopedia,Bogor,Bogor,Lapis Bogor Sangkuriang Shop,29000.0,543.5,4.8,0.7513795672132577,1.0,0.95,16.57308087897561,30.23936612339047,1,4,2,1,False,False,True,False,True,False,False,False,False,1,1,0,0,0,0
https://www.tokopedia.com/lapis-bogor-sangkuriang-shop/lapis-bogor-sangkuriang-blackforest-mini-pack-250gr?extParam=ivf%3Dfalse%26keyword%3Doleh-olehkhasbogor%26search_id%3D20260701035234F61D6947467CCD2EDKYW%26src%3Dsearch,Lapis Bogor Sangkuriang Blackforest - Mini Pack (250gr),lapis sangkuriang blackforest mini pack 250gr,Makanan,Kue & Roti,tokopedia,Bogor,Bogor,Lapis Bogor Sangkuriang Shop,32000.0,543.5,4.8,0.7696039861216921,1.0,0.95,16.671520945840825,30.23936612339047,1,4,2,1,False,False,True,False,True,False,False,False,False,1,1,0,0,0,1
https://www.tokopedia.com/lapis-bogor-sangkuriang-shop/lapis-bogor-sangkuriang-sop-duren-keju-reguler-pack-500gr?extParam=ivf%3Dfalse%26keyword%3Doleh-olehkhasbogor%26search_id%3D20260701035234F61D6947467CCD2EDKYW%26src%3Dsearch,Lapis Bogor Sangkuriang Cocopandan - Reguler Pack (500gr),lapis sangkuriang cocopandan reguler pack 500gr,Makanan,Kue & Roti,tokopedia,Bogor,Bogor,Lapis Bogor Sangkuriang Shop,53000.0,250.0,5.0,0.8630142828888043,0.8618773725069901,1.0,16.3995081858682,27.627264695658916,1,4,2,1,False,False,True,False,True,False,False,False,False,1,1,0,0,0,1
https://www.tokopedia.com/lapis-bogor-sangkuriang-shop/lapis-bogor-sangkuriang-blackforest-reguler-pack-550gr-oleh-oleh-khas-bogor-1734772311715317744?extParam=ivf%3Dfalse%26keyword%3Doleh-olehkhasbogor%26search_id%3D20260701035234F61D6947467CCD2EDKYW%26src%3Dsearch,Lapis Bogor Sangkuriang Blackforest - Reguler Pack (550gr) - Oleh-oleh Khas Bogor,lapis sangkuriang blackforest reguler pack 550gr,Makanan,Kue & Roti,tokopedia,Bogor,Bogor,Lapis Bogor Sangkuriang Shop,55000.0,250.0,4.7,0.8698719100459005,0.8618773725069901,0.925,16.436549454804126,25.969628813919382,1,4,2,1,False,False,True,False,True,False,False,False,False,1,1,0,0,0,1
https://www.tokopedia.com/lapis-bogor-sangkuriang-shop/lapis-bogor-sangkuriang-brownies-caramel-reguler-pack-550gr?extParam=ivf%3Dfalse%26keyword%3Doleh-olehkhasbogor%26search_id%3D20260701035234F61D6947467CCD2EDKYW%26src%3Dsearch,Lapis Bogor Sangkuriang Brownies Caramel - Reguler Pack (550gr),lapis sangkuriang brownies caramel reguler pack 550gr,Makanan,Kue & Roti,tokopedia,Bogor,Bogor,Lapis Bogor Sangkuriang Shop,55000.0,250.0,4.6,0.8698719100459005,0.8618773725069901,0.8999999999999999,16.436549454804126,25.4170835200062,1,4,2,1,False,False,True,False,True,False,False,False,False,1,1,0,0,0,1
https://www.tokopedia.com/lapis-bogor-sangkuriang-shop/lapis-bogor-sangkuriang-blackforest-reguler-pack-550gr-oleh-oleh-khas-bogor-1734772311715317744?extParam=ivf%3Dfalse%26keyword%3Daksesoriskhasbogor%26search_id%3D20260701045100357A6FDF7642BF120N2E%26src%3Dsearch,Lapis Bogor Sangkuriang Blackforest - Reguler Pack (550gr) - Oleh-oleh Khas Bogor,lapis sangkuriang blackforest reguler pack 550gr,Makanan,Kue & Roti,tokopedia,Bogor,Bogor,Lapis Bogor Sangkuriang Shop,55000.0,250.0,4.7,0.8698719100459005,0.8618773725069901,0.925,16.436549454804126,25.969628813919382,1,4,2,1,False,False,True,False,True,False,False,False,False,1,1,0,0,0,1
https://www.tokopedia.com/lapis-bogor-sangkuriang-shop/lapis-bogor-sangkuriang-brownies-reguler-pack-550gr?extParam=ivf%3Dfalse%26keyword%3Doleh-olehkhasbogor%26search_id%3D20260701035234F61D6947467CCD2EDKYW%26src%3Dsearch,Lapis Bogor Sangkuriang Brownies - Reguler Pack (550gr),lapis sangkuriang brownies reguler pack 550gr,Makanan,Kue & Roti,tokopedia,Bogor,Bogor,Lapis Bogor Sangkuriang Shop,55000.0,543.5,4.7,0.8698719100459005,1.0,0.925,17.21311820422908,29.60937932915317,1,4,2,1,False,False,True,False,True,False,False,False,False,1,1,0,0,0,1
https://www.tokopedia.com/lapis-bogor-sangkuriang-shop/lapis-bogor-sangkuriang-original-reguler-pack-500gr-oleh-oleh-khas-bogor-1734655405326305264?extParam=ivf%3Dfalse%26keyword%3Doleh-olehkhasbogor%26search_id%3D20260701035234F61D6947467CCD2EDKYW%26src%3Dsearch,Lapis Bogor Sangkuriang Original - Reguler Pack (500gr) - Oleh-oleh Khas Bogor,lapis sangkuriang original reguler pack 500gr,Makanan,Kue & Roti,tokopedia,Bogor,Bogor,Lapis Bogor Sangkuriang Shop,53000.0,500.0,4.5,0.8630142828888043,0.9851496365120874,0.875,17.0926553286923,27.97472745488189,1,4,2,1,False,False,True,False,True,False,False,False,False,1,1,0,0,0,1
https://www.tokopedia.com/lapis-bogor-sangkuriang-shop/lapis-bogor-sangkuriang-chocovila-oreo-reguler-pack-500gr?extParam=ivf%3Dfalse%26keyword%3Doleh-olehkhasbogor%26search_id%3D20260701035234F61D6947467CCD2EDKYW%26src%3Dsearch,Lapis Bogor Sangkuriang Chocovila Oreo - Reguler Pack (500gr),lapis sangkuriang chocovila oreo reguler pack 500gr,Makanan,Kue & Roti,tokopedia,Bogor,Bogor,Lapis Bogor Sangkuriang Shop,53000.0,500.0,4.6,0.8630142828888043,0.9851496365120874,0.8999999999999999,17.0926553286923,28.596388064990375,1,4,2,1,False,False,True,False,True,False,False,False,False,1,1,0,0,0,1
https://www.tokopedia.com/lapis-bogor-sangkuriang-shop/lapis-bogor-sangkuriang-coco-pandan-reguler-pack-550gr?extParam=ivf%3Dfalse%26keyword%3Doleh-olehkhasbogor%26search_id%3D20260701035234F61D6947467CCD2EDKYW%26src%3Dsearch,Lapis Bogor Sangkuriang Coco Pandan - Reguler Pack (550gr),lapis sangkuriang coco pandan reguler pack 550gr,Makanan,Kue & Roti,tokopedia,Bogor,Bogor,Lapis Bogor Sangkuriang Shop,53000.0,500.0,5.0,0.8630142828888043,0.9851496365120874,1.0,17.0926553286923,31.083030505424322,1,4,2,1,False,False,True,False,True,False,False,False,False,1,1,0,0,0,1
https://www.tokopedia.com/lapis-bogor-sangkuriang-shop/lapis-bogor-sangkuriang-original-reguler-pack-500gr-oleh-oleh-khas-bogor-1734655405326305264?extParam=ivf%3Dfalse%26keyword%3Daksesoriskhasbogor%26search_id%3D20260701045100357A6FDF7642BF120N2E%26src%3Dsearch,Lapis Bogor Sangkuriang Original - Reguler Pack (500gr) - Oleh-oleh Khas Bogor,lapis sangkuriang original reguler pack 500gr,Makanan,Kue & Roti,tokopedia,Bogor,Bogor,Lapis Bogor Sangkuriang Shop,53000.0,500.0,4.5,0.8630142828888043,0.9851496365120874,0.875,17.0926553286923,27.97472745488189,1,4,2,1,False,False,True,False,True,False,False,False,False,1,1,0,0,0,1
https://www.tokopedia.com/lapis-bogor-sangkuriang-shop/lapis-bogor-sangkuriang-brownies-keju-mini-pack-250gr?extParam=ivf%3Dfalse%26keyword%3Doleh-olehkhasbogor%26search_id%3D20260701035234F61D6947467CCD2EDKYW%26src%3Dsearch,Lapis Bogor Sangkuriang Brownies Keju - Mini Pack (250gr),lapis sangkuriang brownies keju mini pack 250gr,Makanan,Kue & Roti,tokopedia,Bogor,Bogor,Lapis Bogor Sangkuriang Shop,31000.0,500.0,4.9,0.7637262760475965,0.9851496365120874,0.9750000000000001,16.5563506464056,30.461369895315837,1,4,2,1,False,False,True,False,True,False,False,False,False,1,1,0,0,0,1
https://www.tokopedia.com/lapis-bogor-sangkuriang-shop/bolu-chiffon-talas-keju-by-lapis-bogor-sangkuriang-1732846723831793648?extParam=ivf%3Dfalse%26keyword%3Doleh-olehkhasbogor%26search_id%3D20260701035234F61D6947467CCD2EDKYW%26src%3Dsearch,Bolu Chiffon Talas Keju By Lapis Bogor Sangkuriang,bolu chiffon talas keju by lapis sangkuriang,Makanan,Kue & Roti,tokopedia,Bogor,Bogor,Lapis Bogor Sangkuriang Shop,42000.0,543.5,4.8,0.8199479258863125,1.0,0.95,16.94345464763454,30.23936612339047,1,4,2,1,False,False,True,False,True,False,False,False,False,1,1,0,0,0,1
https://www.tokopedia.com/lapis-bogor-sangkuriang-shop/lapis-bogor-sangkuriang-talas-susu-reguler-pack-550gr?extParam=ivf%3Dfalse%26keyword%3Doleh-olehkhasbogor%26search_id%3D20260701035234F61D6947467CCD2EDKYW%26src%3Dsearch,Lapis Bogor Sangkuriang Full Talas - Reguler Pack (550gr),lapis sangkuriang full talas reguler pack 550gr,Makanan,Kue & Roti,tokopedia,Bogor,Bogor,Lapis Bogor Sangkuriang Shop,53000.0,543.5,4.8,0.8630142828888043,1.0,0.95,17.176076933811114,30.23936612339047,1,4,2,1,False,False,True,False,True,False,False,False,False,1,1,0,0,0,1
https://www.tokopedia.com/lapis-bogor-sangkuriang-shop/lapis-bogor-sangkuriang-ketan-wangi-reguler-pack-500gr?extParam=ivf%3Dfalse%26keyword%3Doleh-olehkhasbogor%26search_id%3D20260701035234F61D6947467CCD2EDKYW%26src%3Dsearch,Lapis Bogor Sangkuriang Ketan Wangi - Reguler Pack (500gr),lapis sangkuriang ketan wangi reguler pack 500gr,Makanan,Kue & Roti,tokopedia,Bogor,Bogor,Lapis Bogor Sangkuriang Shop,53000.0,543.5,4.7,0.8630142828888043,1.0,0.925,17.176076933811114,29.60937932915317,1,4,2,1,False,False,True,False,True,False,False,False,False,1,1,0,0,0,1
https://www.tokopedia.com/lapis-bogor-sangkuriang-shop/lapis-bogor-sangkuriang-ketan-wangi-reguler-pack-500gr?extParam=ivf%3Dfalse%26keyword%3Daksesoriskhasbogor%26search_id%3D20260701045100357A6FDF7642BF120N2E%26src%3Dsearch,Lapis Bogor Sangkuriang Ketan Wangi - Reguler Pack (500gr),lapis sangkuriang ketan wangi reguler pack 500gr,Makanan,Kue & Roti,tokopedia,Bogor,Bogor,Lapis Bogor Sangkuriang Shop,53000.0,543.5,4.7,0.8630142828888043,1.0,0.925,17.176076933811114,29.60937932915317,1,4,2,1,False,False,True,False,True,False,False,False,False,1,1,0,0,0,1
https://www.tokopedia.com/lapis-bogor-sangkuriang-shop/lapis-bogor-sangkuriang-cocopandan-reguler-pack-500gr-oleh-oleh-khas-bogor-1734655403605329904?extParam=ivf%3Dfalse%26keyword%3Doleh-olehkhasbogor%26search_id%3D20260701035234F61D6947467CCD2EDKYW%26src%3Dsearch,Lapis Bogor Sangkuriang Cocopandan - Reguler Pack (500gr) - Oleh-oleh Khas Bogor,lapis sangkuriang cocopandan reguler pack 500gr,Makanan,Kue & Roti,tokopedia,Bogor,Bogor,Lapis Bogor Sangkuriang Shop,53000.0,36.5,4.9,0.8630142828888043,0.5228000246383855,0.9750000000000001,14.47535997005201,17.759270571584192,1,4,2,1,False,False,True,False,True,False,False,False,False,1,1,0,0,0,1
https://shopee.co.id/Manisan-Pala-Buah-Kering-Khas-Bogor-Sari-Renyah-i.1380991115.44412144153?extraParams=%7B%22display_model_id%22%3A345565500436%2C%22model_selection_logic%22%3A2%7D&sp_atk=1170f166-802f-41a1-abbf-da3b3176b446&xptdk=1170f166-802f-41a1-abbf-da3b3176b446,Manisan Pala Buah Kering Khas Bogor - Sari Renyah,manisan pala buah kering sari renyah,Makanan,Camilan & Snack,shopee,Depok,Depok,Lapis Bogor Store,24000.0,543.5,4.8,0.7163449749479935,1.0,0.95,16.383838892554945,30.23936612339047,1,2,1,2,False,True,False,False,False,True,False,False,False,0,1,0,0,0,0
https://shopee.co.id/Bakso-Aci-khas-bogor-i.85512646.43751623239?extraParams=%7B%22display_model_id%22%3A139373011727%2C%22model_selection_logic%22%3A2%7D&sp_atk=6ccbdef7-d6cb-4c02-93b7-cd810ae8cb62&xptdk=6ccbdef7-d6cb-4c02-93b7-cd810ae8cb62,Bakso Aci khas bogor,bakso aci,Makanan,Makanan Tradisional,shopee,Jakarta Pusat,Jakarta,Lapis Bogor Store,57958.0,543.5,4.9,0.8795702812921691,1.0,0.9750000000000001,17.265503627590128,30.869352917627776,1,6,1,3,False,True,False,False,False,False,True,False,False,0,1,0,0,0,1
https://shopee.co.id/BOLU-SUSU-LEMBANG-DAN-BOLU-TALAS-BOGOR-i.150811579.29442775777?extraParams=%7B%22display_model_id%22%3A291916409172%2C%22model_selection_logic%22%3A2%7D&sp_atk=63174f22-5b77-4447-a619-eb28845a02ae&xptdk=63174f22-5b77-4447-a619-eb28845a02ae,BOLU SUSU LEMBANG DAN BOLU TALAS BOGOR,bolu susu lembang bolu talas,Makanan,Kue & Roti,shopee,Kab. Bekasi,Bekasi,Lapis Kukus Bogor,34000.0,89.0,4.6,0.7808275788598225,0.67894633092791,0.8999999999999999,14.92275250379965,20.699124483519217,1,4,1,0,False,True,False,True,False,False,False,False,False,0,1,0,0,0,1
https://www.tokopedia.com/lapis-talas-bogor-1/kujang-lapis-blackforest-cokelat-400-gram-makanan-ringan-kering-1729754067255919780?extParam=ivf%3Dfalse%26keyword%3Doleh-olehkhasbogor%26search_id%3D20260701035234F61D6947467CCD2EDKYW%26src%3Dsearch,"Kujang, Lapis Blackforest Cokelat, 400 Gram, Makanan Ringan Kering.",kujang lapis blackforest cokelat gram makanan ringan kering,Aksesoris & Souvenir,Aksesoris & Souvenir,tokopedia,Bogor,Bogor,Lapis Talas Bogor 1,37000.0,14.0,4.9,0.7964819395592921,0.35937281454528813,0.9750000000000001,13.157732451741687,13.26944598540083,0,0,2,1,False,False,True,False,True,False,False,False,False,1,0,0,0,1,1
https://www.tokopedia.com/lapis-talas-bogor-1/kujang-pandan-keju-400-gram-makanan-ringan-kering-1729726397686842532?extParam=ivf%3Dfalse%26keyword%3Doleh-olehkhasbogor%26search_id%3D20260701035234F61D6947467CCD2EDKYW%26src%3Dsearch,"Kujang, Pandan Keju, 400 Gram, Makanan Ringan Kering.",kujang pandan keju gram makanan ringan kering,Aksesoris & Souvenir,Aksesoris & Souvenir,tokopedia,Bogor,Bogor,Lapis Talas Bogor 1,37000.0,30.0,4.8,0.7964819395592921,0.488849033216144,0.95,13.919871474189012,16.483138581528703,0,0,2,1,False,False,True,False,True,False,False,False,False,1,0,0,0,1,1
https://www.tokopedia.com/lapis-talas-bogor-1/kujang-balok-lumer-cokelat-camilan-food-1729742832362161316?extParam=ivf%3Dfalse%26keyword%3Doleh-olehkhasbogor%26search_id%3D20260701035234F61D6947467CCD2EDKYW%26src%3Dsearch,"Kujang, Balok Lumer Cokelat, Camilan. Food",kujang balok lumer cokelat camilan food,Aksesoris & Souvenir,Aksesoris & Souvenir,tokopedia,Bogor,Bogor,Lapis Talas Bogor 1,37000.0,500.0,4.3,0.7964819395592921,0.9851496365120874,0.825,16.733281344102608,26.731406234664917,0,0,2,1,False,False,True,False,True,False,False,False,False,1,0,0,0,1,1
https://shopee.co.id/Lapis-Talas-Bogor-Sangkuriang-Variasi-Rasa-Lezat-i.397811192.9521365393?extraParams=%7B%22display_model_id%22%3A73962138441%2C%22model_selection_logic%22%3A3%7D&sp_atk=f5925e4d-85f6-4566-9693-d11759321c47&xptdk=f5925e4d-85f6-4566-9693-d11759321c47,Lapis Talas Bogor Sangkuriang Variasi Rasa Lezat,lapis talas sangkuriang variasi rasa lezat,Makanan,Kue & Roti,shopee,Depok,Depok,Lapis Talas Indonesia,51000.0,543.5,4.9,0.8558928420727205,1.0,0.9750000000000001,17.137610654344716,30.869352917627776,1,4,1,2,False,True,False,False,False,True,False,False,False,0,1,0,0,0,1
https://shopee.co.id/Pia-bogor-lestari-dan-curly-nastar-i.54787280.891398470?extraParams=%7B%22display_model_id%22%3A410987287734%2C%22model_selection_logic%22%3A2%7D&sp_atk=e1bb0ae2-81db-479e-b448-4a811ef8ece4&xptdk=e1bb0ae2-81db-479e-b448-4a811ef8ece4,Pia bogor lestari dan curly nastar,pia lestari curly nastar,Makanan,Kue & Roti,shopee,Bekasi,Bekasi,Lapis Talas Ready,59500.0,389.0,4.9,0.8844315021083091,0.9404783620539351,0.9750000000000001,16.95731097835711,29.234119021706093,1,4,1,0,False,True,False,True,False,False,False,False,False,0,1,0,0,0,1
https://shopee.co.id/TERBARU!-Bahan-Kain-untuk-Seragam-Batik-Kampung-Urug-PNS-Pemerintah-Kab-Bogor-i.308361571.52303975622?extraParams=%7B%22display_model_id%22%3A415376685489%2C%22model_selection_logic%22%3A3%7D&sp_atk=ab633628-761e-4204-9a63-eff3a8e49c82&xptdk=ab633628-761e-4204-9a63-eff3a8e49c82,TERBARU! Bahan Kain untuk Seragam Batik Kampung Urug PNS Pemerintah Kab Bogor,terbaru bahan kain seragam batik kampung urug pns pemerintah kab,Pakaian & Fashion,Pakaian Tradisional,shopee,Jakarta Barat,Jakarta,Lawasan Batik,111075.75,8.5,5.0,1.0000000000000002,0.27790658465799645,1.0,13.758034902632094,11.256458993032476,3,8,1,3,False,True,False,False,False,False,True,False,False,0,0,0,1,0,2
https://www.tokopedia.com/legitsnack/kacang-bogor-asli-250-gram?extParam=ivf%3Dfalse%26keyword%3Doleh-olehkhasbogor%26search_id%3D20260701035234F61D6947467CCD2EDKYW%26src%3Dsearch,KACANG BOGOR ASLI 250 GRAM,kacang asli gram,Makanan,Camilan & Snack,tokopedia,Jakarta Utara,Jakarta,LEGIT SNACK STORE,55000.0,543.5,4.9,0.8698719100459005,1.0,0.9750000000000001,17.21311820422908,30.869352917627776,1,2,2,3,False,False,True,False,False,False,True,False,False,0,1,0,0,0,1
https://www.tokopedia.com/legitsnack/kacang-bogor-murah-harga-grosir-500gr?extParam=ivf%3Dfalse%26keyword%3Doleh-olehkhasbogor%26search_id%3D20260701035234F61D6947467CCD2EDKYW%26src%3Dsearch,KACANG BOGOR MURAH HARGA GROSIR 500Gr,kacang murah harga grosir 500gr,Makanan,Camilan & Snack,tokopedia,Jakarta Utara,Jakarta,LEGIT SNACK STORE,105000.0,250.0,4.9,0.9895856932892182,0.8618773725069901,0.9750000000000001,17.083176585097146,27.074719401745742,1,2,2,3,False,False,True,False,False,False,True,False,False,0,1,0,0,0,2
https://www.tokopedia.com/lisoekirman/kacang-bogor-mentah-1-kg?extParam=ivf%3Dfalse%26keyword%3Doleh-olehkhasbogor%26search_id%3D20260701035234F61D6947467CCD2EDKYW%26src%3Dsearch,Kacang Bogor Mentah 1 Kg,kacang mentah kg,Makanan,Lauk & Bahan Makanan,tokopedia,Jakarta Timur,Jakarta,Li Soekirman,18000.0,543.5,4.8,0.6630866065605672,1.0,0.95,16.096156845657696,30.23936612339047,1,5,2,3,False,False,True,False,False,False,True,False,False,0,1,0,0,0,0
https://shopee.co.id/BATIK-TRADISIKU-Kain-Batik-Bogor-Lingkup-Bogor-i.31828090.25371708005?extraParams=%7B%22display_model_id%22%3A232644773894%2C%22model_selection_logic%22%3A3%7D&sp_atk=d7cc9c0a-7130-4760-8375-efc2b3fd56d9&xptdk=d7cc9c0a-7130-4760-8375-efc2b3fd56d9,BATIK TRADISIKU Kain Batik Bogor Lingkup Bogor,batik tradisiku kain batik lingkup,Pakaian & Fashion,Pakaian Tradisional,shopee,Bogor,Bogor,Lingkup Bogor Batik,111075.75,8.5,5.0,1.0000000000000002,0.27790658465799645,1.0,13.758034902632094,11.256458993032476,3,8,1,1,False,True,False,False,True,False,False,False,False,1,0,0,1,0,2
https://shopee.co.id/Kopi-Liong-Bulan-Tanpa-Gula-1-Pack-30-Sachet-8gr-Oleh-Oleh-Legend-Khas-Bogor-Anak-Senja-Barista-Ayo-Ngopi-Dirumah-Cafe-Kafe-i.655305429.19873237452?extraParams=%7B%22display_model_id%22%3A217914013334%2C%22model_selection_logic%22%3A2%7D&sp_atk=760a9193-8b19-4153-a55a-0a1eb277ef0c&xptdk=760a9193-8b19-4153-a55a-0a1eb277ef0c,Kopi Liong Bulan Tanpa Gula 1 Pack 30 Sachet 8gr Oleh Oleh Legend Khas Bogor Anak Senja Barista Ayo Ngopi Dirumah Cafe Kafe,kopi liong bulan tanpa gula pack sachet 8gr legend anak senja barista ayo ngopi dirumah cafe kafe,Minuman,Kopi,shopee,Jakarta Barat,Jakarta,Liong Anak Senja,1649.0,520.0,4.9,0.2206707441708602,0.9921312470347853,0.9750000000000001,13.66175430034235,30.6531752045915,2,3,1,3,False,True,False,False,False,False,True,False,False,0,0,1,0,0,0
https://shopee.co.id/Kopi-Liong-Tanpa-Gula-80gr-Aroma-Khas-Harum-Aman-untuk-Lambung-i.170646322.54554955263?extraParams=%7B%22display_model_id%22%3A365456338154%2C%22model_selection_logic%22%3A2%7D&sp_atk=b14cc969-9baf-4621-9431-b33efc6c83b4&xptdk=b14cc969-9baf-4621-9431-b33efc6c83b4,"Kopi Liong Tanpa Gula 80gr - Aroma Khas, Harum, Aman untuk Lambung",kopi liong tanpa gula 80gr aroma harum aman lambung,Minuman,Kopi,shopee,Depok,Depok,Liong Aroma,21000.0,112.0,4.8,0.6916243159061397,0.7195365721848124,0.95,14.670777013170632,22.691461529819236,2,3,1,2,False,True,False,False,False,True,False,False,False,0,0,1,0,0,0
https://shopee.co.id/Kopi-Liong-Bulan-Asli-Khas-Bogor-(Plus-Gula-28-Gr)-i.563395708.51910724924?extraParams=%7B%22display_model_id%22%3A435939063595%2C%22model_selection_logic%22%3A2%7D&sp_atk=368f677f-8489-48f7-810b-bdd767e3a136&xptdk=368f677f-8489-48f7-810b-bdd767e3a136,Kopi Liong Bulan Asli Khas Bogor (Plus Gula 28 Gr),kopi liong bulan asli plus gula gr,Minuman,Kopi,shopee,Bogor,Bogor,Liong Asli Bogor,59500.0,224.0,4.9,0.8844315021083091,0.8423735410210074,0.9750000000000001,16.40537771841877,26.53889197080166,2,3,1,1,False,True,False,False,True,False,False,False,False,1,0,1,0,0,1
https://shopee.co.id/Inikok-Kopi-Bah-Sipit-Cap-Kacamata-20-X-8Gr-Legend-Khas-Bogor-Coffee-Robusta-i.1546322502.52106535283?extraParams=%7B%22display_model_id%22%3A254172618845%2C%22model_selection_logic%22%3A3%7D&sp_atk=91f9aa6a-7589-4a58-ba81-4960a09e461a&xptdk=91f9aa6a-7589-4a58-ba81-4960a09e461a,Inikok- Kopi Bah Sipit Cap Kacamata 20 X 8Gr Legend Khas Bogor Coffee Robusta,inikok kopi bah sipit cap kacamata 8gr legend coffee robusta,Minuman,Kopi,shopee,Jakarta Timur,Jakarta,Liong Big Pack,22500.0,224.0,4.9,0.7043969438875346,0.8423735410210074,0.9750000000000001,15.43291683846023,26.53889197080166,2,3,1,3,False,True,False,False,False,False,True,False,False,0,0,1,0,0,0
https://shopee.co.id/Kopi-Liong-Bulan-Khas-Bogor-1-pak-200-gr-i.668371366.28986868253?extraParams=%7B%22display_model_id%22%3A178939098693%2C%22model_selection_logic%22%3A2%7D&sp_atk=f2c0e79a-79bf-428a-bba0-5621ca9bdbb9&xptdk=f2c0e79a-79bf-428a-bba0-5621ca9bdbb9,Kopi Liong Bulan Khas Bogor 1 pak  200 gr,kopi liong bulan pak gr,Minuman,Kopi,shopee,Bogor,Bogor,Liong Bogor Pack,28800.0,184.0,5.0,0.7500983732487696,0.8074610519847608,1.0,15.483066612440734,26.101779125391626,2,3,1,1,False,True,False,False,True,False,False,False,False,1,0,1,0,0,0
https://shopee.co.id/Kopi-Liong-Bulan-Kopi-Gula-1-Pak-Isi-20Pcs-Kopi-Legend-Khas-Bogor-Ori-Free-Bonus-Kopi-Keong-Emas-i.1527879657.47860498091?extraParams=%7B%22display_model_id%22%3A345918761577%2C%22model_selection_logic%22%3A3%7D&sp_atk=052fc3f9-2c76-464e-b660-f2d6f6868ac3&xptdk=052fc3f9-2c76-464e-b660-f2d6f6868ac3,Kopi Liong Bulan Kopi & Gula 1 Pak Isi 20Pcs Kopi Legend Khas Bogor Ori Free Bonus Kopi Keong Emas,kopi liong bulan kopi gula pak isi 20pcs kopi legend ori free bonus kopi keong emas,Minuman,Kopi,shopee,Jakarta Selatan,Jakarta,Liong Bonus Coffee,1500.0,224.0,4.9,0.20314857385698692,0.8423735410210074,0.9750000000000001,12.724869415131389,26.53889197080166,2,3,1,3,False,True,False,False,False,False,True,False,False,0,0,1,0,0,0
https://shopee.co.id/Kopi-Keong-Emas-Asli-Bogor-Tubruk-Gula-Kopi-Bubuk-Gula-atau-TANPA-Gula-i.205599529.25675941908?extraParams=%7B%22display_model_id%22%3A252612109072%2C%22model_selection_logic%22%3A2%7D&sp_atk=2292502f-88c5-4364-8bb9-793b7eb5dd41&xptdk=2292502f-88c5-4364-8bb9-793b7eb5dd41,Kopi Keong Emas Asli Bogor Tubruk Gula - Kopi Bubuk & Gula atau TANPA Gula,kopi keong emas asli tubruk gula kopi bubuk gula tanpa gula,Minuman,Kopi,shopee,Bogor,Bogor,Liong Bubuk Bogor,9999.0,233.0,4.9,0.5542545592086499,0.8493688444825978,0.9750000000000001,14.66127924976893,26.73107346525274,2,3,1,1,False,True,False,False,True,False,False,False,False,1,0,1,0,0,0
https://shopee.co.id/Kopi-Liong-cap-Bulan-khas-Bogor-tanpa-gula-isi-30-Pack-i.1497416330.29181939399?extraParams=%7B%22display_model_id%22%3A29590165750%2C%22model_selection_logic%22%3A2%7D&sp_atk=fdeb7716-462a-4ff9-b942-691760aba4df&xptdk=fdeb7716-462a-4ff9-b942-691760aba4df,Kopi Liong cap Bulan khas Bogor tanpa gula isi 30 Pack,kopi liong cap bulan tanpa gula isi pack,Minuman,Kopi,shopee,Bogor,Bogor,Liong Bulan Asli,36000.0,18.0,4.9,0.7914094819222095,0.4015344965884274,0.9750000000000001,13.381647518543097,14.427750997915558,2,3,1,1,False,True,False,False,True,False,False,False,False,1,0,1,0,0,1
https://shopee.co.id/KOPI-CAP-LIONG-BULAN-KOPI-GULA-KHAS-BOGOR-RENCENG-ISI-10-KOPI-LIONG-KOPI-LIONG-BULAN-KOPI-KHAS-BOGOR-KOPI-MANTAP-KOPI-LEGENDA-i.271665083.13132059447?extraParams=%7B%22display_model_id%22%3A208604841337%2C%22model_selection_logic%22%3A3%7D&sp_atk=ae0b0c0f-2fd5-4164-990e-51f96a4b33ac&xptdk=ae0b0c0f-2fd5-4164-990e-51f96a4b33ac,KOPI CAP LIONG BULAN KOPI  GULA KHAS BOGOR RENCENG ISI 10 / KOPI LIONG / KOPI LIONG BULAN / KOPI KHAS BOGOR / KOPI MANTAP / KOPI LEGENDA,kopi cap liong bulan kopi gula renceng isi kopi liong kopi liong bulan kopi kopi mantap kopi legenda,Minuman,Kopi,shopee,Jakarta Timur,Jakarta,Liong Bulan Store,22000.0,107.0,4.9,0.700236546918565,0.7114647252870036,0.9750000000000001,14.671626991611104,22.94244301290868,2,3,1,3,False,True,False,False,False,False,True,False,False,0,0,1,0,0,0
https://shopee.co.id/kopi-liong-bulan-3pak-(6renceng-60sachet)-kopi-hitam-kopi-gula-khas-bogor-i.160667677.42762813194?extraParams=%7B%22display_model_id%22%3A286073797611%2C%22model_selection_logic%22%3A3%7D&sp_atk=f32e116d-4f8f-4fcc-91e1-a273c0693114&xptdk=f32e116d-4f8f-4fcc-91e1-a273c0693114,kopi liong bulan 3pak (6renceng 60sachet) kopi hitam kopi gula khas bogor,kopi liong bulan 3pak 6renceng 60sachet kopi hitam kopi gula,Minuman,Kopi,shopee,Bogor,Bogor,Liong Bundle Store,84200.0,13.0,5.0,0.948714015828928,0.3470674270615996,1.0,13.905900471267273,13.195286648076294,2,3,1,1,False,True,False,False,True,False,False,False,False,1,0,1,0,0,2
https://shopee.co.id/Kopi-Liong-Bulan-200gr-Tanpa-Gula-Coffee-Legend-Khas-Oleh-oleh-Bogor-Barista-Cafe-Kafe-Kedai-Warkop-Angkringan-i.655305429.25331932128?extraParams=%7B%22display_model_id%22%3A127949006429%2C%22model_selection_logic%22%3A2%7D&sp_atk=6b345441-527d-4b55-94b0-f89bdb9bab01&xptdk=6b345441-527d-4b55-94b0-f89bdb9bab01,Kopi Liong Bulan 200gr Tanpa Gula Coffee Legend Khas Oleh-oleh Bogor Barista Cafe Kafe Kedai Warkop Angkringan,kopi liong bulan 200gr tanpa gula coffee legend barista cafe kafe kedai warkop angkringan,Minuman,Kopi,shopee,Jakarta Barat,Jakarta,Liong Cafe Supply,71000.0,48.0,5.0,0.9171455771088819,0.5705069421927681,1.0,15.04163646035853,19.45910149055313,2,3,1,3,False,True,False,False,False,False,True,False,False,0,0,1,0,0,1
https://shopee.co.id/LIONG-Kopi-Liong-10-Sashet-PLUS-GULA-Khas-Bogor-i.698075562.19640402985?extraParams=%7B%22display_model_id%22%3A164273710202%2C%22model_selection_logic%22%3A2%7D&sp_atk=e6f6d04b-d249-4f25-8edf-277c9db93843&xptdk=e6f6d04b-d249-4f25-8edf-277c9db93843,LIONG Kopi Liong 10 Sashet PLUS GULA Khas Bogor,liong kopi liong sashet plus gula,Minuman,Kopi,shopee,Bogor,Bogor,LIONG Coffee,33000.0,543.5,4.9,0.775300820149404,1.0,0.9750000000000001,16.702292602765226,30.869352917627776,2,3,1,1,False,True,False,False,True,False,False,False,False,1,0,1,0,0,1
https://shopee.co.id/KOPI-BUBUK-CAP-LIONG-BULAN-200-GRAM-KOPI-HITAM-ENAK-MANTAP-KHAS-BOGOR-i.13227359.126842409?extraParams=%7B%22display_model_id%22%3A50441644743%2C%22model_selection_logic%22%3A2%7D&sp_atk=f8163634-4641-4dab-aabc-85692aa8d78f&xptdk=f8163634-4641-4dab-aabc-85692aa8d78f,KOPI BUBUK : CAP LIONG BULAN 200 GRAM / KOPI HITAM ENAK MANTAP KHAS BOGOR,kopi bubuk cap liong bulan gram kopi hitam enak mantap,Minuman,Kopi,shopee,Bogor,Bogor,Liong Coffee Classic,36957.0,543.5,4.9,0.796266659653349,1.0,0.9750000000000001,16.815540109976947,30.869352917627776,2,3,1,1,False,True,False,False,True,False,False,False,False,1,0,1,0,0,1
https://shopee.co.id/Kopi-Liong-Bulan-Isi-10-Bungkus-x-80gr-Tanpa-Gula-Kopi-Legendaris-Khas-Kota-Bogor-Halal-dan-Enak-i.15492946.11758969200?extraParams=%7B%22display_model_id%22%3A118632322321%2C%22model_selection_logic%22%3A3%7D&sp_atk=49c6c6c4-11a9-4a27-9b30-2cd03c8afdd0&xptdk=49c6c6c4-11a9-4a27-9b30-2cd03c8afdd0,Kopi Liong Bulan Isi 10 Bungkus x 80gr Tanpa Gula Kopi Legendaris Khas Kota Bogor Halal dan Enak,kopi liong bulan isi bungkus 80gr tanpa gula kopi legendaris kota halal enak,Minuman,Kopi,shopee,Bogor,Bogor,Liong Coffee House,9999.0,220.0,4.9,0.5542545592086499,0.8391742198047912,0.9750000000000001,14.603868367919022,26.45099723743699,2,3,1,1,False,True,False,False,True,False,False,False,False,1,0,1,0,0,0
https://shopee.co.id/kopi-liong-bulan-kopi-gula-khas-bogor-isi-20-pcs-note-8-grm-i.1550100960.40952356959?extraParams=%7B%22display_model_id%22%3A159192126359%2C%22model_selection_logic%22%3A2%7D&sp_atk=1efc3afa-be4c-4923-a4bd-ca9af4c91764&xptdk=1efc3afa-be4c-4923-a4bd-ca9af4c91764,kopi liong bulan kopi  gula khas bogor isi 20 pcs note 8 grm,kopi liong bulan kopi gula isi pcs note grm,Minuman,Kopi,shopee,Bogor,Bogor,Liong Coffee Mix,30900.0,2.0,5.0,0.7631281100560376,0.07231769252175978,1.0,11.031674824544641,5.493061443340547,2,3,1,1,False,True,False,False,True,False,False,False,False,1,0,1,0,0,1
https://shopee.co.id/kopi-liong-bulan-2pak-(4renceng-40sachet)-kopi-gula-kopi-hitam-liong-khas-bogor-i.160667677.42667104238?extraParams=%7B%22display_model_id%22%3A228229327039%2C%22model_selection_logic%22%3A3%7D&sp_atk=0e871509-6c3f-44ae-afe3-8ee4126803f3&xptdk=0e871509-6c3f-44ae-afe3-8ee4126803f3,kopi liong bulan 2pak (4renceng 40sachet) kopi gula kopi hitam liong khas bogor,kopi liong bulan 2pak 4renceng 40sachet kopi gula kopi hitam liong,Minuman,Kopi,shopee,Bogor,Bogor,Liong Double Pack,59899.0,1.0,4.9,0.885668852126652,0.0,0.9750000000000001,11.00043178410354,3.396421184743732,2,3,1,1,False,True,False,False,True,False,False,False,False,1,0,1,0,0,1
https://shopee.co.id/Kopi-Oplet-Gula-Khas-Bogor-Strong-Flavor-i.90662098.57606570423?extraParams=%7B%22display_model_id%22%3A445590034925%2C%22model_selection_logic%22%3A2%7D&sp_atk=afd9c409-20d7-4499-b57e-a7bc58d2bf7a&xptdk=afd9c409-20d7-4499-b57e-a7bc58d2bf7a,Kopi Oplet  Gula Khas Bogor Strong Flavor,kopi oplet gula strong flavor,Minuman,Kopi,shopee,Kab. Bekasi,Bekasi,Liong Family Pack,74999.0,224.0,4.9,0.9272900675225977,0.8423735410210074,0.9750000000000001,16.636876170475865,26.53889197080166,2,3,1,0,False,True,False,True,False,False,False,False,False,0,0,1,0,0,1
https://shopee.co.id/KOPI-CAP-LIONG-BULAN-KOPI-GULA-KOPI-KHAS-BOGOR-KOPI-LEGEND-ORI-i.27283214.24859351545?extraParams=%7B%22display_model_id%22%3A255241201349%2C%22model_selection_logic%22%3A2%7D&sp_atk=a61f76bf-13d4-46e2-bde9-c766d0256d87&xptdk=a61f76bf-13d4-46e2-bde9-c766d0256d87,KOPI CAP LIONG BULAN KOPI & GULA KOPI KHAS BOGOR KOPI LEGEND ORI,kopi cap liong bulan kopi gula kopi kopi legend ori,Minuman,Kopi,shopee,Bogor,Bogor,Liong Gula Bogor,24300.0,194.0,4.6,0.718644762646067,0.8168504501235041,0.8999999999999999,15.366090000517014,24.25579796939323,2,3,1,1,False,True,False,False,True,False,False,False,False,1,0,1,0,0,0
https://shopee.co.id/GANDIKA-KOPI-HITAM-TULEN-KOPI-TANPA-GULA-8gr-KOPI-BOGOR-SPECIALITY-KOPI-KHAS-BOGOR-OLEH-OLEH-BOGOR-ORI-i.27283214.27402145254?extraParams=%7B%22display_model_id%22%3A255979340141%2C%22model_selection_logic%22%3A2%7D&sp_atk=e9568647-10e8-43df-9062-ef655dfa38d5&xptdk=e9568647-10e8-43df-9062-ef655dfa38d5,GANDIKA KOPI HITAM TULEN KOPI TANPA GULA 8gr KOPI BOGOR SPECIALITY KOPI KHAS BOGOR OLEH OLEH BOGOR ORI,gandika kopi hitam tulen kopi tanpa gula 8gr kopi speciality kopi ori,Minuman,Kopi,shopee,Bogor,Bogor,Liong Gula Official,9500.0,246.0,4.8,0.5447776984757995,0.8590121321666435,0.95,14.664379041419918,26.445064015814292,2,3,1,1,False,True,False,False,True,False,False,False,False,1,0,1,0,0,0
https://shopee.co.id/Kopi-liong-gula-3-pak-(60-pcs)-kopi-hitam-khas-bogor-i.279643019.25840025744?extraParams=%7B%22display_model_id%22%3A208113246220%2C%22model_selection_logic%22%3A3%7D&sp_atk=ca3cc027-f37c-4ada-8ed0-846da9511476&xptdk=ca3cc027-f37c-4ada-8ed0-846da9511476,Kopi liong gula 3 pak (60 pcs) kopi hitam khas bogor,kopi liong gula pak pcs kopi hitam,Minuman,Kopi,shopee,Bogor,Bogor,Liong Gula Store,34950.0,249.0,5.0,0.7859294588750023,0.861165366070585,1.0,15.979126759035506,27.60730458931123,2,3,1,1,False,True,False,False,True,False,False,False,False,1,0,1,0,0,1
https://shopee.co.id/Kopi-Liong-Plus-Gula-20-Sachet-Khas-Bogor-28-Gram-x-20-pcs-Halal-Te000aik-i.1839690512.46662617189?extraParams=%7B%22display_model_id%22%3A366093540212%2C%22model_selection_logic%22%3A3%7D&sp_atk=95c6e36b-eec4-4675-ae9f-823ffdce61ef&xptdk=95c6e36b-eec4-4675-ae9f-823ffdce61ef,Kopi Liong Plus Gula 20 Sachet Khas Bogor 28 Gram x 20 pcs Halal Te000aik,kopi liong plus gula sachet gram pcs halal te000aik,Minuman,Kopi,shopee,Bogor,Bogor,Liong Halal Store,26500.0,224.0,4.9,0.7346897580884242,0.8423735410210074,0.9750000000000001,15.596546232292951,26.53889197080166,2,3,1,1,False,True,False,False,True,False,False,False,False,1,0,1,0,0,0
https://shopee.co.id/Kopi-Liong-Bulan-plus-gula-khas-Bogor-yang-legendaris-i.2513437.28057312637?extraParams=%7B%22display_model_id%22%3A236626612768%2C%22model_selection_logic%22%3A2%7D&sp_atk=43f8f2cc-abc0-4f37-8c42-9b21dde80a02&xptdk=43f8f2cc-abc0-4f37-8c42-9b21dde80a02,Kopi Liong Bulan plus gula khas Bogor yang legendaris,kopi liong bulan plus gula legendaris,Minuman,Kopi,shopee,Bogor,Bogor,Liong Heritage,111075.75,27.0,5.0,1.0000000000000002,0.4706953389920306,1.0,14.9138048794195,16.66102255087602,2,3,1,1,False,True,False,False,True,False,False,False,False,1,0,1,0,0,2
https://shopee.co.id/Kopi-Gula-Liong-Bulan-Kopi-legend-Khas-Bogor-Enak-Murah-dan-Halal-i.15492946.5314562604?extraParams=%7B%22display_model_id%22%3A188389767157%2C%22model_selection_logic%22%3A2%7D&sp_atk=e2a256b7-cfac-4c23-aca7-cc29facfb3c0&xptdk=e2a256b7-cfac-4c23-aca7-cc29facfb3c0,Kopi Gula Liong Bulan Kopi legend Khas Bogor Enak Murah dan Halal,kopi gula liong bulan kopi legend enak murah halal,Minuman,Kopi,shopee,Bogor,Bogor,Liong Heritage Store,71000.0,543.5,4.9,0.9171455771088819,1.0,0.9750000000000001,17.468464888499174,30.869352917627776,2,3,1,1,False,True,False,False,True,False,False,False,False,1,0,1,0,0,1
https://shopee.co.id/kopi-liong-bulan-kopi-khas-bogor-200gram-i.924973192.25850385013?extraParams=%7B%22display_model_id%22%3A222251296141%2C%22model_selection_logic%22%3A2%7D&sp_atk=11768fda-44ca-455a-8cce-0a2085364f41&xptdk=11768fda-44ca-455a-8cce-0a2085364f41,kopi liong bulan kopi khas bogor 200gram,kopi liong bulan kopi 200gram,Minuman,Kopi,shopee,Bogor,Bogor,Liong Khas Bogor,53200.0,42.0,5.0,0.8637115895830558,0.5472098692750819,1.0,14.619483741160444,18.806000578467813,2,3,1,1,False,True,False,False,True,False,False,False,False,1,0,1,0,0,1
https://shopee.co.id/Kopi-LIONG-BULAN-Plus-Gula-Khas-Bogor-i.236524198.51909776834?extraParams=%7B%22display_model_id%22%3A307583992766%2C%22model_selection_logic%22%3A2%7D&sp_atk=ea7c04e7-6ea1-4a54-9c67-be46682a57dd&xptdk=ea7c04e7-6ea1-4a54-9c67-be46682a57dd,Kopi LIONG BULAN Plus Gula Khas Bogor,kopi liong bulan plus gula,Minuman,Kopi,shopee,Depok,Depok,Liong Legend Coffee,20000.0,224.0,4.9,0.6825918337619945,0.8423735410210074,0.9750000000000001,15.315133827605429,26.53889197080166,2,3,1,2,False,True,False,False,False,True,False,False,False,0,0,1,0,0,0
https://shopee.co.id/Kopi-Gula-Piala-Dunia-Black-Isi-20-Bks-x-20gr-Produksi-Toko-Agus-Kopi-Legend-Khas-Kota-Bogor-i.15492946.9775590630?extraParams=%7B%22display_model_id%22%3A220662762808%2C%22model_selection_logic%22%3A2%7D&sp_atk=6fcd77a6-f9db-455d-8d45-ff6fa96a05c0&xptdk=6fcd77a6-f9db-455d-8d45-ff6fa96a05c0,Kopi Gula Piala Dunia Black Isi 20 Bks x 20gr Produksi Toko Agus Kopi Legend Khas Kota Bogor,kopi gula piala dunia black isi bks 20gr produksi toko agus kopi legend kota,Minuman,Kopi,shopee,Bogor,Bogor,Liong Legend Store,33000.0,229.0,5.0,0.775300820149404,0.8462936411387931,1.0,15.83798497633049,27.19039654461598,2,3,1,1,False,True,False,False,True,False,False,False,False,1,0,1,0,0,1
https://shopee.co.id/Kopi-Liong-Bulan-plus-gula-khas-Bogor-yang-legendaris-i.2513437.28057312637?extraParams=%7B%22display_model_id%22%3A236626612768%2C%22model_selection_logic%22%3A2%7D&sp_atk=ef331f65-f811-4a20-ae15-5d4126154f20&xptdk=ef331f65-f811-4a20-ae15-5d4126154f20,Kopi Liong Bulan plus gula khas Bogor yang legendaris,kopi liong bulan plus gula legendaris,Minuman,Kopi,shopee,Bogor,Bogor,Liong Legendary,32000.0,27.0,5.0,0.7696039861216921,0.4706953389920306,1.0,13.66932920519293,16.66102255087602,2,3,1,1,False,True,False,False,True,False,False,False,False,1,0,1,0,0,1
https://shopee.co.id/KOPI-GULA-CAP-LIONG-BULAN-ISI-20PCS-KHAS-BOGOR-(LG)-i.239422815.3225682954?extraParams=%7B%22display_model_id%22%3A61023024241%2C%22model_selection_logic%22%3A2%7D&sp_atk=31e5679a-baf5-44df-9139-8a075d195990&xptdk=31e5679a-baf5-44df-9139-8a075d195990,KOPI  GULA CAP LIONG BULAN ISI 20PCS KHAS BOGOR (LG),kopi gula cap liong bulan isi 20pcs lg,Minuman,Kopi,shopee,Bogor,Bogor,Liong Mantap,59900.0,543.5,4.9,0.8856719428887494,1.0,0.9750000000000001,17.298461521381437,30.869352917627776,2,3,1,1,False,True,False,False,True,False,False,False,False,1,0,1,0,0,1
https://shopee.co.id/Kaos-Kopi-Liong-Bulan-Raja-Liong-Kopi-Khas-Bogor-Liong-Bulan-Bisa-Cod-Part2-i.931940929.43865781672?extraParams=%7B%22display_model_id%22%3A276299771577%2C%22model_selection_logic%22%3A2%7D&sp_atk=29ee3f61-b05d-40d2-b347-f0c2d6a31231&xptdk=29ee3f61-b05d-40d2-b347-f0c2d6a31231,Kaos Kopi Liong Bulan - Raja Liong - Kopi Khas Bogor Liong Bulan Bisa Cod Part2,kaos kopi liong bulan raja liong kopi liong bulan bisa cod part2,Minuman,Kopi,shopee,Jakarta Barat,Jakarta,Liong Merchandise,34000.0,36.0,4.9,0.7808275788598225,0.5204059299612324,0.9750000000000001,14.01763555904754,17.6934977719567,2,3,1,3,False,True,False,False,False,False,True,False,False,0,0,1,0,0,1
https://shopee.co.id/Kopi-Liong-Bulan-Mini-KPKP-Tanpa-Gula-i.40571754.56553590086?extraParams=%7B%22display_model_id%22%3A410343100746%2C%22model_selection_logic%22%3A2%7D&sp_atk=4c65fedf-167e-4f3f-81ce-10d82d474958&xptdk=4c65fedf-167e-4f3f-81ce-10d82d474958,Kopi Liong Bulan Mini KPKP Tanpa Gula,kopi liong bulan mini kpkp tanpa gula,Minuman,Kopi,shopee,Jakarta Pusat,Jakarta,Liong Mini KPKP,111075.75,289.0,4.8,1.0000000000000002,0.8876371686488677,0.95,17.28439439923999,27.215428430306492,2,3,1,3,False,True,False,False,False,False,True,False,False,0,0,1,0,0,2
https://shopee.co.id/Kopi-Cap-Liong-Bulan-Plus-Gula-25gr-Asli-Bogor-isi-10-sachet-Kopi-Renceng-Siap-Seduh-Termurah-i.310616421.24514453412?extraParams=%7B%22display_model_id%22%3A238249306372%2C%22model_selection_logic%22%3A3%7D&sp_atk=0d0b96da-ebc5-4e1e-bd6a-1c7908e61665&xptdk=0d0b96da-ebc5-4e1e-bd6a-1c7908e61665,Kopi Cap Liong Bulan Plus Gula 25gr  Asli Bogor | isi 10 sachet | Kopi Renceng Siap Seduh | Termurah,kopi cap liong bulan plus gula 25gr asli isi sachet kopi renceng siap seduh termurah,Minuman,Kopi,shopee,Bogor,Bogor,Liong Mini Official,30000.0,543.5,4.9,0.7576558265027287,1.0,0.9750000000000001,16.606982428536433,30.869352917627776,2,3,1,1,False,True,False,False,True,False,False,False,False,1,0,1,0,0,0
https://shopee.co.id/KOPI-LIONG-BULAN-mix-(GULA-KOPI)-KOPI-LEGEND-KHAS-BOGOR-1pack-isi-20-pcs-i.1235446297.28273887204?extraParams=%7B%22display_model_id%22%3A208157843335%2C%22model_selection_logic%22%3A2%7D&sp_atk=d69ba1b8-a1a9-47bb-a8b4-5bde51457686&xptdk=d69ba1b8-a1a9-47bb-a8b4-5bde51457686,"KOPI LIONG BULAN mix (GULA  KOPI) ""KOPI LEGEND"" KHAS BOGOR 1pack isi 20 pcs",kopi liong bulan mix gula kopi kopi legend 1pack isi pcs,Minuman,Kopi,shopee,Depok,Depok,Liong Mix Coffee,111075.75,8.0,5.0,1.0000000000000002,0.2682632969739506,1.0,13.697410347013124,10.986122886681098,2,3,1,2,False,True,False,False,False,True,False,False,False,0,0,1,0,0,2
https://shopee.co.id/Kopi-Liong-Bulan-Isi-10-Bungkus-x-40gr-Tanpa-Gula-Khas-Kota-Bogor-Kopi-Murah-Kopi-Halal-dan-Enak-i.15492946.12627471415?extraParams=%7B%22display_model_id%22%3A227569696701%2C%22model_selection_logic%22%3A3%7D&sp_atk=9575b021-dfa7-43c3-bae4-42f01b35e387&xptdk=9575b021-dfa7-43c3-bae4-42f01b35e387,Kopi Liong Bulan Isi 10 Bungkus x 40gr Tanpa Gula Khas Kota Bogor Kopi Murah Kopi Halal dan Enak,kopi liong bulan isi bungkus 40gr tanpa gula kota kopi murah kopi halal enak,Minuman,Kopi,shopee,Bogor,Bogor,Liong Murah Store,33890.0,543.5,4.9,0.7802276489926852,1.0,0.9750000000000001,16.72890502545349,30.869352917627776,2,3,1,1,False,True,False,False,True,False,False,False,False,1,0,1,0,0,1
https://shopee.co.id/Kopi-Rantai-Emas-Kota-BOGOR-ASLI-ORIGINAL-MURAH-ENAK-DAN-HALAL-i.205599529.26825066749?extraParams=%7B%22display_model_id%22%3A247612125411%2C%22model_selection_logic%22%3A2%7D&sp_atk=982749f7-04d9-4cbe-8c4a-6f7a9096e831&xptdk=982749f7-04d9-4cbe-8c4a-6f7a9096e831,Kopi Rantai Emas Kota BOGOR ASLI ORIGINAL MURAH ENAK DAN HALAL,kopi rantai emas kota asli original murah enak halal,Minuman,Kopi,shopee,Bogor,Bogor,Liong Pack Gold,14220.0,62.0,4.9,0.6194481331486683,0.6153307240355502,0.9750000000000001,13.689540222651488,20.30136015931851,2,3,1,1,False,True,False,False,True,False,False,False,False,1,0,1,0,0,0
https://shopee.co.id/Kopi-Liong-Bulan-Khas-Bogor-Per-Pack-Isi-10-i.18369044.183920880?extraParams=%7B%22display_model_id%22%3A41164404913%2C%22model_selection_logic%22%3A3%7D&sp_atk=6c02fd79-d7a1-43a5-8d1d-efd868a66c0b&xptdk=6c02fd79-d7a1-43a5-8d1d-efd868a66c0b,Kopi Liong Bulan Khas Bogor Per Pack Isi 10,kopi liong bulan per pack isi,Minuman,Kopi,shopee,Depok,Depok,Liong Pack Official,33890.0,126.0,4.9,0.7802276489926852,0.7403685830353903,0.9750000000000001,15.267157405736906,23.7365167236471,2,3,1,2,False,True,False,False,False,True,False,False,False,0,0,1,0,0,1
https://shopee.co.id/Kopi-Liong-Bulan-Khas-Bogor-Kopi-Plus-Gula-Isi-20-Sachet-28-Gram-i.327140238.27544491943?extraParams=%7B%22display_model_id%22%3A350713898255%2C%22model_selection_logic%22%3A2%7D&sp_atk=c1ad2d91-4595-4922-bb2f-e13c2234ea09&xptdk=c1ad2d91-4595-4922-bb2f-e13c2234ea09,Kopi Liong Bulan Khas Bogor Kopi Plus Gula Isi 20 Sachet 28 Gram,kopi liong bulan kopi plus gula isi sachet gram,Minuman,Kopi,shopee,Bogor,Bogor,Liong Pack Store,29300.0,1.0,5.0,0.7532848860258032,0.0,1.0,10.285376924115587,3.4657359027997265,2,3,1,1,False,True,False,False,True,False,False,False,False,1,0,1,0,0,0
https://shopee.co.id/KOPI-GULA-CAP-LIONG-BULAN-ISI-20-PCS-KHAS-BOGOR-i.83510527.16411074084?extraParams=%7B%22display_model_id%22%3A152672163197%2C%22model_selection_logic%22%3A2%7D&sp_atk=09cea866-2c32-4bfd-a734-812eb9f8a724&xptdk=09cea866-2c32-4bfd-a734-812eb9f8a724,KOPI  GULA CAP LIONG BULAN ISI 20 PCS KHAS BOGOR,kopi gula cap liong bulan isi pcs,Minuman,Kopi,shopee,Bogor,Bogor,Liong Paket Hemat,31800.0,543.5,5.0,0.7684432776711185,1.0,1.0,16.665251333188852,31.499339711865076,2,3,1,1,False,True,False,False,True,False,False,False,False,1,0,1,0,0,1
https://shopee.co.id/Kopi-Liong-Bulan-Khas-Bogor-Per-Pack-Isi-10-i.18369044.183920880?extraParams=%7B%22display_model_id%22%3A41164404913%2C%22model_selection_logic%22%3A3%7D&sp_atk=79a5fd68-0228-4450-8b38-a3fbdc8f2b47&xptdk=79a5fd68-0228-4450-8b38-a3fbdc8f2b47,Kopi Liong Bulan Khas Bogor Per Pack Isi 10,kopi liong bulan per pack isi,Minuman,Kopi,shopee,Depok,Depok,Liong Per Pack,65975.0,126.0,4.9,0.9035558926375746,0.7403685830353903,0.9750000000000001,15.933313188618682,23.7365167236471,2,3,1,2,False,True,False,False,False,True,False,False,False,0,0,1,0,0,1
https://shopee.co.id/Kopi-hitam-Cap-Piala-Khas-Bogor-tanpa-gula-isi-30-Sachet-i.212473665.25766477291?extraParams=%7B%22display_model_id%22%3A168086043348%2C%22model_selection_logic%22%3A2%7D&sp_atk=ec3b6f37-4cb7-4f94-b2f2-e66485b740c3&xptdk=ec3b6f37-4cb7-4f94-b2f2-e66485b740c3,Kopi hitam Cap Piala Khas Bogor tanpa gula isi 30 Sachet,kopi hitam cap piala tanpa gula isi sachet,Minuman,Kopi,shopee,Bogor,Bogor,Liong Per Pcs,68400.0,498.0,4.9,0.9102387158816996,0.984436206059016,0.9750000000000001,17.343728209992488,30.441769869182444,2,3,1,1,False,True,False,False,True,False,False,False,False,1,0,1,0,0,1
https://shopee.co.id/oleh-oleh-khas-Bogor-i.476661702.42563745769?extraParams=%7B%22display_model_id%22%3A243760500687%2C%22model_selection_logic%22%3A3%7D&sp_atk=6e2c4e9d-c15e-4014-94e3-c898e0012341&xptdk=6e2c4e9d-c15e-4014-94e3-c898e0012341,oleh oleh khas Bogor,oleh oleh khas bogor,Makanan,Camilan & Snack,shopee,Kab. Bogor,Bogor,Liong Plus Gula,111075.75,2.0,5.0,1.0000000000000002,0.07231769252175978,1.0,12.311119361958172,5.493061443340547,1,2,1,1,False,True,False,False,True,False,False,False,False,1,1,0,0,0,2
https://shopee.co.id/Kopi-Liong-PLUS-Gula-20-Sachet-Khas-Bogor-i.58126806.17589031896?extraParams=%7B%22display_model_id%22%3A174991703732%2C%22model_selection_logic%22%3A2%7D&sp_atk=3614bfd6-f1f7-49a4-8136-d4e0832a7f6a&xptdk=3614bfd6-f1f7-49a4-8136-d4e0832a7f6a,Kopi Liong PLUS Gula 20 Sachet Khas Bogor,kopi liong plus gula sachet,Minuman,Kopi,shopee,Bogor,Bogor,Liong Plus Gula,44400.0,543.5,4.9,0.8302357895577008,1.0,0.9750000000000001,16.999024496421363,30.869352917627776,2,3,1,1,False,True,False,False,True,False,False,False,False,1,0,1,0,0,1
https://shopee.co.id/Kopi-Liong-200gr-Tanpa-Gula-Halal-Khas-Bogor-i.698075562.18817105503?extraParams=%7B%22display_model_id%22%3A163466076340%2C%22model_selection_logic%22%3A2%7D&sp_atk=3575b56e-c269-44d8-8b59-635894d62665&xptdk=3575b56e-c269-44d8-8b59-635894d62665,Kopi Liong 200gr Tanpa Gula Halal Khas Bogor,kopi liong 200gr tanpa gula halal,Minuman,Kopi,shopee,Bogor,Bogor,Liong Premium Coffee,15000.0,543.5,4.9,0.6293339795923376,1.0,0.9750000000000001,15.913835309307364,30.869352917627776,2,3,1,1,False,True,False,False,True,False,False,False,False,1,0,1,0,0,0
https://shopee.co.id/promo-kopi-liong-khas-bogor-kopi-liong-isi-1-pack-20-pcs-kopi-liong-bulan-murah-i.164852630.50305821182?extraParams=%7B%22display_model_id%22%3A415526143493%2C%22model_selection_logic%22%3A2%7D&sp_atk=46c755b7-007b-479f-884c-ab3d8956c964&xptdk=46c755b7-007b-479f-884c-ab3d8956c964,promo kopi liong khas bogor || kopi liong isi 1 pack 20 pcs || kopi liong bulan murah,promo kopi liong kopi liong isi pack pcs kopi liong bulan murah,Minuman,Kopi,shopee,Bogor,Bogor,Liong Promo Store,78000.0,28.0,5.0,0.9345536931136154,0.47695413469490816,1.0,14.596669073722286,16.83647914993237,2,3,1,1,False,True,False,False,True,False,False,False,False,1,0,1,0,0,2
https://shopee.co.id/KOPI-TULEN-CAP-LIONG-BULAN-KOPI-ASLI-KHAS-BOGOR-(Tanpa-Gula-isi-10-Sachet-8-Gr)-i.1276441502.56611108882?extraParams=%7B%22display_model_id%22%3A330968344439%2C%22model_selection_logic%22%3A2%7D&sp_atk=d42fd6a6-35e7-4fc0-b7dc-a5f64b1cb49f&xptdk=d42fd6a6-35e7-4fc0-b7dc-a5f64b1cb49f,KOPI TULEN CAP LIONG BULAN - KOPI ASLI KHAS BOGOR (Tanpa Gula isi 10 Sachet @8 Gr),kopi tulen cap liong bulan kopi asli tanpa gula isi sachet gr,Minuman,Kopi,shopee,Bogor,Bogor,Liong Sachet Bogor,29900.0,94.0,5.0,0.757037688988184,0.6885896186119558,1.0,14.848908897444634,22.769384458002705,2,3,1,1,False,True,False,False,True,False,False,False,False,1,0,1,0,0,0
https://shopee.co.id/Kopi-Liong-Bulan-Plus-Gula-28-Gram-Isi-20-Sachet-Kopi-Khas-Bogor-Asli-Murni-i.1682555253.46559229458?extraParams=%7B%22display_model_id%22%3A410815928244%2C%22model_selection_logic%22%3A3%7D&sp_atk=8daeb6c5-9b12-48b9-90e5-8ebf659157b4&xptdk=8daeb6c5-9b12-48b9-90e5-8ebf659157b4,Kopi Liong Bulan Plus Gula 28 Gram Isi 20 Sachet - Kopi Khas Bogor Asli Murni,kopi liong bulan plus gula gram isi sachet kopi asli murni,Minuman,Kopi,shopee,Jakarta Pusat,Jakarta,Liong Sachet Gold,30000.0,224.0,4.9,0.7576558265027287,0.8423735410210074,0.9750000000000001,15.720598861308845,26.53889197080166,2,3,1,3,False,True,False,False,False,False,True,False,False,0,0,1,0,0,0
https://shopee.co.id/LIONG-Kopi-Liong-10Sachet-PLUS-GULA-Khas-Bogor-i.376608833.48058446164?extraParams=%7B%22display_model_id%22%3A297516351012%2C%22model_selection_logic%22%3A2%7D&sp_atk=ed1a644b-519b-43ea-9f1f-c7238a4f905e&xptdk=ed1a644b-519b-43ea-9f1f-c7238a4f905e,LIONG Kopi Liong 10Sachet PLUS GULA Khas Bogor,liong kopi liong 10sachet plus gula,Minuman,Kopi,shopee,Bogor,Bogor,Liong Sachet Premium,33000.0,224.0,4.9,0.775300820149404,0.8423735410210074,0.9750000000000001,15.815909027585032,26.53889197080166,2,3,1,1,False,True,False,False,True,False,False,False,False,1,0,1,0,0,1
https://shopee.co.id/Kopi-liong-bulan-plus-gula-28gr-khas-bogor-1-pak-(isi-20-sachet)-i.307724830.53204507066?extraParams=%7B%22display_model_id%22%3A307327343489%2C%22model_selection_logic%22%3A2%7D&sp_atk=e7c64657-3dfd-48a8-ad29-f3327669399c&xptdk=e7c64657-3dfd-48a8-ad29-f3327669399c,Kopi liong bulan plus gula 28gr khas bogor 1 pak (isi 20 sachet),kopi liong bulan plus gula 28gr pak isi sachet,Minuman,Kopi,shopee,Bogor,Bogor,Liong Sachet Store,61554.0,88.0,4.9,0.8907147156840305,0.6769534903580308,0.9750000000000001,15.505007116406434,21.994318211687485,2,3,1,1,False,True,False,False,True,False,False,False,False,1,0,1,0,0,1
https://shopee.co.id/Kopi-Liong-Bulan-Tanpa-Harga-1-Sachet-8gr-Oleh-Oleh-Legend-Khas-Bogor-Anak-Senja-Ayo-Ngopi-Coffee-Dirumah-Cafe-Kafe-Barista-Bartender-Depok-i.655305429.23452307282?extraParams=%7B%22display_model_id%22%3A282586079779%2C%22model_selection_logic%22%3A2%7D&sp_atk=23778eb7-cba8-41d7-8fd5-5cea29dfb1e3&xptdk=23778eb7-cba8-41d7-8fd5-5cea29dfb1e3,Kopi Liong Bulan Tanpa Harga 1 Sachet 8gr Oleh Oleh Legend Khas Bogor Anak Senja Ayo Ngopi Coffee Dirumah Cafe Kafe Barista Bartender Depok,kopi liong bulan tanpa harga sachet 8gr legend anak senja ayo ngopi coffee dirumah cafe kafe barista bartender depok,Minuman,Kopi,shopee,Jakarta Barat,Jakarta,Liong Senja Coffee,47500.0,68.0,5.0,0.8427305389407478,0.6315562116370246,1.0,14.987993004796314,21.1705325229863,2,3,1,3,False,True,False,False,False,False,True,False,False,0,0,1,0,0,1
https://shopee.co.id/Kopi-Liong-Tanpa-Gula-Khas-Bogor-40-200-Gr-i.698075562.19938200921?extraParams=%7B%22display_model_id%22%3A181948631838%2C%22model_selection_logic%22%3A2%7D&sp_atk=91a1e4a8-8e7d-4b76-b6f8-559f241739ba&xptdk=91a1e4a8-8e7d-4b76-b6f8-559f241739ba,Kopi Liong Tanpa Gula Khas Bogor 40/200 Gr,kopi liong tanpa gula gr,Minuman,Kopi,shopee,Bogor,Bogor,Liong Tanpa Gula,42000.0,543.5,4.9,0.8199479258863125,1.0,0.9750000000000001,16.94345464763454,30.869352917627776,2,3,1,1,False,True,False,False,True,False,False,False,False,1,0,1,0,0,1
https://shopee.co.id/3pak-6renceng-kopi-liong-bulan-khas-bogor-kopi-gula-i.160667677.42212547041?extraParams=%7B%22display_model_id%22%3A216201577574%2C%22model_selection_logic%22%3A3%7D&sp_atk=ff153027-8701-4a30-9ce7-d1ae24bca40f&xptdk=ff153027-8701-4a30-9ce7-d1ae24bca40f,3pak 6renceng kopi liong bulan khas bogor kopi gula,3pak 6renceng kopi liong bulan kopi gula,Minuman,Kopi,shopee,Bogor,Bogor,Liong Triple Pack,69899.0,5.0,5.0,0.9142521795956082,0.19594560445219078,1.0,12.764247395669193,8.958797346140274,2,3,1,1,False,True,False,False,True,False,False,False,False,1,0,1,0,0,1
https://shopee.co.id/kopi-liong-tulen-khas-bogor-tanpa-gula-isi-30-pcs-i.1550100960.40802361874?extraParams=%7B%22display_model_id%22%3A280193835887%2C%22model_selection_logic%22%3A3%7D&sp_atk=a076e161-9d5d-4701-bfb2-3dee67c1489c&xptdk=a076e161-9d5d-4701-bfb2-3dee67c1489c,kopi liong tulen khas bogor tanpa gula isi 30 pcs,kopi liong tulen tanpa gula isi pcs,Minuman,Kopi,shopee,Bogor,Bogor,Liong Tubruk,42000.0,27.0,4.8,0.8199479258863125,0.4706953389920306,0.95,13.941262645103661,15.994581648840978,2,3,1,1,False,True,False,False,True,False,False,False,False,1,0,1,0,0,1
https://shopee.co.id/KOPI-LIONG-BULAN-KOPI-TULEN-TANPA-GULA-1PAK-ISI-30PCS-KOPI-BUBUK-KHAS-BOGOR-KOPI-TUBRUK-HITAM-FREE-BONUS-KOPI-KEONG-EMAS-i.27283214.24011270755?extraParams=%7B%22display_model_id%22%3A250285244795%2C%22model_selection_logic%22%3A3%7D&sp_atk=032018c2-84f3-4cd8-a35b-b2e1b8f75b7a&xptdk=032018c2-84f3-4cd8-a35b-b2e1b8f75b7a,KOPI LIONG BULAN KOPI TULEN TANPA GULA 1PAK ISI 30PCS KOPI BUBUK KHAS BOGOR KOPI TUBRUK HITAM FREE BONUS KOPI KEONG EMAS,kopi liong bulan kopi tulen tanpa gula 1pak isi 30pcs kopi bubuk kopi tubruk hitam free bonus kopi keong emas,Minuman,Kopi,shopee,Bogor,Bogor,Liong Tulen Official,32500.0,112.0,4.9,0.7724743142258448,0.7195365721848124,0.9750000000000001,15.10749451433816,23.164200311690472,2,3,1,1,False,True,False,False,True,False,False,False,False,1,0,1,0,0,1
https://shopee.co.id/KOPI-GANDIKA-ARABICA-PREMIUM-KOPI-HITAM-ARABIKA-TULEN-KOPI-TANPA-GULA-8GR-KOPI-SPECIALITY-KOPI-KHAS-BOGOR-OLEH-OLEH-BOGOR-ORI-i.27283214.26658712589?extraParams=%7B%22display_model_id%22%3A241434903921%2C%22model_selection_logic%22%3A2%7D&sp_atk=251924f3-21f1-4848-88c1-2b371644467f&xptdk=251924f3-21f1-4848-88c1-2b371644467f,KOPI GANDIKA ARABICA PREMIUM KOPI HITAM ARABIKA TULEN KOPI TANPA GULA 8GR KOPI SPECIALITY KOPI KHAS BOGOR OLEH OLEH BOGOR ORI,kopi gandika arabica premium kopi hitam arabika tulen kopi tanpa gula 8gr kopi speciality kopi ori,Minuman,Kopi,shopee,Bogor,Bogor,Liong Tulen Store,39900.0,49.0,4.6,0.8104518099451157,0.5741102440470567,0.8999999999999999,14.485952412471239,17.99530582496947,2,3,1,1,False,True,False,False,True,False,False,False,False,1,0,1,0,0,1
https://www.tokopedia.com/magicma/kerupuk-mie-mentah-permata-bogor?extParam=ivf%3Dfalse%26keyword%3Doleh-olehkhasbogor%26search_id%3D20260701035234F61D6947467CCD2EDKYW%26src%3Dsearch,kerupuk mie mentah_ permata -bogor,kerupuk mie mentah permata,Makanan,Lauk & Bahan Makanan,tokopedia,Bogor,Bogor,MAGiCMA SHOP,25000.0,250.0,5.0,0.723902376778526,0.8618773725069901,1.0,15.648092181712572,27.627264695658916,1,5,2,1,False,False,True,False,True,False,False,False,False,1,1,0,0,0,0
https://shopee.co.id/Enteng-Enting-Gepuk-Kacang-Cap-Klenteng-2-Hoolo-Rasanya-Asli-Khas-Salatiga-i.175066703.40424054563?extraParams=%7B%22display_model_id%22%3A296953849401%2C%22model_selection_logic%22%3A2%7D&sp_atk=43766b19-caf9-4d74-b8ad-4370f94b5f87&xptdk=43766b19-caf9-4d74-b8ad-4370f94b5f87,Enteng Enting Gepuk Kacang Cap Klenteng & 2 Hoolo Rasanya Asli Khas Salatiga,enteng enting gepuk kacang cap klenteng hoolo rasanya asli salatiga,Makanan,Camilan & Snack,shopee,Jakarta Selatan,Jakarta,Makaroni Rujak,75000.0,65.0,4.9,0.9272925360154078,0.6236279119304311,0.9750000000000001,15.39963086754227,20.529308235929484,1,2,1,3,False,True,False,False,False,False,True,False,False,0,1,0,0,0,1
https://www.tokopedia.com/mamang-clothing/t-shirt-kaos-bogor-original-brand-local-cotton-combed-24s-kaos-distro-murah-keren-katun-unisex-hitam-baju-pria-crew-neck-cowok-polos-motif-pendek-panjang-dewasa-oblong-putih-atasan-wanita-1729628024475583929?extParam=ivf%3Dfalse%26keyword%3Dbaju+khas+bogor%26search_id%3D2026070104595440008B9A5380FC1AC4ZX%26src%3Dsearch,T-shirt Kaos Bogor Original Brand Local Cotton Combed 24s / Kaos Distro Murah Keren Katun Unisex Hitam Baju Pria Crew Neck Cowok Polos Motif Pendek Panjang  Dewasa Oblong Putih Atasan Wanita,shirt kaos original brand local cotton combed 24s kaos distro murah keren katun unisex hitam baju pria crew neck cowok polos motif pendek panjang dewasa oblong putih atasan wanita,Pakaian & Fashion,Atasan & Pakaian Kasual,tokopedia,Kab. Bogor,Bogor,Mamang Clothing,111075.75,100.0,4.9,1.0000000000000002,0.6995128708733925,0.9750000000000001,16.223137955992517,22.614090532522173,3,1,2,1,False,False,True,False,True,False,False,False,False,1,0,0,1,0,2
https://shopee.co.id/Bumbu-Cabe-kriting-Halus-Giling-Basah-Fresh-%E2%80%93-Khas-Pasar-Anyar-Bogor-%E2%80%93-200g-untuk-1-kg-daging-i.1677410157.46201988488?extraParams=%7B%22display_model_id%22%3A355192680447%2C%22model_selection_logic%22%3A2%7D&sp_atk=d99029d6-7942-4701-b117-9ca3f15b7480&xptdk=d99029d6-7942-4701-b117-9ca3f15b7480,Bumbu Cabe kriting Halus Giling Basah Fresh – Khas Pasar Anyar Bogor – 200g untuk 1 kg daging,bumbu cabe kriting halus giling basah fresh pasar anyar 200g kg daging,Makanan,Lauk & Bahan Makanan,shopee,Bogor,Bogor,Mamol Bogor,25000.0,6.0,5.0,0.723902376778526,0.2234395151311685,1.0,11.918397239722838,9.729550745276565,1,5,1,1,False,True,False,False,True,False,False,False,False,1,1,0,0,0,0
https://shopee.co.id/Manisan-cianjur-Basah-Buah-ANGGUR-BOGOR-Kualitas-Premium-200-gram-400-gram-i.251129527.41155296975?extraParams=%7B%22display_model_id%22%3A285446713818%2C%22model_selection_logic%22%3A2%7D&sp_atk=cf74e5ff-d5c0-481f-bcb1-29ae8030e9f6&xptdk=cf74e5ff-d5c0-481f-bcb1-29ae8030e9f6,Manisan cianjur  Basah Buah ANGGUR BOGOR Kualitas Premium 200 gram / 400 gram,manisan cianjur basah buah anggur kualitas premium gram gram,Makanan,Camilan & Snack,shopee,Jakarta Barat,Jakarta,Manisan Anggur Bogor,81000.0,227.0,4.9,0.9415407814061261,0.8447359249014804,0.9750000000000001,16.72715450552223,26.60379358187676,1,2,1,3,False,True,False,False,False,False,True,False,False,0,1,0,0,0,2
https://shopee.co.id/Lapis-Bogor-Sangkuriang-Brownies-Caramel-Reguler-Pack-(550gr)-Oleh-oleh-Khas-Bogor-i.237534970.22220241069?extraParams=%7B%22display_model_id%22%3A230805733512%2C%22model_selection_logic%22%3A3%7D&sp_atk=6ea46669-9d9d-4a4d-aae2-fcd3ca79f8f5&xptdk=6ea46669-9d9d-4a4d-aae2-fcd3ca79f8f5,Lapis Bogor Sangkuriang Brownies Caramel - Reguler Pack (550gr) - Oleh-oleh Khas Bogor,lapis sangkuriang brownies caramel reguler pack 550gr,Makanan,Kue & Roti,shopee,Bogor,Bogor,Manisan Anggur Bogor,55000.0,543.5,4.7,0.8698719100459005,1.0,0.925,17.21311820422908,29.60937932915317,1,4,1,1,False,True,False,False,True,False,False,False,False,1,1,0,0,0,1
https://shopee.co.id/manisan-anggur-bogor-400-gram-gula-asli-kualitas-premium-halal-i.151476244.13032883183?extraParams=%7B%22display_model_id%22%3A121473913634%2C%22model_selection_logic%22%3A2%7D&sp_atk=2210148a-7551-42f6-8371-762acd6eacc5&xptdk=2210148a-7551-42f6-8371-762acd6eacc5,"manisan anggur bogor 400 gram, gula asli, kualitas premium halal",manisan anggur gram gula asli kualitas premium halal,Makanan,Camilan & Snack,shopee,Jakarta Barat,Jakarta,Manisan Bogor Makmur,18500.0,543.5,4.7,0.6681589252164364,1.0,0.925,16.123555817083158,29.60937932915317,1,2,1,3,False,True,False,False,False,False,True,False,False,0,1,0,0,0,0
https://shopee.co.id/Double-Pack-(Chiffon-Talas-Keju-Chiffon-Talas-Keju)-%E2%80%93-Lapis-Bogor-Sangkuriang-290g-Oleh-Oleh-Khas-Bogor-i.237534970.29792971886?extraParams=%7B%22display_model_id%22%3A276973437077%2C%22model_selection_logic%22%3A3%7D&sp_atk=962a5989-44b7-4d7f-b3f3-0ba6a4927ac7&xptdk=962a5989-44b7-4d7f-b3f3-0ba6a4927ac7,Double Pack (Chiffon Talas Keju  Chiffon Talas Keju)  – Lapis Bogor Sangkuriang 290g | Oleh-Oleh Khas Bogor,double pack chiffon talas keju chiffon talas keju lapis sangkuriang 290g,Makanan,Kue & Roti,shopee,Bogor,Bogor,Manisan Buah Bogor,84000.0,63.0,4.8,0.9482737397745484,0.6181395596521552,0.95,15.48170699318144,19.962638800126424,1,4,1,1,False,True,False,False,True,False,False,False,False,1,1,0,0,0,2
https://www.tokopedia.com/manisanbuahpasundan/manisan-anggur-bogor-kemasan-pouch-250gr-di-jamin-fresh?extParam=ivf%3Dfalse%26keyword%3Doleh-olehkhasbogor%26search_id%3D20260701035234F61D6947467CCD2EDKYW%26src%3Dsearch,manisan anggur Bogor kemasan Pouch 250gr di jamin fresh,manisan anggur kemasan pouch 250gr jamin fresh,Makanan,Camilan & Snack,tokopedia,Jakarta Timur,Jakarta,Manisan Buah Pasundan,17990.0,50.0,4.9,0.6629837291434972,0.5776421886787662,0.9750000000000001,13.709595444100845,19.2659456003492,1,2,2,3,False,False,True,False,False,False,True,False,False,0,1,0,0,0,0
https://shopee.co.id/Pia-Lestari-Nastar-Lestari-Oleh-Oleh-Bogor-i.1324547602.26807084650?extraParams=%7B%22display_model_id%22%3A310987902928%2C%22model_selection_logic%22%3A2%7D&sp_atk=8cde14dc-e842-48e6-b08a-77b812fae3cf&xptdk=8cde14dc-e842-48e6-b08a-77b812fae3cf,Pia Lestari / Nastar Lestari / Oleh Oleh Bogor,pia lestari nastar lestari,Makanan,Kue & Roti,shopee,Bekasi,Bekasi,Manisan Cianjur,59500.0,13.0,4.8,0.8844315021083091,0.3470674270615996,0.95,13.558682241819245,12.667475182153241,1,4,1,0,False,True,False,True,False,False,False,False,False,0,1,0,0,0,1
https://shopee.co.id/(200-GRAM)-ANEKA-MANISAN-BASAH-BUAH-ASLI-KHAS-CIANJUR-ANGGUR-BOGOR-MANGGA-KEDONDONG-BANGKOK-PEPAYA-SALAK-KEDONDONG-BANGKOK-i.33818016.53557130387?extraParams=%7B%22display_model_id%22%3A375635743595%2C%22model_selection_logic%22%3A2%7D&sp_atk=7cfbf774-c31c-4e78-a199-f839c62d90a1&xptdk=7cfbf774-c31c-4e78-a199-f839c62d90a1,(200 GRAM) ANEKA MANISAN BASAH BUAH ASLI KHAS CIANJUR ANGGUR BOGOR MANGGA KEDONDONG BANGKOK PEPAYA SALAK KEDONDONG BANGKOK,gram aneka manisan basah buah asli cianjur anggur mangga kedondong bangkok pepaya salak kedondong bangkok,Makanan,Camilan & Snack,shopee,Jakarta Barat,Jakarta,Manisan Cianjur Store,32000.0,543.5,4.8,0.7696039861216921,1.0,0.95,16.671520945840825,30.23936612339047,1,2,1,3,False,True,False,False,False,False,True,False,False,0,1,0,0,0,1
https://shopee.co.id/TERMURAHHH!!!....1-KG-MANISAN-BUAH-PALA-KERING-KHAS-BOGOR-i.1365851368.26224787679?extraParams=%7B%22display_model_id%22%3A227517430889%2C%22model_selection_logic%22%3A2%7D&sp_atk=abf15617-b61f-47fb-be63-7c1a093d174a&xptdk=abf15617-b61f-47fb-be63-7c1a093d174a,TERMURAHHH!!!....1 KG - MANISAN BUAH PALA KERING KHAS BOGOR,termurahhh kg manisan buah pala kering,Makanan,Camilan & Snack,shopee,Kab. Bogor,Bogor,Manisan Pala Nusantara,49250.0,446.0,4.8,0.8494286367628805,0.964808422580396,0.95,16.904983644146235,29.29228125414513,1,2,1,1,False,True,False,False,True,False,False,False,False,1,1,0,0,0,1
https://www.tokopedia.com/mantra-khatulistiwa/talas-bogor-segar-umbi-latas-bogor-fresh-1731543580845639038?extParam=ivf%3Dfalse%26keyword%3Doleh-olehkhasbogor%26search_id%3D20260701035234F61D6947467CCD2EDKYW%26src%3Dsearch,TALAS BOGOR SEGAR UMBI LATAS BOGOR FRESH,talas segar umbi latas fresh,Makanan,Kue & Roti,tokopedia,Depok,Depok,Mantra Khatulistiwa_NEW,15000.0,30.0,4.9,0.6293339795923376,0.488849033216144,0.9750000000000001,13.017005083966255,16.82653730197722,1,4,2,2,False,False,True,False,False,True,False,False,False,0,1,0,0,0,0
https://www.tokopedia.com/mantra-khatulistiwa/kacang-bogor-mentah-kacang-polong-bogor-mentah-1731543616438371710?extParam=ivf%3Dfalse%26keyword%3Doleh-olehkhasbogor%26search_id%3D20260701035234F61D6947467CCD2EDKYW%26src%3Dsearch,KACANG BOGOR MENTAH KACANG POLONG BOGOR MENTAH,kacang mentah kacang polong mentah,Makanan,Lauk & Bahan Makanan,tokopedia,Depok,Depok,Mantra Khatulistiwa_NEW,25000.0,80.0,4.9,0.723902376778526,0.6601545058783324,0.9750000000000001,14.508658238524095,21.532800857894955,1,5,2,2,False,False,True,False,False,True,False,False,False,0,1,0,0,0,0
https://shopee.co.id/BATIK-TRADISIKU-Masker-Kain-Batik-Bogor-i.31828090.4157011568?extraParams=%7B%22display_model_id%22%3A22227182028%2C%22model_selection_logic%22%3A2%7D&sp_atk=8f407ee7-9e95-4ea6-882d-75e9d653e0a8&xptdk=8f407ee7-9e95-4ea6-882d-75e9d653e0a8,BATIK TRADISIKU Masker Kain Batik Bogor,batik tradisiku masker kain batik,Pakaian & Fashion,Pakaian Tradisional,shopee,Bogor,Bogor,Masker Batik Bogor,15000.0,35.0,4.4,0.6293339795923376,0.5155191208348127,0.8500000000000001,13.171155446333852,15.767483329206884,3,8,1,1,False,True,False,False,True,False,False,False,False,1,0,0,1,0,0
https://www.tokopedia.com/mdidari/paket-cobain-kopi-tanpa-gula-khas-kota-bogor-cap-teko-cap-kijang-cap-piala-isi-30-sachet-toko-agus-kota-bogor?extParam=ivf%3Dfalse%26keyword%3Daksesoriskhasbogor%26search_id%3D20260701045100357A6FDF7642BF120N2E%26src%3Dsearch,Paket Cobain Kopi Tanpa Gula Khas Kota Bogor Cap Teko Cap Kijang Cap Piala isi 30 sachet Toko Agus Kota Bogor,paket cobain kopi tanpa gula kota cap teko cap kijang cap piala isi sachet toko agus kota,Minuman,Kopi,tokopedia,Bogor,Bogor,mdidari,27500.0,250.0,4.9,0.7415472582280886,0.8618773725069901,0.9750000000000001,15.743402346971443,27.074719401745742,2,3,2,1,False,False,True,False,True,False,False,False,False,1,0,1,0,0,0
https://www.tokopedia.com/mdidari/kopi-cap-piala-tanpa-gula-kopi-hitam-khas-bogor-isi-30-sachet?extParam=ivf%3Dfalse%26keyword%3Daksesoriskhasbogor%26search_id%3D20260701045100357A6FDF7642BF120N2E%26src%3Dsearch,Kopi Cap Piala Tanpa Gula Kopi Hitam Khas Bogor isi 30 sachet,kopi cap piala tanpa gula kopi hitam isi sachet,Minuman,Kopi,tokopedia,Bogor,Bogor,mdidari,29900.0,500.0,5.0,0.757037688988184,0.9851496365120874,1.0,16.5202219246906,31.083030505424322,2,3,2,1,False,False,True,False,True,False,False,False,False,1,0,1,0,0,0
https://www.tokopedia.com/mdidari/kopi-hitam-tanpa-gula-kopi-mini-spesial-cap-teko-8grx30pcs-kopi-bogor?extParam=ivf%3Dfalse%26keyword%3Dminumankhasbogor%26search_id%3D202607010437141543843A4723ED1DFNTT%26src%3Dsearch,Kopi Hitam Tanpa Gula Kopi Mini Spesial Cap Teko 8grx30pcs Kopi Bogor,kopi hitam tanpa gula kopi mini spesial cap teko 8grx30pcs kopi,Minuman,Kopi,tokopedia,Bogor,Bogor,mdidari,30800.0,543.5,5.0,0.7625280051742085,1.0,1.0,16.6332997352608,31.499339711865076,2,3,2,1,False,False,True,False,True,False,False,False,False,1,0,1,0,0,1
https://www.tokopedia.com/eveliny1506/krupuk-mie-bogor-cap-bintang-besar-mentah?extParam=ivf%3Dfalse%26keyword%3Doleh-olehkhasbogor%26search_id%3D20260701035234F61D6947467CCD2EDKYW%26src%3Dsearch,"krupuk mie Bogor cap bintang ( besar , mentah)",krupuk mie cap bintang besar mentah,Makanan,Lauk & Bahan Makanan,tokopedia,Jakarta Timur,Jakarta,megah jaya cawang,50000.0,100.0,5.0,0.8522266920007155,0.6995128708733925,1.0,15.424948670398354,23.075602584206298,1,5,2,3,False,False,True,False,False,False,True,False,False,0,1,0,0,0,1
https://shopee.co.id/Tshirt-Mentalita-Bogor-Kaos-Tongkrongan-Bogor-Unisex-i.1620848981.57112318625?extraParams=%7B%22display_model_id%22%3A311069904460%2C%22model_selection_logic%22%3A2%7D&sp_atk=927e36ef-107c-4242-8e66-c73560e98cc2&xptdk=927e36ef-107c-4242-8e66-c73560e98cc2,Tshirt Mentalita Bogor Kaos Tongkrongan Bogor Unisex,tshirt mentalita kaos tongkrongan unisex,Pakaian & Fashion,Atasan & Pakaian Kasual,shopee,Jakarta Barat,Jakarta,Mentalita Apparel,32640.0,11.0,5.0,0.773270095356462,0.3195735163826218,1.0,12.791191867077526,12.424533248940001,3,1,1,3,False,True,False,False,False,False,True,False,False,0,0,0,1,0,1
https://shopee.co.id/Tshirt-Mentalita-Bogor-Kaos-Tongkrongan-Bogor-Unisex-i.1450251130.27293122290?extraParams=%7B%22display_model_id%22%3A238176239672%2C%22model_selection_logic%22%3A2%7D&sp_atk=b3df106b-1250-4a43-9534-18d1f3324460&xptdk=b3df106b-1250-4a43-9534-18d1f3324460,Tshirt Mentalita Bogor Kaos Tongkrongan Bogor Unisex,tshirt mentalita kaos tongkrongan unisex,Pakaian & Fashion,Atasan & Pakaian Kasual,shopee,Bogor,Bogor,Mentalita Bogor,45000.0,38.0,4.9,0.832720847717568,0.5297953280999758,0.9750000000000001,14.352004513273993,17.95145206603527,3,1,1,1,False,True,False,False,True,False,False,False,False,1,0,0,1,0,1
https://shopee.co.id/Mf-Shop-Promo-Tshirt-Kaos-Oleh-Oleh-Bogor-Pria-Wanita-Kaos-Bogor-Katun-Combed-30s-Premium-Ringan-Lembut-Dan-Nyaman-i.407241797.42607003443?extraParams=%7B%22display_model_id%22%3A237925043584%2C%22model_selection_logic%22%3A3%7D&sp_atk=b77d0fb3-2cab-4ee8-ada1-6c0023582688&xptdk=b77d0fb3-2cab-4ee8-ada1-6c0023582688,Mf Shop Promo Tshirt Kaos Oleh Oleh Bogor Pria Wanita Kaos Bogor Katun Combed 30s Premium Ringan Lembut Dan Nyaman,mf shop promo tshirt kaos pria wanita kaos katun combed 30s premium ringan lembut nyaman,Pakaian & Fashion,Atasan & Pakaian Kasual,shopee,Bogor,Bogor,MF Fashion Bogor,60000.0,6.0,5.0,0.8859807588182942,0.2234395151311685,1.0,12.793862088206213,9.729550745276565,3,1,1,1,False,True,False,False,True,False,False,False,False,1,0,0,1,0,1
https://shopee.co.id/Bogor-Raincake-BurnCheeseCake-Pistachio-i.172394964.26735683529?extraParams=%7B%22display_model_id%22%3A178913904320%2C%22model_selection_logic%22%3A3%7D&sp_atk=6a036e2a-893a-4861-8138-8fd207fb7dad&xptdk=6a036e2a-893a-4861-8138-8fd207fb7dad,Bogor Raincake - BurnCheeseCake Pistachio,raincake burncheesecake pistachio,Makanan,Kue & Roti,shopee,Bogor,Bogor,Milkbun Raincake,45000.0,27.0,5.0,0.832720847717568,0.4706953389920306,1.0,14.010255457801716,16.66102255087602,1,4,1,1,False,True,False,False,True,False,False,False,False,1,1,0,0,0,1
https://shopee.co.id/MANISAN-BASAH-BUAH-ASLI-ANGGUR-BOGOR-KHAS-CIANJUR-200-GRAM-400-GRAM-i.33818016.45057150352?extraParams=%7B%22display_model_id%22%3A390728408532%2C%22model_selection_logic%22%3A2%7D&sp_atk=f684a24c-c87e-428e-a097-fe16c5baadad&xptdk=f684a24c-c87e-428e-a097-fe16c5baadad,MANISAN BASAH BUAH ASLI ANGGUR BOGOR KHAS CIANJUR 200 GRAM 400 GRAM,manisan basah buah asli anggur cianjur gram gram,Makanan,Camilan & Snack,shopee,Jakarta Barat,Jakarta,Mini Pack Sangkuriang,45000.0,136.0,4.8,0.832720847717568,0.7538869733011869,0.95,15.62707281788719,23.615908443974998,1,2,1,3,False,True,False,False,False,False,True,False,False,0,1,0,0,0,1
https://shopee.co.id/Apple-Pie-Oval-medium-Oleh-oleh-Khas-Bogor-i.1647040566.42275083660?extraParams=%7B%22display_model_id%22%3A29636152507%2C%22model_selection_logic%22%3A3%7D&sp_atk=2a4a25d3-7c5b-4346-9611-cc1cd3bf3263&xptdk=2a4a25d3-7c5b-4346-9611-cc1cd3bf3263,Apple Pie Oval-medium Oleh-oleh Khas Bogor,apple pie oval medium,Makanan,Kue & Roti,shopee,Jakarta Pusat,Jakarta,Mini Pack Sangkuriang,70000.0,36.5,4.9,0.9145194966404204,0.5228000246383855,0.9750000000000001,14.753563173009297,17.759270571584192,1,4,1,3,False,True,False,False,False,False,True,False,False,0,1,0,0,0,1
https://shopee.co.id/Kaos-Oleh-Oleh-Indonesia-Bogor-Premium-Quality-Baju-Kota-BOGOR-Indonesia-Oleh-Oleh-Liburan-Pria-Distro-Souvenir-Jalan-Jalan-Luar-Negeri-Nasional-Negara-i.533786609.53400415107?extraParams=%7B%22display_model_id%22%3A320037659312%2C%22model_selection_logic%22%3A2%7D&sp_atk=2abb6d99-07c3-4ae5-a7b0-b98750fb5bbc&xptdk=2abb6d99-07c3-4ae5-a7b0-b98750fb5bbc,Kaos Oleh Oleh Indonesia Bogor Premium Quality Baju Kota BOGOR Indonesia Oleh-Oleh Liburan Pria Distro Souvenir Jalan-Jalan Luar Negeri Nasional Negara,kaos indonesia premium quality baju kota indonesia liburan pria distro souvenir jalan jalan luar negeri nasional negara,Pakaian & Fashion,Atasan & Pakaian Kasual,shopee,Depok,Depok,Mio Bogor Official,53460.0,19.0,4.8,0.8646141795596021,0.4106830339539594,0.95,13.831128953362775,14.379514913059156,3,1,1,2,False,True,False,False,False,True,False,False,False,0,0,0,1,0,1
https://shopee.co.id/K-YA-KAOS-SEHARI-JADI-Kaos-Persikabo-fans-TSHIRT-BOGOR-PRIDE-Kaos-supporter-Bola-Kaos-Fans-Sepak-Bola-Kaos-Terbaru-Kaos-Bola-Casual-Pride-Sablon-DTF-i.580184081.19729994492?extraParams=%7B%22display_model_id%22%3A181549329720%2C%22model_selection_logic%22%3A2%7D&sp_atk=519555c5-c255-4c56-ba19-a0331bc6de46&xptdk=519555c5-c255-4c56-ba19-a0331bc6de46,K - YA - KAOS SEHARI JADI / Kaos Persikabo fans / TSHIRT BOGOR PRIDE / Kaos supporter Bola / Kaos Fans Sepak Bola / Kaos Terbaru / Kaos Bola Casual Pride / Sablon DTF,ya kaos sehari jadi kaos persikabo fans tshirt pride kaos supporter bola kaos fans sepak bola kaos terbaru kaos bola casual pride sablon dtf,Pakaian & Fashion,Atasan & Pakaian Kasual,shopee,Jakarta Barat,Jakarta,Mio Bogor Racing,39000.0,12.0,3.0,0.8062280487595634,0.3338497236477849,0.5,13.056225711649638,7.694848072384611,3,1,1,3,False,True,False,False,False,False,True,False,False,0,0,0,1,0,1
https://shopee.co.id/Kaos-Pria-Mio-Bogor-Kaos-Distro-Pria-Keren-Baju-Kaos-Pria-Dan-Wanita-Dewasa-Kaos-Kece-Kaos-Racing-Kaos-Viral-Kaos-Unisex-Kaos-Terkeren-Kaos-Viral-Terbaru-2025-Kaos-Premium-Sablon-DTF-Kaos-Katun-Combed-30S-i.992364786.52259608880?extraParams=%7B%22display_model_id%22%3A325849697969%2C%22model_selection_logic%22%3A3%7D&sp_atk=ad6105a0-86f5-4b47-b21a-37324d1aaae4&xptdk=ad6105a0-86f5-4b47-b21a-37324d1aaae4,Kaos Pria Mio Bogor | Kaos Distro Pria Keren | Baju Kaos Pria Dan Wanita Dewasa | Kaos Kece | Kaos Racing | Kaos Viral | Kaos Unisex | Kaos Terkeren | Kaos Viral Terbaru 2025 | Kaos Premium | Sablon DTF | Kaos Katun Combed 30S,kaos pria mio kaos distro pria keren baju kaos pria wanita dewasa kaos kece kaos racing kaos viral kaos unisex kaos terkeren kaos viral terbaru kaos premium sablon dtf kaos katun combed 30s,Pakaian & Fashion,Atasan & Pakaian Kasual,shopee,Bogor,Bogor,Mio Community Shop,52500.0,11.0,5.0,0.8612594386099246,0.3195735163826218,1.0,13.266465452978318,12.424533248940001,3,1,1,1,False,True,False,False,True,False,False,False,False,1,0,0,1,0,1
https://shopee.co.id/Kaos-Pria-Motif-Mio-Bogor-Kaos-Distro-Pria-Keren-Baju-Kaos-Unisex-Katun-Combed-30S-Sablon-DTF-i.1022068746.40578740857?extraParams=%7B%22display_model_id%22%3A287405920224%2C%22model_selection_logic%22%3A3%7D&sp_atk=c0c11142-e04b-4af3-ace5-eb6ffa267346&xptdk=c0c11142-e04b-4af3-ace5-eb6ffa267346,Kaos Pria Motif Mio Bogor Kaos Distro Pria Keren Baju Kaos Unisex Katun Combed 30S Sablon DTF,kaos pria motif mio kaos distro pria keren baju kaos unisex katun combed 30s sablon dtf,Pakaian & Fashion,Atasan & Pakaian Kasual,shopee,Jakarta Barat,Jakarta,Mio DTF Apparel,99000.0,8.0,4.0,0.9786921761831711,0.2682632969739506,0.75,13.58231793342203,8.788898309344878,3,1,1,3,False,True,False,False,False,False,True,False,False,0,0,0,1,0,2
https://shopee.co.id/Kaos-Pria-Mio-Bogor-Kaos-Distro-Pria-Keren-Baju-Kaos-Pria-Dan-Wanita-Dewasa-Kaos-Kece-Kaos-Racing-Kaos-Viral-Kaos-Unisex-Kaos-Terkeren-Kaos-Viral-Terbaru-2025-Kaos-Premium-Sablon-DTF-Kaos-Katun-Combed-30S-i.1640054240.56950818643?extraParams=%7B%22display_model_id%22%3A405074486262%2C%22model_selection_logic%22%3A2%7D&sp_atk=05ec0398-4ea6-40b2-bd4b-9c2f3654db45&xptdk=05ec0398-4ea6-40b2-bd4b-9c2f3654db45,Kaos Pria Mio Bogor | Kaos Distro Pria Keren | Baju Kaos Pria Dan Wanita Dewasa | Kaos Kece | Kaos Racing | Kaos Viral | Kaos Unisex | Kaos Terkeren | Kaos Viral Terbaru 2025 | Kaos Premium | Sablon DTF | Kaos Katun Combed 30S,kaos pria mio kaos distro pria keren baju kaos pria wanita dewasa kaos kece kaos racing kaos viral kaos unisex kaos terkeren kaos viral terbaru kaos premium sablon dtf kaos katun combed 30s,Pakaian & Fashion,Atasan & Pakaian Kasual,shopee,Bogor,Bogor,Mio Premium Wear,39650.0,11.0,5.0,0.8092881760674677,0.3195735163826218,1.0,12.985743792647915,12.424533248940001,3,1,1,1,False,True,False,False,True,False,False,False,False,1,0,0,1,0,1
https://shopee.co.id/Kaos-Pria-Mio-Bogor-Kaos-Distro-Pria-Keren-Baju-Kaos-Pria-Dan-Wanita-Dewasa-Kaos-Kece-Kaos-Racing-Kaos-Viral-Kaos-Unisex-Kaos-Terkeren-Kaos-Viral-Terbaru-2025-Kaos-Premium-Sablon-DTF-Kaos-Katun-Combed-30S-i.1810432469.47162659885?extraParams=%7B%22display_model_id%22%3A401097874077%2C%22model_selection_logic%22%3A2%7D&sp_atk=7a2ad42a-3264-46ed-86da-0d8872c73431&xptdk=7a2ad42a-3264-46ed-86da-0d8872c73431,Kaos Pria Mio Bogor | Kaos Distro Pria Keren | Baju Kaos Pria Dan Wanita Dewasa | Kaos Kece | Kaos Racing | Kaos Viral | Kaos Unisex | Kaos Terkeren | Kaos Viral Terbaru 2025 | Kaos Premium | Sablon DTF | Kaos Katun Combed 30S,kaos pria mio kaos distro pria keren baju kaos pria wanita dewasa kaos kece kaos racing kaos viral kaos unisex kaos terkeren kaos viral terbaru kaos premium sablon dtf kaos katun combed 30s,Pakaian & Fashion,Atasan & Pakaian Kasual,shopee,Bogor,Bogor,Mio Racing Apparel,48750.0,11.0,5.0,0.8475394936700051,0.3195735163826218,1.0,13.19235761402449,12.424533248940001,3,1,1,1,False,True,False,False,True,False,False,False,False,1,0,0,1,0,1
https://shopee.co.id/Kaos-Pria-Mio-Bogor-Kaos-Distro-Pria-Keren-Baju-Kaos-Pria-Dan-Wanita-Dewasa-Kaos-Kece-Kaos-Racing-Kaos-Viral-Kaos-Unisex-Kaos-Terkeren-Kaos-Viral-Terbaru-2025-Kaos-Premium-Sablon-DTF-Kaos-Katun-Combed-30S-i.1693023457.48712550497?extraParams=%7B%22display_model_id%22%3A272713945332%2C%22model_selection_logic%22%3A3%7D&sp_atk=ea9ac8cf-0a02-442c-b2d3-460c3c429464&xptdk=ea9ac8cf-0a02-442c-b2d3-460c3c429464,Kaos Pria Mio Bogor | Kaos Distro Pria Keren | Baju Kaos Pria Dan Wanita Dewasa | Kaos Kece | Kaos Racing | Kaos Viral | Kaos Unisex | Kaos Terkeren | Kaos Viral Terbaru 2025 | Kaos Premium | Sablon DTF | Kaos Katun Combed 30S,kaos pria mio kaos distro pria keren baju kaos pria wanita dewasa kaos kece kaos racing kaos viral kaos unisex kaos terkeren kaos viral terbaru kaos premium sablon dtf kaos katun combed 30s,Pakaian & Fashion,Atasan & Pakaian Kasual,shopee,Bogor,Bogor,Mio Racing Store,52500.0,11.0,5.0,0.8612594386099246,0.3195735163826218,1.0,13.266465452978318,12.424533248940001,3,1,1,1,False,True,False,False,True,False,False,False,False,1,0,0,1,0,1
https://shopee.co.id/Kaos-Pria-Motif-Mio-Bogor-Kaos-Distro-Pria-Keren-Baju-Kaos-Unisex-Katun-Combed-30S-Sablon-DTF-i.1257263596.50659066341?extraParams=%7B%22display_model_id%22%3A297548694186%2C%22model_selection_logic%22%3A2%7D&sp_atk=d0cd8224-17f0-4583-a13a-87ac61782be1&xptdk=d0cd8224-17f0-4583-a13a-87ac61782be1,Kaos Pria Motif Mio Bogor Kaos Distro Pria Keren Baju Kaos Unisex Katun Combed 30S Sablon DTF,kaos pria motif mio kaos distro pria keren baju kaos unisex katun combed 30s sablon dtf,Pakaian & Fashion,Atasan & Pakaian Kasual,shopee,Jakarta Barat,Jakarta,Mio Streetwear,32900.0,11.0,5.0,0.7747389606092074,0.3195735163826218,1.0,12.799125972742269,12.424533248940001,3,1,1,3,False,True,False,False,False,False,True,False,False,0,0,0,1,0,1
https://shopee.co.id/LAPIS-BOGOR-PUNCAK-Brownies-Keju-i.178136998.25494535862?extraParams=%7B%22display_model_id%22%3A139347694076%2C%22model_selection_logic%22%3A2%7D&sp_atk=6633db69-b008-4c9c-a7e9-4f4ea59ecad3&xptdk=6633db69-b008-4c9c-a7e9-4f4ea59ecad3,LAPIS BOGOR PUNCAK Brownies Keju,lapis puncak brownies keju,Makanan,Kue & Roti,shopee,Bekasi,Bekasi,Mochi Homemade,42000.0,2.0,4.0,0.8199479258863125,0.07231769252175978,0.75,11.338583982516495,4.394449154672438,1,4,1,0,False,True,False,True,False,False,False,False,False,0,1,0,0,0,1
https://shopee.co.id/MOCHI-Kaos-BALI-BATAM-BOGOR-Singkatan-Nama-Kota-Daerah-di-Indonesia-BAHAN-KAOS-Distro-24s-i.206987397.27256088224?extraParams=%7B%22display_model_id%22%3A49795492301%2C%22model_selection_logic%22%3A2%7D&sp_atk=b8570a3d-fc58-4b05-96df-23f24e6f127c&xptdk=b8570a3d-fc58-4b05-96df-23f24e6f127c,MOCHI Kaos BALI / BATAM / BOGOR Singkatan Nama Kota Daerah di Indonesia / BAHAN KAOS Distro 24s,mochi kaos bali batam singkatan nama kota daerah indonesia bahan kaos distro 24s,Pakaian & Fashion,Atasan & Pakaian Kasual,shopee,Jakarta Barat,Jakarta,Mochi Kaos Official,41999.0,11.0,5.0,0.8199435178865266,0.3195735163826218,1.0,13.043298524807973,12.424533248940001,3,1,1,3,False,True,False,False,False,False,True,False,False,0,0,0,1,0,1
https://www.tokopedia.com/molagisnack/keripik-talas-kripik-tales-bogor-gurih-renyah-molagi-snack?extParam=ivf%3Dfalse%26keyword%3Doleh-olehkhasbogor%26search_id%3D20260701035234F61D6947467CCD2EDKYW%26src%3Dsearch,Keripik Talas 250 Gram / Kripik Tales Bogor Gurih Renyah - Molagi Snack,keripik talas gram kripik tales gurih renyah molagi snack,Makanan,Camilan & Snack,tokopedia,Depok,Depok,MOLAGI SNACK,21000.0,250.0,4.8,0.6916243159061397,0.8618773725069901,0.95,15.473738825043979,26.52217410783256,1,2,2,2,False,False,True,False,False,True,False,False,False,0,1,0,0,0,0
https://shopee.co.id/Keripik-Talas-Kripik-Tales-Bogor-Gurih-Renyah-250-Gram-Molagi-Snack-i.1096980704.25550710711?extraParams=%7B%22display_model_id%22%3A194742576939%2C%22model_selection_logic%22%3A2%7D&sp_atk=b021e689-5a94-495e-88ed-d3be7fca7389&xptdk=b021e689-5a94-495e-88ed-d3be7fca7389,Keripik Talas / Kripik Tales Bogor Gurih Renyah 250 Gram - Molagi Snack,keripik talas kripik tales gurih renyah gram molagi snack,Makanan,Camilan & Snack,shopee,Tangerang Selatan,Tangerang,Molagi Snack,21000.0,543.5,4.7,0.6916243159061397,1.0,0.925,16.250307510882365,29.60937932915317,1,2,1,5,False,True,False,False,False,False,False,False,True,0,1,0,0,0,0
https://shopee.co.id/Keripik-Talas-Kripik-Tales-Bogor-Gurih-Renyah-250-Gram-Molagi-Snack-i.1096980704.25550710711?extraParams=%7B%22display_model_id%22%3A194742576939%2C%22model_selection_logic%22%3A2%7D&sp_atk=6eb7f72f-2d59-4e25-b955-41e45b36aa3f&xptdk=6eb7f72f-2d59-4e25-b955-41e45b36aa3f,Keripik Talas / Kripik Tales Bogor Gurih Renyah 250 Gram - Molagi Snack,keripik talas kripik tales gurih renyah gram molagi snack,Makanan,Camilan & Snack,shopee,Tangerang Selatan,Tangerang,Molagi Snack,16000.0,543.5,4.7,0.6412817535440904,1.0,0.925,15.978373822778575,29.60937932915317,1,2,1,5,False,True,False,False,False,False,False,False,True,0,1,0,0,0,0
https://shopee.co.id/Keripik-Talas-Kripik-Tales-Bogor-Gurih-Renyah-250-Gram-Molagi-Snack-i.1096980704.25550710711?extraParams=%7B%22display_model_id%22%3A194742576939%2C%22model_selection_logic%22%3A2%7D&sp_atk=4bc580a1-f180-4c46-a395-7741dff5dee4&xptdk=4bc580a1-f180-4c46-a395-7741dff5dee4,Keripik Talas / Kripik Tales Bogor Gurih Renyah 250 Gram - Molagi Snack,keripik talas kripik tales gurih renyah gram molagi snack,Makanan,Camilan & Snack,shopee,Tangerang Selatan,Tangerang,Molagi Snack Bogor,34376.0,543.5,4.7,0.7828636917311187,1.0,0.925,16.743143685539668,29.60937932915317,1,2,1,5,False,True,False,False,False,False,False,False,True,0,1,0,0,0,1
https://shopee.co.id/Kaos-Bogor-Bendera-Crew-Neck-Kaos-Murah-Kaos-Pria-Dan-Wanita-Unisex-Kaos-Distro-Polos-Putih-Hitam-i.126429168.25756365582?extraParams=%7B%22display_model_id%22%3A168019846974%2C%22model_selection_logic%22%3A2%7D&sp_atk=e35610a1-714b-40c5-9008-9aa92892ee66&xptdk=e35610a1-714b-40c5-9008-9aa92892ee66,Kaos Bogor Bendera Crew Neck Kaos Murah Kaos Pria Dan Wanita Unisex Kaos Distro Polos Putih Hitam,kaos bendera crew neck kaos murah kaos pria wanita unisex kaos distro polos putih hitam,Pakaian & Fashion,Atasan & Pakaian Kasual,shopee,Jakarta Barat,Jakarta,Mothai Apparel,57900.0,1.0,5.0,0.8793849193690424,0.0,1.0,10.96648993456911,3.4657359027997265,3,1,1,3,False,True,False,False,False,False,True,False,False,0,0,0,1,0,1
https://shopee.co.id/KAOS-BAJU-BOGOR-RAIN-CITY-KAOS-BOGOR-KOTA-HUJAN-BISA-COD-TSHIRT-DISTRO-i.115005484.14433605897?extraParams=%7B%22display_model_id%22%3A48167846058%2C%22model_selection_logic%22%3A3%7D&sp_atk=d9881ae3-27c8-4096-b874-9063a9bd73be&xptdk=d9881ae3-27c8-4096-b874-9063a9bd73be,KAOS BAJU BOGOR RAIN CITY / KAOS BOGOR KOTA HUJAN / BISA COD TSHIRT DISTRO,kaos baju rain city kaos kota hujan bisa cod tshirt distro,Pakaian & Fashion,Atasan & Pakaian Kasual,shopee,Depok,Depok,Mothai Bogor Store,54500.0,17.0,5.0,0.8681811694047077,0.3918912089043816,1.0,13.739170404037784,14.451858789480823,3,1,1,2,False,True,False,False,False,True,False,False,False,0,0,0,1,0,1
https://shopee.co.id/Kaos-Distro-JAKARTA-x-BOGOR-Atasan-Cotton-Combed-Kaos-Tshirt-Pria-Wanita-i.1035157971.22358989687?extraParams=%7B%22display_model_id%22%3A157070008218%2C%22model_selection_logic%22%3A2%7D&sp_atk=01ffdfd2-7a4f-40dc-842c-05503b8cc849&xptdk=01ffdfd2-7a4f-40dc-842c-05503b8cc849,Kaos Distro JAKARTA x BOGOR // Atasan Cotton Combed // Kaos Tshirt Pria Wanita,kaos distro jakarta atasan cotton combed kaos tshirt pria wanita,Pakaian & Fashion,Atasan & Pakaian Kasual,shopee,Jakarta Barat,Jakarta,Mothai Racing,31000.0,13.0,4.0,0.7637262760475965,0.3470674270615996,0.75,12.90669432231532,10.556229318461035,3,1,1,3,False,True,False,False,False,False,True,False,False,0,0,0,1,0,1
https://shopee.co.id/LAPIS-TALAS-BOGR-CAPPUCINO-470gram-GOLDEN-FRANCE-OLEH_OLEH-BOGOR-i.1392392340.26566713281?extraParams=%7B%22display_model_id%22%3A79833289275%2C%22model_selection_logic%22%3A2%7D&sp_atk=81a1b199-73d0-4ca2-b65b-1e91b1fae977&xptdk=81a1b199-73d0-4ca2-b65b-1e91b1fae977,LAPIS TALAS BOGR CAPPUCINO 470gram GOLDEN FRANCE OLEH_OLEH BOGOR,lapis talas bogr cappucino 470gram golden france,Makanan,Kue & Roti,shopee,Bogor,Bogor,Mpok Mumun Official,45600.0,10.0,5.0,0.8351729909575913,0.3040543955478092,1.0,13.030250281476574,11.989476363991853,1,4,1,1,False,True,False,False,True,False,False,False,False,1,1,0,0,0,1
https://www.tokopedia.com/mysaripala/manisan-pala-bogor-450-gram?extParam=ivf%3Dfalse%26keyword%3Doleh-olehkhasbogor%26search_id%3D20260701035234F61D6947467CCD2EDKYW%26src%3Dsearch,Manisan pala Bogor 450 gram,manisan pala gram,Makanan,Camilan & Snack,tokopedia,Bogor,Bogor,Mysari Pala nya Bogor,40000.0,250.0,4.8,0.8109152233556896,0.8618773725069901,0.95,16.118095750958314,26.52217410783256,1,2,2,1,False,False,True,False,True,False,False,False,False,1,1,0,0,0,1
https://www.tokopedia.com/mysaripala/permen-pala-camilan-khas-bogor-edisi-lebaran?extParam=ivf%3Dfalse%26keyword%3Doleh-olehkhasbogor%26search_id%3D20260701035234F61D6947467CCD2EDKYW%26src%3Dsearch,Permen Pala camilan khas Bogor edisi Lebaran,permen pala camilan edisi lebaran,Makanan,Camilan & Snack,tokopedia,Bogor,Bogor,Mysari Pala nya Bogor,55000.0,90.0,4.9,0.8698719100459005,0.6809171507093845,0.9750000000000001,15.414898336565054,22.103211581932566,1,2,2,1,False,False,True,False,True,False,False,False,False,1,1,0,0,0,1
https://www.tokopedia.com/nabawihe000albogor/nhi-bogor-habbats-drink?extParam=ivf%3Dfalse%26keyword%3Dminumankhasbogor%26search_id%3D202607010437141543843A4723ED1DFNTT%26src%3Dsearch,NHI Bogor - Habbats Drink,nhi habbats drink,Minuman,Minuman Tradisional,tokopedia,Bogor,Bogor,NABAWI HE000AL BOGOR,32000.0,6.0,5.0,0.7696039861216921,0.2234395151311685,1.0,12.165255859329688,9.729550745276565,2,7,2,1,False,False,True,False,True,False,False,False,False,1,0,1,0,0,1
https://shopee.co.id/Kopi-Arabika-Bogor-Gunung-Arca-200-Gr-Honey-Process-i.257136382.3849186138?extraParams=%7B%22display_model_id%22%3A296505364975%2C%22model_selection_logic%22%3A3%7D&sp_atk=091cb9f4-2b9c-4ef3-a947-2b06a89a5555&xptdk=091cb9f4-2b9c-4ef3-a947-2b06a89a5555,Kopi Arabika Bogor Gunung Arca 200 Gr Honey Process,kopi arabika gunung arca gr honey process,Minuman,Kopi,shopee,Bogor,Bogor,Naga Mas Coffee,111075.75,41.0,5.0,1.0000000000000002,0.5430130315137904,1.0,15.331539966262138,18.68834809141684,2,3,1,1,False,True,False,False,True,False,False,False,False,1,0,1,0,0,2
https://shopee.co.id/Kopi-Cap-Liong-Bulan-(KOPI-GULA)-1-Renceng-10-Sachet-Kopi-Legend-Jadul-Khas-Bogor-i.49301727.28411150636?extraParams=%7B%22display_model_id%22%3A49813510840%2C%22model_selection_logic%22%3A2%7D&sp_atk=1b4ab558-72b7-471d-99d1-4fc920f74904&xptdk=1b4ab558-72b7-471d-99d1-4fc920f74904,Kopi Cap Liong Bulan (KOPI  GULA) 1 Renceng 10 Sachet Kopi Legend Jadul Khas Bogor,kopi cap liong bulan kopi gula renceng sachet kopi legend jadul,Minuman,Kopi,shopee,Jakarta Selatan,Jakarta,Naga Mas Premium,24500.0,228.0,5.0,0.7201622351388539,0.8455164835891193,1.0,15.53577420450622,27.1686100177712,2,3,1,3,False,True,False,False,False,False,True,False,False,0,0,1,0,0,0
https://shopee.co.id/Pete-Petai-Bogor-Biji-Besar-Segar-Super-Jumbo-i.88311471.28778130402?extraParams=%7B%22display_model_id%22%3A233877836272%2C%22model_selection_logic%22%3A2%7D&sp_atk=b6fd7944-cca4-4adb-a030-937b5c74ef3c&xptdk=b6fd7944-cca4-4adb-a030-937b5c74ef3c,Pete Petai Bogor Biji Besar Segar Super Jumbo,pete petai biji besar segar super jumbo,Makanan,Lauk & Bahan Makanan,shopee,Bogor,Bogor,Nagarasa Official,46000.0,543.5,4.7,0.8367898933986784,1.0,0.925,17.034426422030897,29.60937932915317,1,5,1,1,False,True,False,False,True,False,False,False,False,1,1,0,0,0,1
https://shopee.co.id/Rempah-Lada-Putih-Biji-Pack-1kg-khas-pasar-anyar-bogor-i.1677410157.44701981649?extraParams=%7B%22display_model_id%22%3A310192357707%2C%22model_selection_logic%22%3A3%7D&sp_atk=83ec0ec9-fdd3-4a53-93bb-991ead47aef4&xptdk=83ec0ec9-fdd3-4a53-93bb-991ead47aef4,Rempah Lada Putih Biji Pack 1kg khas pasar anyar bogor,rempah lada putih biji pack 1kg pasar anyar,Makanan,Lauk & Bahan Makanan,shopee,Bogor,Bogor,Narasa Official,9450.0,97.0,4.9,0.5438008167507136,0.6941348541231992,0.9750000000000001,13.728482089919503,22.466340645485808,1,5,1,1,False,True,False,False,True,False,False,False,False,1,1,0,0,0,0
https://shopee.co.id/MANISAN-BASAH-BUAH-ANGGUR-BOGOR-KUALITAS-PREMIUM-200-GRAM-400-GRAM-1000-GRAM-BUAH-ANGGUR-BOGOR-i.1573113312.42510859050?extraParams=%7B%22display_model_id%22%3A297561383054%2C%22model_selection_logic%22%3A2%7D&sp_atk=f2b5399f-5cd4-4450-aa0b-b89367356d25&xptdk=f2b5399f-5cd4-4450-aa0b-b89367356d25,MANISAN BASAH BUAH ANGGUR BOGOR KUALITAS PREMIUM 200 GRAM / 400 GRAM / 1000 GRAM BUAH ANGGUR BOGOR,manisan basah buah anggur kualitas premium gram gram gram buah anggur,Makanan,Camilan & Snack,shopee,Jakarta Barat,Jakarta,Nastar Lestari,45000.0,543.5,4.8,0.832720847717568,1.0,0.95,17.012447516200975,30.23936612339047,1,2,1,3,False,True,False,False,False,False,True,False,False,0,1,0,0,0,1
https://shopee.co.id/Tauco-Bogor-Makanan-Instan-Taucok-Sayur-Sayuran-Segar-Bogor-i.296693045.7261399539?extraParams=%7B%22display_model_id%22%3A51704208147%2C%22model_selection_logic%22%3A2%7D&sp_atk=9d41bc2e-c7d4-4439-83b7-04b643479168&xptdk=9d41bc2e-c7d4-4439-83b7-04b643479168,Tauco Bogor Makanan Instan Taucok Sayur Sayuran Segar Bogor,tauco makanan instan taucok sayur sayuran segar,Makanan,Lauk & Bahan Makanan,shopee,Bogor,Bogor,Nastar Premium Store,2550.0,394.0,4.9,0.301337335113931,0.942750461257483,0.9750000000000001,13.820200542771897,29.2965402480155,1,5,1,1,False,True,False,False,True,False,False,False,False,1,1,0,0,0,0
https://www.tokopedia.com/nathan-pete-bogor-fresh/pete-bogor-jenis-muda-isi-10-lonjor-fresh-1735028827889829220?extParam=ivf%3Dfalse%26keyword%3Doleh-olehkhasbogor%26search_id%3D20260701035234F61D6947467CCD2EDKYW%26src%3Dsearch,Pete bogor Jenis Muda isi 10 lonjor fresh,pete jenis muda isi lonjor fresh,Makanan,Lauk & Bahan Makanan,tokopedia,Kab. Bogor,Bogor,Nathan Pete Bogor Fresh,31000.0,30.0,5.0,0.7637262760475965,0.488849033216144,1.0,13.742940940397677,17.16993602242573,1,5,2,1,False,False,True,False,True,False,False,False,False,1,1,0,0,0,1
https://www.tokopedia.com/ngemildotcom/keripik-talas-keripik-talas-bogor-keripik-talas-asin-1729818364090745979?extParam=ivf%3Dfalse%26keyword%3Doleh-olehkhasbogor%26search_id%3D20260701035234F61D6947467CCD2EDKYW%26src%3Dsearch,KERIPIK TALAS 500gr / KERIPIK TALAS BOGOR / KERIPIK TALAS ASIN,keripik talas 500gr keripik talas keripik talas asin,Makanan,Kue & Roti,tokopedia,Depok,Depok,ngemildotcom,24500.0,543.5,4.9,0.7201622351388539,1.0,0.9750000000000001,16.404458178193117,30.869352917627776,1,4,2,2,False,False,True,False,False,True,False,False,False,0,1,0,0,0,0
https://shopee.co.id/Kanung-Bogor-Mamol-i.15357295.547673762?extraParams=%7B%22display_model_id%22%3A60259399096%2C%22model_selection_logic%22%3A2%7D&sp_atk=0b314422-9660-48e7-9854-909e6c7e65d5&xptdk=0b314422-9660-48e7-9854-909e6c7e65d5,Kanung Bogor Mamol,kanung mamol,Makanan,Kue & Roti,shopee,Bogor,Bogor,Ngo Hiang Candra,81995.0,113.0,4.8,0.9438011272066389,0.7211080129710493,0.95,16.041801475417895,22.733752552293577,1,4,1,1,False,True,False,False,True,False,False,False,False,1,1,0,0,0,2
https://www.tokopedia.com/queen-snackk/kacang-bogor-jumbo-oven-500-gram?extParam=ivf%3Dfalse%26keyword%3Doleh-olehkhasbogor%26search_id%3D20260701035234F61D6947467CCD2EDKYW%26src%3Dsearch,KACANG BOGOR JUMBO OVEN 500 GRAM,kacang jumbo oven gram,Makanan,Camilan & Snack,tokopedia,Jakarta Pusat,Jakarta,niceSnack_NEW,111075.75,543.5,4.9,1.0000000000000002,1.0,0.9750000000000001,17.91599740310165,30.869352917627776,1,2,2,3,False,False,True,False,False,False,True,False,False,0,1,0,0,0,2
https://www.tokopedia.com/queen-snackk/kacang-bogor-kacang-bogor-asli-kacang-bogor-super-grosir-spesial-1731265005581600251?extParam=ivf%3Dfalse%26keyword%3Doleh-olehkhasbogor%26search_id%3D20260701035234F61D6947467CCD2EDKYW%26src%3Dsearch,KACANG BOGOR / KACANG BOGOR ASLI / KACANG BOGOR SUPER GROSIR SPESIAL,kacang kacang asli kacang super grosir spesial,Makanan,Camilan & Snack,tokopedia,Jakarta Pusat,Jakarta,niceSnack_NEW,26000.0,60.0,4.8,0.7311633440013376,0.6095767613203126,0.95,14.260197020251155,19.732194548031895,1,2,2,3,False,False,True,False,False,False,True,False,False,0,1,0,0,0,0
https://www.tokopedia.com/queen-snackk/manisan-buah-segar-asinan-buah-salak-mangga-pala-anggur-bogor-pepaya-basah-manis-dan-pedas-250-gram-salak-manis-e1e6b?extParam=ivf%3Dfalse%26keyword%3Doleh-olehkhasbogor%26search_id%3D20260701035234F61D6947467CCD2EDKYW%26src%3Dsearch,MANISAN BUAH SEGAR / ASINAN BUAH SALAK MANGGA PALA ANGGUR BOGOR PEPAYA BASAH MANIS DAN PEDAS 250 GRAM,manisan buah segar asinan buah salak mangga pala anggur pepaya basah manis pedas gram,Makanan,Makanan Tradisional,tokopedia,Jakarta Pusat,Jakarta,niceSnack_NEW,15000.0,40.0,4.0,0.6293339795923376,0.5387150554591977,0.75,13.304686600863562,14.854288266817232,1,6,2,3,False,False,True,False,False,False,True,False,False,0,1,0,0,0,0
https://shopee.co.id/Kopi-Oplet-Mini-Classic-Tanpa-Gula-Isi-30-Bks-X-7-gram-Kopi-Legendaris-Khas-Kota-Bogor-Juns-Drink-i.1605780224.55606612068?extraParams=%7B%22display_model_id%22%3A425594523215%2C%22model_selection_logic%22%3A3%7D&sp_atk=95bd9514-4b5f-4015-954c-aec7858c5a3f&xptdk=95bd9514-4b5f-4015-954c-aec7858c5a3f,Kopi Oplet Mini Classic Tanpa Gula Isi 30 Bks X 7 gram Kopi Legendaris Khas Kota Bogor - Juns Drink,kopi oplet mini classic tanpa gula isi bks gram kopi legendaris kota juns drink,Minuman,Kopi,shopee,Jakarta Barat,Jakarta,Nichs Official,43101.0,224.0,4.9,0.8247385566771785,0.8423735410210074,0.9750000000000001,16.082947633111175,26.53889197080166,2,3,1,3,False,True,False,False,False,False,True,False,False,0,0,1,0,0,1
https://shopee.co.id/Sari-Buah-Pala-Langsung-Siap-Minum-Oleh-Oleh-Khas-Bogor-Murah-Terlaris-i.608878015.19794594196?extraParams=%7B%22display_model_id%22%3A157070869563%2C%22model_selection_logic%22%3A2%7D&sp_atk=8a1e9298-32e8-4296-bdd2-1e202723cf7b&xptdk=8a1e9298-32e8-4296-bdd2-1e202723cf7b,Sari Buah Pala Langsung Siap Minum Oleh Oleh Khas Bogor Murah Terlaris,sari buah pala langsung siap minum murah terlaris,Minuman,Minuman Tradisional,shopee,Bogor,Bogor,Nichs Premium,22499.0,121.0,5.0,0.7043887157061597,0.7332046732507436,1.0,14.817017055682841,24.020105223666285,2,7,1,1,False,True,False,False,True,False,False,False,False,1,0,1,0,0,0
https://shopee.co.id/Coffee-Beer-Agung-Ngoro-1-Botol-Jombang-Bogor-i.698075562.13880093594?extraParams=%7B%22display_model_id%22%3A105639799301%2C%22model_selection_logic%22%3A3%7D&sp_atk=f18ce28c-c069-4c4b-88af-10a77abd60e0&xptdk=f18ce28c-c069-4c4b-88af-10a77abd60e0,Coffee Beer Agung Ngoro 1 Botol Jombang Bogor,coffee beer agung ngoro botol jombang,Minuman,Minuman Tradisional,shopee,Bogor,Bogor,Nichs Syrup,50000.0,543.5,4.8,0.8522266920007155,1.0,0.95,17.117808027770074,30.23936612339047,2,7,1,1,False,True,False,False,True,False,False,False,False,1,0,1,0,0,1
https://www.tokopedia.com/nophen/asinan-bogor-asli-gedong-dalam-buah?extParam=ivf%3Dfalse%26keyword%3Doleh-olehkhasbogor%26search_id%3D20260701035234F61D6947467CCD2EDKYW%26src%3Dsearch,asinan bogor asli gedong dalam,asinan asli gedong dalam,Makanan,Makanan Tradisional,tokopedia,Jakarta Barat,Jakarta,nophen store,49999.0,543.5,4.9,0.8522229892738429,1.0,0.9750000000000001,17.117788027570807,30.869352917627776,1,6,2,3,False,False,True,False,False,False,True,False,False,0,1,0,0,0,1
https://shopee.co.id/Pia-Durian-Duren-de-Paris-Bakery-pie-oleh-oleh-khas-Bogor-i.339348944.42257304748?extraParams=%7B%22display_model_id%22%3A248595349575%2C%22model_selection_logic%22%3A3%7D&sp_atk=0f319a3d-360b-400e-b065-4d54d0528266&xptdk=0f319a3d-360b-400e-b065-4d54d0528266,Pia Durian Duren de Paris Bakery pie oleh oleh khas Bogor,pia durian duren de paris bakery pie,Makanan,Kue & Roti,shopee,Bogor,Bogor,Oleh Oleh Bogor,57000.0,1.0,4.9,0.876484573279164,0.0,0.9750000000000001,10.950824090522445,3.396421184743732,1,4,1,1,False,True,False,False,True,False,False,False,False,1,1,0,0,0,1
https://shopee.co.id/Kaos-Oleh-Oleh-Indonesia-Bogor-Premium-Quality-Baju-Kota-BOGOR-Indonesia-Oleh-Oleh-Liburan-Pria-Distro-Souvenir-Jalan-Jalan-Luar-Negeri-Nasional-Negara-i.201843275.46456169268?extraParams=%7B%22display_model_id%22%3A355559253423%2C%22model_selection_logic%22%3A2%7D&sp_atk=aaa71294-e2bf-4e56-bdf0-c1f1cec3fd79&xptdk=aaa71294-e2bf-4e56-bdf0-c1f1cec3fd79,Kaos Oleh Oleh Indonesia Bogor Premium Quality Baju Kota BOGOR Indonesia Oleh-Oleh Liburan Pria Distro Souvenir Jalan-Jalan Luar Negeri Nasional Negara,kaos indonesia premium quality baju kota indonesia liburan pria distro souvenir jalan jalan luar negeri nasional negara,Pakaian & Fashion,Atasan & Pakaian Kasual,shopee,Jakarta Barat,Jakarta,Oleh Oleh Indonesia,31250.0,11.0,5.0,0.7652132900414574,0.3195735163826218,1.0,12.747672837049596,12.424533248940001,3,1,1,3,False,True,False,False,False,False,True,False,False,0,0,0,1,0,1
https://www.tokopedia.com/oleh-oleh-omah-jawa/lapis-bogor-sangkuriang-oleh-oleh-khas-bogor-1731687102593664157?extParam=ivf%3Dfalse%26keyword%3Doleh-olehkhasbogor%26search_id%3D20260701035234F61D6947467CCD2EDKYW%26src%3Dsearch,Lapis Bogor Sangkuriang || Oleh Oleh Khas Bogor,lapis sangkuriang,Makanan,Kue & Roti,tokopedia,Bekasi,Bekasi,Oleh Oleh Omah Jawa,54000.0,36.5,4.9,0.8664748459680991,0.5228000246383855,0.9750000000000001,14.4940520934914,17.759270571584192,1,4,2,0,False,False,True,True,False,False,False,False,False,0,1,0,0,0,1
https://www.tokopedia.com/oleh2jakarta/enting-enting-gepuk-kacang-cap-klenteng-2-hoolo-asli-khas-salatiga-100-halal-tanpa-bahan-pengawet-700-gram-1729577621994834697?extParam=ivf%3Dfalse%26keyword%3Doleh-olehkhasbogor%26search_id%3D20260701035234F61D6947467CCD2EDKYW%26src%3Dsearch,Enting Enting Gepuk Kacang Cap Klenteng & 2 Hoolo Asli Khas Salatiga 100% Halal Tanpa Bahan Pengawet 700 Gram,enting enting gepuk kacang cap klenteng hoolo asli salatiga halal tanpa bahan pengawet gram,Makanan,Camilan & Snack,tokopedia,Jakarta Timur,Jakarta,oleh2jakarta,96591.0,543.5,5.0,0.974131476511314,1.0,1.0,17.77627057376826,31.499339711865076,1,2,2,3,False,False,True,False,False,False,True,False,False,0,1,0,0,0,2
https://www.tokopedia.com/oleh-oleh-bogor/yasmin-ke-ik-lapis-talas-original-oleh2-khas-bogor-1729724207344748085?extParam=ivf%3Dfalse%26keyword%3Doleh-olehkhasbogor%26search_id%3D20260701035234F61D6947467CCD2EDKYW%26src%3Dsearch,"Yasmin Ke.ik, Lapis Talas Original, Oleh2 Khas Bogor",yasmin ik lapis talas original oleh2,Makanan,Kue & Roti,tokopedia,Bogor,Bogor,Oleh-oleh Bogor,30000.0,24.0,4.9,0.7576558265027287,0.45048233211662564,0.9750000000000001,13.487007879880162,15.772491541854183,1,4,2,1,False,False,True,False,True,False,False,False,False,1,1,0,0,0,0
https://www.tokopedia.com/oleh-oleh-bogor/yasmin-ke-ik-lapis-talas-original-oleh2-khas-bogor-1729724207344748085?extParam=ivf%3Dfalse%26keyword%3Daksesoriskhasbogor%26search_id%3D20260701045100357A6FDF7642BF120N2E%26src%3Dsearch,"Yasmin Ke.ik, Lapis Talas Original, Oleh2 Khas Bogor",yasmin ik lapis talas original oleh2,Makanan,Kue & Roti,tokopedia,Bogor,Bogor,Oleh-oleh Bogor,30000.0,24.0,4.9,0.7576558265027287,0.45048233211662564,0.9750000000000001,13.487007879880162,15.772491541854183,1,4,2,1,False,False,True,False,True,False,False,False,False,1,1,0,0,0,0
https://shopee.co.id/PAKET-BUNDLING-ISI-3-MANISAN-BUAH-(MANGGA-ANGGUR-BOGOR-SALAK)-FREE-BUMBU-BUAH-i.304598188.57252683321?extraParams=%7B%22display_model_id%22%3A405259725648%2C%22model_selection_logic%22%3A2%7D&sp_atk=23d887f1-ba0c-4a21-9234-6d8050fd6b23&xptdk=23d887f1-ba0c-4a21-9234-6d8050fd6b23,"PAKET BUNDLING ISI 3 MANISAN BUAH (MANGGA,ANGGUR BOGOR,SALAK) FREE BUMBU BUAH",paket bundling isi manisan buah mangga anggur salak free bumbu buah,Makanan,Camilan & Snack,shopee,Jakarta Barat,Jakarta,Oleh-Oleh Bogor Jaya,40999.0,27.0,4.8,0.8154821406833712,0.4706953389920306,0.95,13.917140724513416,15.994581648840978,1,2,1,3,False,True,False,False,False,False,True,False,False,0,1,0,0,0,1
https://www.tokopedia.com/oleh-olehindonesia/enting-enting-gepuk-cap-klenteng-2-hoolo-asli-khas-salatiga-1-boss-0250f?extParam=ivf%3Dfalse%26keyword%3Doleh-olehkhasbogor%26search_id%3D20260701035234F61D6947467CCD2EDKYW%26src%3Dsearch,Enting-Enting Gepuk Cap Klenteng & 2 Hoolo Asli Khas Salatiga,enting enting gepuk cap klenteng hoolo asli salatiga,Makanan,Camilan & Snack,tokopedia,Jakarta Selatan,Jakarta,Oleh-oleh Indonesia Nusantara,70000.0,100.0,5.0,0.9145194966404204,0.6995128708733925,1.0,15.76142084987672,23.075602584206298,1,2,2,3,False,False,True,False,False,False,True,False,False,0,1,0,0,0,1
https://shopee.co.id/Opak-Singkong-Mentah-(isi-40-pcs)-rasa-Original-Pedas-Asli-Bogor-i.117001253.7389988971?extraParams=%7B%22display_model_id%22%3A75614832678%2C%22model_selection_logic%22%3A2%7D&sp_atk=488f83d0-db00-43dd-9cf1-1a04034d71e2&xptdk=488f83d0-db00-43dd-9cf1-1a04034d71e2,"Opak Singkong Mentah (isi 40 pcs) rasa Original, Pedas Asli Bogor",opak singkong mentah isi pcs rasa original pedas asli,Makanan,Lauk & Bahan Makanan,shopee,Depok,Depok,Opak Bogor Jaya,18000.0,543.5,4.8,0.6630866065605672,1.0,0.95,16.096156845657696,30.23936612339047,1,5,1,2,False,True,False,False,False,True,False,False,False,0,1,0,0,0,0
https://shopee.co.id/Kopi-Cap-Piala-Khas-Kota-Bogor-Tanpa-Gula-ukuran-30sachet-asli-Toko-Agus-i.1830942511.46061165513?extraParams=%7B%22display_model_id%22%3A310970911591%2C%22model_selection_logic%22%3A2%7D&sp_atk=c93effb7-49b5-428d-ae80-5f061fd2f679&xptdk=c93effb7-49b5-428d-ae80-5f061fd2f679,Kopi Cap Piala Khas Kota Bogor Tanpa Gula ukuran 30sachet asli Toko Agus,kopi cap piala kota tanpa gula ukuran 30sachet asli toko agus,Minuman,Kopi,shopee,Bogor,Bogor,Oplet Bogor Official,111075.75,2.0,4.9,1.0000000000000002,0.07231769252175978,0.9750000000000001,12.311119361958172,5.383200214473737,2,3,1,1,False,True,False,False,True,False,False,False,False,1,0,1,0,0,2
https://shopee.co.id/WEZ-Kopi-Arabika-Cibulao-Puncak-Bogor-Natural-100gram-250gram-i.1312360085.26362157435?extraParams=%7B%22display_model_id%22%3A236806916677%2C%22model_selection_logic%22%3A2%7D&sp_atk=e01e7d01-56dc-4d18-9ff0-c81100b850f4&xptdk=e01e7d01-56dc-4d18-9ff0-c81100b850f4,WEZ Kopi Arabika Cibulao Puncak Bogor Natural 100gram 250gram,wez kopi arabika cibulao puncak natural 100gram 250gram,Minuman,Kopi,shopee,Tangerang,Tangerang,Oplet Mini Classic,22560.0,11.0,5.0,0.7048899667566624,0.3195735163826218,1.0,12.421833008060531,12.424533248940001,2,3,1,5,False,True,False,False,False,False,False,False,True,0,0,1,0,0,0
https://shopee.co.id/KOPI-GULA-CAP-LIONG-BULAN-ISI-20-PCS-KHAS-BOGOR-i.83510527.16411074084?extraParams=%7B%22display_model_id%22%3A152672163197%2C%22model_selection_logic%22%3A2%7D&sp_atk=33aa6a97-5f16-4364-a232-a4630abd8dee&xptdk=33aa6a97-5f16-4364-a232-a4630abd8dee,KOPI  GULA CAP LIONG BULAN ISI 20 PCS KHAS BOGOR,kopi gula cap liong bulan isi pcs,Minuman,Kopi,shopee,Bogor,Bogor,Oplet Strong Coffee,20100.0,543.5,5.0,0.6835151721428321,1.0,1.0,16.206504892147056,31.499339711865076,2,3,1,1,False,True,False,False,True,False,False,False,False,1,0,1,0,0,0
https://www.tokopedia.com/ouisnack/kacang-bogor-super-500gr-grosir-murah-oui-snack?extParam=ivf%3Dfalse%26keyword%3Doleh-olehkhasbogor%26search_id%3D20260701035234F61D6947467CCD2EDKYW%26src%3Dsearch,KACANG BOGOR SUPER 500GR GROSIR MURAH | OUI SNACK,kacang super 500gr grosir murah oui snack,Makanan,Camilan & Snack,tokopedia,Jakarta Barat,Jakarta,Oui Snack,109999.0,543.5,4.9,0.998196561802511,1.0,0.9750000000000001,17.90625627711216,30.869352917627776,1,2,2,3,False,False,True,False,False,False,True,False,False,0,1,0,0,0,2
https://shopee.co.id/Manisan-Pala-Kering-Asli-Khas-Bogor-Kualitas-Premium-Harga-Terjangkau!-Kemasan-1-Kg--i.1602958330.58152947710?extraParams=%7B%22display_model_id%22%3A365284853735%2C%22model_selection_logic%22%3A2%7D&sp_atk=e9f198c4-3d88-462a-ba72-c8de2cdc7485&xptdk=e9f198c4-3d88-462a-ba72-c8de2cdc7485,"Manisan Pala Kering Asli  Khas Bogor- Kualitas Premium, Harga Terjangkau! [ Kemasan 1 Kg ]",manisan pala kering asli kualitas premium harga terjangkau kemasan kg,Makanan,Camilan & Snack,shopee,Bogor,Bogor,Pala Bogor Official,45600.0,2.0,4.0,0.8351729909575913,0.07231769252175978,0.75,11.420821140914589,4.394449154672438,1,2,1,1,False,True,False,False,True,False,False,False,False,1,1,0,0,0,1
https://shopee.co.id/Sarsaparilla-Agung-Ngoro-1-Botol-Jombang-Bogor-i.698075562.12780113212?extraParams=%7B%22display_model_id%22%3A160587146829%2C%22model_selection_logic%22%3A3%7D&sp_atk=207ba98b-f75b-4394-87d5-ef1ded0cb202&xptdk=207ba98b-f75b-4394-87d5-ef1ded0cb202,Sarsaparilla Agung Ngoro 1 Botol Jombang Bogor,sarsaparilla agung ngoro botol jombang,Minuman,Minuman Tradisional,shopee,Bogor,Bogor,Pala Drink Bogor,13687.0,543.5,4.9,0.6123758154428658,1.0,0.9750000000000001,15.822231597201279,30.869352917627776,2,7,1,1,False,True,False,False,True,False,False,False,False,1,0,1,0,0,0
https://shopee.co.id/Manisan-Pala-Kering-1-Kg-Khas-Bogor-Termurah-Kiloan-Rendah-lemak-Organik-Makanan-Food-Snacks-i.152535014.26387787768?extraParams=%7B%22display_model_id%22%3A248539875383%2C%22model_selection_logic%22%3A3%7D&sp_atk=bcabd051-2960-4927-b380-199fab7fb118&xptdk=bcabd051-2960-4927-b380-199fab7fb118,Manisan Pala Kering 1 Kg Khas Bogor Termurah Kiloan Rendah lemak Organik Makanan Food Snacks,manisan pala kering kg termurah kiloan rendah lemak organik makanan food snacks,Makanan,Camilan & Snack,shopee,Kab. Bekasi,Bekasi,Pala Kering Nusantara,49500.0,194.0,4.8,0.8503660283626047,0.8168504501235041,0.95,16.07758621175423,25.310397881105985,1,2,1,0,False,True,False,True,False,False,False,False,False,0,1,0,0,0,1
https://shopee.co.id/Minuman-He000al-Teh-Pala-Celup-Teh-Pala-Seduh-Palamore-Relaxation-Drink-Pala-Tea-1-Sachet-Oleh-Oleh-Khas-Bogor-i.608878015.26312443066?extraParams=%7B%22display_model_id%22%3A233264052353%2C%22model_selection_logic%22%3A2%7D&sp_atk=eac58730-e054-4413-909e-b93c2d062488&xptdk=eac58730-e054-4413-909e-b93c2d062488,Minuman He000al Teh Pala Celup Teh Pala Seduh Palamore Relaxation Drink Pala Tea 1 Sachet Oleh Oleh Khas Bogor,minuman he000al teh pala celup teh pala seduh palamore relaxation drink pala tea sachet,Minuman,Teh,shopee,Bogor,Bogor,Palamore Official,41895.0,15.0,4.9,0.8194845119233782,0.3708837357912931,0.9750000000000001,13.350973559428118,13.585684738974928,2,9,1,1,False,True,False,False,True,False,False,False,False,1,0,1,0,0,1
https://shopee.co.id/Minuman-He000al-Teh-Pala-Celup-Teh-Pala-Seduh-Palamore-Relaxation-Drink-Pala-Tea-1-Sachet-Oleh-Oleh-Khas-Bogor-i.608878015.26870362226?extraParams=%7B%22display_model_id%22%3A233574195132%2C%22model_selection_logic%22%3A2%7D&sp_atk=cfe45309-fcac-4363-bd31-0b80776ab009&xptdk=cfe45309-fcac-4363-bd31-0b80776ab009,Minuman He000al Teh Pala Celup Teh Pala Seduh Palamore Relaxation Drink Pala Tea 1 Sachet Oleh Oleh Khas Bogor,minuman he000al teh pala celup teh pala seduh palamore relaxation drink pala tea sachet,Minuman,Teh,shopee,Bogor,Bogor,Palamore Official,45000.0,15.0,4.9,0.832720847717568,0.3708837357912931,0.9750000000000001,13.42246945133505,13.585684738974928,2,9,1,1,False,True,False,False,True,False,False,False,False,1,0,1,0,0,1
https://shopee.co.id/Minuman-Sehat-Sari-Buah-Pala-Nich'S-Bogor-i.20958327.10236491636?extraParams=%7B%22display_model_id%22%3A77078841183%2C%22model_selection_logic%22%3A2%7D&sp_atk=7c6bdda1-89d1-4824-8170-bb09e67caa37&xptdk=7c6bdda1-89d1-4824-8170-bb09e67caa37,Minuman Sehat Sari Buah Pala Nich'S Bogor,minuman sehat sari buah pala nich,Minuman,Minuman Tradisional,shopee,Bogor,Bogor,Palamore Official,2300.0,178.0,5.0,0.28224188025741825,0.8015806058847648,1.0,12.922450394805269,25.936929029203775,2,7,1,1,False,True,False,False,True,False,False,False,False,1,0,1,0,0,0
https://shopee.co.id/-DUS-Sarsaparilla-Agung-Ngoro-1-Dus-Jombang-Bogor-i.698075562.15657202135?extraParams=%7B%22display_model_id%22%3A152697946286%2C%22model_selection_logic%22%3A3%7D&sp_atk=a7f8b20f-54a1-457e-a62d-4b078475e968&xptdk=a7f8b20f-54a1-457e-a62d-4b078475e968,[DUS] Sarsaparilla Agung Ngoro 1 Dus Jombang Bogor,dus sarsaparilla agung ngoro dus jombang,Minuman,Minuman Tradisional,shopee,Bogor,Bogor,Palamore Official,14999.0,22.0,5.0,0.6293216374574047,0.43561060718483363,1.0,12.706784295054147,15.677471079645748,2,7,1,1,False,True,False,False,True,False,False,False,False,1,0,1,0,0,0
https://shopee.co.id/Es-Aming-Mangga-Pala-Sirsak-Khas-Gang-Aut-Surya-Kencana-Bogor-i.23498454.12097956678?extraParams=%7B%22display_model_id%22%3A175373358278%2C%22model_selection_logic%22%3A2%7D&sp_atk=ef5be07d-70a8-43c1-b593-fef37005b498&xptdk=ef5be07d-70a8-43c1-b593-fef37005b498,Es Aming Mangga / Pala / Sirsak Khas Gang Aut Surya Kencana Bogor,es aming mangga pala sirsak gang aut surya kencana,Minuman,Minuman Tradisional,shopee,Jakarta Pusat,Jakarta,Palamore Official,3000.0,28.0,5.0,0.33141490984070643,0.47695413469490816,1.0,11.338583982516495,16.83647914993237,2,7,1,3,False,True,False,False,False,False,True,False,False,0,0,1,0,0,0
https://shopee.co.id/Bubuk-Merah-Jahe-Manis(minuman-khas-Bogor)-i.11022024.81888470?extraParams=%7B%22display_model_id%22%3A65242147%2C%22model_selection_logic%22%3A2%7D&sp_atk=a94d0fa3-7cd3-4b95-80aa-d954bb18ca83&xptdk=a94d0fa3-7cd3-4b95-80aa-d954bb18ca83,Bubuk Merah Jahe Manis(minuman khas Bogor),bubuk merah jahe manis minuman,Minuman,Minuman Tradisional,shopee,Bogor,Bogor,Palamore Official,111075.75,31.0,5.0,1.0000000000000002,0.4945116477217241,1.0,15.051955174875886,17.328679513998633,2,7,1,1,False,True,False,False,True,False,False,False,False,1,0,1,0,0,2
https://shopee.co.id/-DUS-Coffee-Beer-Agung-Ngoro-1-Dus-Jombang-Bogor-i.698075562.17512250625?extraParams=%7B%22display_model_id%22%3A105564549997%2C%22model_selection_logic%22%3A3%7D&sp_atk=66f2e451-72b0-4947-8284-34a9c31c07ba&xptdk=66f2e451-72b0-4947-8284-34a9c31c07ba,[DUS] Coffee Beer Agung Ngoro 1 Dus Jombang Bogor,dus coffee beer agung ngoro dus jombang,Minuman,Minuman Tradisional,shopee,Bogor,Bogor,Palamore Tea,42500.0,364.0,4.9,0.8221388841556172,0.9286622955231353,0.9750000000000001,16.55441328719049,28.90949703255421,2,7,1,1,False,True,False,False,True,False,False,False,False,1,0,1,0,0,1
https://shopee.co.id/Kerupuk-mie-bogor-wayang-emas-88-kerupuk-mie-asinan-bogor-renyah-gurih-nikmat-tanpa-pengawet-i.6988036.34775029?extraParams=%7B%22display_model_id%22%3A350389061507%2C%22model_selection_logic%22%3A2%7D&sp_atk=dd373282-8c27-4b22-90de-ca6a445cdc80&xptdk=dd373282-8c27-4b22-90de-ca6a445cdc80,Kerupuk mie bogor wayang emas 88 / kerupuk mie asinan bogor renyah gurih nikmat tanpa pengawet,kerupuk mie wayang emas kerupuk mie asinan renyah gurih nikmat tanpa pengawet,Makanan,Makanan Tradisional,shopee,Jakarta Pusat,Jakarta,Pang Pang Snack,35000.0,543.5,4.9,0.786194123540094,1.0,0.9750000000000001,16.76113309960214,30.869352917627776,1,6,1,3,False,True,False,False,False,False,True,False,False,0,1,0,0,0,1
https://shopee.co.id/Pia-de-Paris-oleh-oleh-khas-bogor-isian-kacang-merah-kacang-hijau-coklat-keju-egg-yolk-durian-i.22146175.1308714215?extraParams=%7B%22display_model_id%22%3A21004854540%2C%22model_selection_logic%22%3A3%7D&sp_atk=fe6ebabc-cfa7-4b3a-96c9-1e80bef14102&xptdk=fe6ebabc-cfa7-4b3a-96c9-1e80bef14102,"Pia de Paris oleh oleh khas bogor isian kacang merah, kacang hijau, coklat, keju, egg yolk, durian",pia de paris isian kacang merah kacang hijau coklat keju egg yolk durian,Makanan,Kue & Roti,shopee,Bogor,Bogor,Pasar Anyar Bogor,21600.0,32.0,5.0,0.6968395763388977,0.5000000000000001,1.0,13.446185943230196,17.482537807332402,1,4,1,1,False,True,False,False,True,False,False,False,False,1,1,0,0,0,0
https://shopee.co.id/Kacang-Bogor-Oleh-Oleh-Khas-Bogor-Gurih-dan-Renyah-i.405899.8686869776?extraParams=%7B%22display_model_id%22%3A94008580392%2C%22model_selection_logic%22%3A2%7D&sp_atk=b2862146-d602-4749-b91d-567b6c9b0dd7&xptdk=b2862146-d602-4749-b91d-567b6c9b0dd7,Kacang Bogor Oleh-Oleh Khas Bogor Gurih dan Renyah,kacang gurih renyah,Makanan,Camilan & Snack,shopee,Tangerang Selatan,Tangerang,Pastry Bogor Store,30900.0,319.0,5.0,0.7631281100560376,0.9051946816756834,1.0,16.10370266712039,28.84160497896886,1,2,1,5,False,True,False,False,False,False,False,False,True,0,1,0,0,0,1
https://shopee.co.id/TERBARU!-Seragam-PNS-Pria-Pemkab-Bogor-Batik-Motif-Kampung-Urug-(Batik-Galeri)-i.182521694.26137098122?extraParams=%7B%22display_model_id%22%3A300229179853%2C%22model_selection_logic%22%3A3%7D&sp_atk=32787c05-4f3f-44d5-8c77-22cd08d0dfb0&xptdk=32787c05-4f3f-44d5-8c77-22cd08d0dfb0,TERBARU! Seragam PNS Pria Pemkab Bogor Batik Motif Kampung Urug (Batik Galeri),terbaru seragam pns pria pemkab batik motif kampung urug batik galeri,Pakaian & Fashion,Atasan & Pakaian Kasual,shopee,Jakarta Barat,Jakarta,Pemkab Bogor Batik,111075.75,11.0,5.0,1.0000000000000002,0.3195735163826218,1.0,14.0158637712161,12.424533248940001,3,1,1,3,False,True,False,False,False,False,True,False,False,0,0,0,1,0,2
https://shopee.co.id/Kaos-Persikabo-Bogor-Baju-Distro-Keren-Murah-Terbaru-Tshirt-Pra-Wanita-Dewasa-Kekinian-i.1534721234.41955772384?extraParams=%7B%22display_model_id%22%3A270485649385%2C%22model_selection_logic%22%3A2%7D&sp_atk=fba66f48-11c6-414f-9008-30fda9c89b93&xptdk=fba66f48-11c6-414f-9008-30fda9c89b93,Kaos Persikabo Bogor Baju Distro Keren Murah Terbaru Tshirt Pra Wanita Dewasa Kekinian,kaos persikabo baju distro keren murah terbaru tshirt pra wanita dewasa kekinian,Pakaian & Fashion,Atasan & Pakaian Kasual,shopee,Jakarta Barat,Jakarta,Persikabo Distro,33200.0,4.0,5.0,0.7764194495457202,0.1634272100930973,1.0,11.796607046116602,8.047189562170502,3,1,1,3,False,True,False,False,False,False,True,False,False,0,0,0,1,0,1
https://shopee.co.id/(COD)-KAOS-URANG-SUNDA-ASLI-BANDUNG-GARUT-CIAMIS-TASIK-BOGOR-SUKABUMI-TSHIRT-BAJU-PRIA-KEREN-i.29951980.12850599077?extraParams=%7B%22display_model_id%22%3A95859674775%2C%22model_selection_logic%22%3A3%7D&sp_atk=7de87cb1-61a0-40ae-a253-0ab75cadeaa5&xptdk=7de87cb1-61a0-40ae-a253-0ab75cadeaa5,(COD) KAOS URANG SUNDA ASLI /  BANDUNG GARUT CIAMIS TASIK BOGOR SUKABUMI / TSHIRT BAJU PRIA KEREN,cod kaos urang sunda asli bandung garut ciamis tasik sukabumi tshirt baju pria keren,Pakaian & Fashion,Atasan & Pakaian Kasual,shopee,Depok,Depok,Persikabo Fanshop,55000.0,11.0,5.0,0.8698719100459005,0.3195735163826218,1.0,13.312985389904174,12.424533248940001,3,1,1,2,False,True,False,False,False,True,False,False,False,0,0,0,1,0,1
https://shopee.co.id/KAOS-POLO-PERSIKABO-KAOS-PERSIKABO-BOGOR-i.8624532.18928394068?extraParams=%7B%22display_model_id%22%3A201469455670%2C%22model_selection_logic%22%3A3%7D&sp_atk=f5b99846-ac81-41a8-a3b4-b214283ace20&xptdk=f5b99846-ac81-41a8-a3b4-b214283ace20,KAOS POLO PERSIKABO / KAOS PERSIKABO BOGOR,kaos polo persikabo kaos persikabo,Pakaian & Fashion,Atasan & Pakaian Kasual,shopee,Jakarta Pusat,Jakarta,Persikabo Polo,60000.0,1.0,5.0,0.8859807588182942,0.0,1.0,11.002116507732017,3.4657359027997265,3,1,1,3,False,True,False,False,False,False,True,False,False,0,0,0,1,0,1
https://shopee.co.id/KAOS-ANNIVERSARY-VIKING-BANTEN-SELATAN-KAOS-VIKING-BANDUNG-KAOS-PERSIB-BANDUNG-KAOS-BOBOTOH-PERSIB-Kaos-Tshirt-Bobotoh-Persib-Bandung-Kaos-Bobotoh-Viking-Bogor-Selatan-Kaos-Pria-Kaos-Wanita-Botleg-Vintage-90s-i.1446382609.29181053883?extraParams=%7B%22display_model_id%22%3A258006136681%2C%22model_selection_logic%22%3A2%7D&sp_atk=c98c6fef-6d6b-4d27-960d-e42cf5872f12&xptdk=c98c6fef-6d6b-4d27-960d-e42cf5872f12,KAOS ANNIVERSARY VIKING BANTEN SELATAN - KAOS VIKING BANDUNG - KAOS PERSIB BANDUNG - KAOS BOBOTOH PERSIB - Kaos / Tshirt - Bobotoh Persib Bandung- Kaos Bobotoh Viking Bogor Selatan - Kaos Pria - Kaos Wanita / Botleg / Vintage 90s,kaos anniversary viking banten selatan kaos viking bandung kaos persib bandung kaos bobotoh persib kaos tshirt bobotoh persib bandung kaos bobotoh viking selatan kaos pria kaos wanita botleg vintage 90s,Pakaian & Fashion,Atasan & Pakaian Kasual,shopee,Jakarta Timur,Jakarta,Persikabo Pride,37694.0,2.0,5.0,0.79992227383677,0.07231769252175978,1.0,11.230416654759107,5.493061443340547,3,1,1,3,False,True,False,False,False,False,True,False,False,0,0,0,1,0,1
https://shopee.co.id/Kripik-Pisang-Coklat-Lumer-Rasa-Dark-Chocolate-Bogor-Termurah-i.1011341824.24815882304?extraParams=%7B%22display_model_id%22%3A395390298240%2C%22model_selection_logic%22%3A3%7D&sp_atk=96aec3b3-b7c5-4c12-ab71-dd98f7d76318&xptdk=96aec3b3-b7c5-4c12-ab71-dd98f7d76318,Kripik Pisang Coklat Lumer Rasa Dark Chocolate Bogor Termurah,kripik pisang coklat lumer rasa dark chocolate termurah,Makanan,Camilan & Snack,shopee,Bogor,Bogor,Petai Bogor Fresh,42000.0,543.5,4.8,0.8199479258863125,1.0,0.95,16.94345464763454,30.23936612339047,1,2,1,1,False,True,False,False,True,False,False,False,False,1,1,0,0,0,1
https://www.tokopedia.com/piaapple-pie/biskuit-mix-4-rasa-oleh-oleh-khas-bogor-snacks-cokelat-cookies-1729623745670253104?extParam=ivf%3Dfalse%26keyword%3Doleh-olehkhasbogor%26search_id%3D20260701035234F61D6947467CCD2EDKYW%26src%3Dsearch,Biskuit Mix 4 Rasa Oleh-oleh Khas Bogor Snacks Cokelat Cookies,biskuit mix rasa snacks cokelat cookies,Makanan,Camilan & Snack,tokopedia,Bogor,Bogor,Pia Apple Pie Bogor,99000.0,19.0,5.0,0.9786921761831711,0.4106830339539594,1.0,14.447314639915136,14.978661367769954,1,2,2,1,False,False,True,False,True,False,False,False,False,1,1,0,0,0,2
https://www.tokopedia.com/piaapple-pie/biskuit-blueberry-cheese-oleh-oleh-khas-bogor-1729623740546189872?extParam=ivf%3Dfalse%26keyword%3Doleh-olehkhasbogor%26search_id%3D20260701035234F61D6947467CCD2EDKYW%26src%3Dsearch,BIskuit Blueberry Cheese Oleh-oleh Khas Bogor,biskuit blueberry cheese,Makanan,Camilan & Snack,tokopedia,Bogor,Bogor,Pia Apple Pie Bogor,69300.0,7.0,4.8,0.9126588223164906,0.24725582386086203,0.95,13.092112395661816,9.981319400063212,1,2,2,1,False,False,True,False,True,False,False,False,False,1,1,0,0,0,1
https://www.tokopedia.com/piaapple-pie/biskuit-blueberry-pie?extParam=ivf%3Dfalse%26keyword%3Doleh-olehkhasbogor%26search_id%3D20260701035234F61D6947467CCD2EDKYW%26src%3Dsearch,Biskuit Blueberry Pie Oleh-oleh Khas Bogor,biskuit blueberry pie,Makanan,Kue & Roti,tokopedia,Bogor,Bogor,Pia Apple Pie Bogor,64900.0,100.0,5.0,0.9005144409595809,0.6995128708733925,1.0,15.685773242763466,23.075602584206298,1,4,2,1,False,False,True,False,True,False,False,False,False,1,1,0,0,0,1
https://www.tokopedia.com/piaapple-pie/pie-crust-toples-apel-oleh-oleh-khas-bogor-1731537148081899056?extParam=ivf%3Dfalse%26keyword%3Doleh-olehkhasbogor%26search_id%3D20260701035234F61D6947467CCD2EDKYW%26src%3Dsearch,Pie Crust Toples Apel Oleh-oleh Khas Bogor,pie crust toples apel,Makanan,Kue & Roti,tokopedia,Bogor,Bogor,Pia Apple Pie Bogor,39600.0,13.0,5.0,0.8090545690675697,0.3470674270615996,1.0,13.151535697204164,13.195286648076294,1,4,2,1,False,False,True,False,True,False,False,False,False,1,1,0,0,0,1
https://www.tokopedia.com/piaapple-pie/apple-pie-oval-medium-oleh-oleh-khas-bogor-1731537150428612144?extParam=ivf%3Dfalse%26keyword%3Doleh-olehkhasbogor%26search_id%3D20260701035234F61D6947467CCD2EDKYW%26src%3Dsearch,Apple Pie Oval-medium Oleh-oleh Khas Bogor,apple pie oval medium,Makanan,Kue & Roti,tokopedia,Bogor,Bogor,Pia Apple Pie Bogor,82500.0,543.5,5.0,0.944937866261989,1.0,1.0,17.618583301186174,31.499339711865076,1,4,2,1,False,False,True,False,True,False,False,False,False,1,1,0,0,0,2
https://www.tokopedia.com/piaapple-pie/apple-pie-oval-medium-oleh-oleh-khas-bogor-1731537150428612144?extParam=ivf%3Dfalse%26keyword%3Daksesoriskhasbogor%26search_id%3D20260701045100357A6FDF7642BF120N2E%26src%3Dsearch,Apple Pie Oval-medium Oleh-oleh Khas Bogor,apple pie oval medium,Makanan,Kue & Roti,tokopedia,Bogor,Bogor,Pia Apple Pie Bogor,82500.0,543.5,5.0,0.944937866261989,1.0,1.0,17.618583301186174,31.499339711865076,1,4,2,1,False,False,True,False,True,False,False,False,False,1,1,0,0,0,2
https://www.tokopedia.com/piaapple-pie/biskuit-apple-pie-oleh-oleh-khas-bogor-1729623698088102448?extParam=ivf%3Dfalse%26keyword%3Doleh-olehkhasbogor%26search_id%3D20260701035234F61D6947467CCD2EDKYW%26src%3Dsearch,Biskuit Apple Pie oleh-oleh khas Bogor,biskuit apple pie,Makanan,Kue & Roti,tokopedia,Bogor,Bogor,Pia Apple Pie Bogor,61600.0,30.0,5.0,0.8908530176322238,0.488849033216144,1.0,14.429615072309161,17.16993602242573,1,4,2,1,False,False,True,False,True,False,False,False,False,1,1,0,0,0,1
https://shopee.co.id/Lapis-Bogor-Sangkuriang-Oleh-Oleh-Khas-Bogor-i.294254321.6465022957?extraParams=%7B%22display_model_id%22%3A51967824775%2C%22model_selection_logic%22%3A2%7D&sp_atk=dd5f1bc7-27de-426b-81b2-ba16c4d12e04&xptdk=dd5f1bc7-27de-426b-81b2-ba16c4d12e04,Lapis Bogor Sangkuriang Oleh Oleh Khas Bogor,lapis sangkuriang,Makanan,Kue & Roti,shopee,Kab. Tangerang,Tangerang,Pia De Paris,81995.0,36.5,4.9,0.9438011272066389,0.5228000246383855,0.9750000000000001,14.91172614349924,17.759270571584192,1,4,1,5,False,True,False,False,False,False,False,False,True,0,1,0,0,0,2
https://www.tokopedia.com/pialestari/pia-lestari-oleh-oleh-khas-bogor-1731296007485032319?extParam=ivf%3Dfalse%26keyword%3Doleh-olehkhasbogor%26search_id%3D20260701035234F61D6947467CCD2EDKYW%26src%3Dsearch,Pia Lestari Oleh-Oleh Khas Bogor,pia lestari,Makanan,Kue & Roti,tokopedia,Kab. Bogor,Bogor,Pia Lestari,51000.0,543.5,5.0,0.8558928420727205,1.0,1.0,17.137610654344716,31.499339711865076,1,4,2,1,False,False,True,False,True,False,False,False,False,1,1,0,0,0,1
https://shopee.co.id/KOPI-TANPA-GULA-Bah-Sipit-Cap-Kacamata-1-Pack-Isi-20-Bks-x-8gr-Kopi-Legend-Khas-Kota-Bogor-i.15492946.14349277177?extraParams=%7B%22display_model_id%22%3A255766075358%2C%22model_selection_logic%22%3A2%7D&sp_atk=e8cf657e-8452-48b4-a1ca-0d516fc0cd92&xptdk=e8cf657e-8452-48b4-a1ca-0d516fc0cd92,KOPI TANPA GULA Bah Sipit Cap Kacamata 1 Pack Isi 20 Bks x 8gr Kopi Legend Khas Kota Bogor,kopi tanpa gula bah sipit cap kacamata pack isi bks 8gr kopi legend kota,Minuman,Kopi,shopee,Bogor,Bogor,Piala Dunia Coffee,49700.0,543.5,4.9,0.8511125393032482,1.0,0.9750000000000001,17.111789955666637,30.869352917627776,2,3,1,1,False,True,False,False,True,False,False,False,False,1,0,1,0,0,1
https://shopee.co.id/Kopi-Cap-Liong-Bulan-Paket-Hemat-isi-3-pak-isi-60-pcs-Asli-Bogor-i.310616421.28135688819?extraParams=%7B%22display_model_id%22%3A198492705363%2C%22model_selection_logic%22%3A3%7D&sp_atk=fc8d3e42-5858-4352-8b44-f3f099b8accb&xptdk=fc8d3e42-5858-4352-8b44-f3f099b8accb,Kopi Cap Liong Bulan | Paket Hemat isi 3 pak | isi 60 pcs | Asli Bogor,kopi cap liong bulan paket hemat isi pak isi pcs asli,Minuman,Kopi,shopee,Bogor,Bogor,Piala Original,31000.0,399.0,5.0,0.7637262760475965,0.9449939798383499,1.0,16.330703981204422,29.957322735539908,2,3,1,1,False,True,False,False,True,False,False,False,False,1,0,1,0,0,1
https://shopee.co.id/Kopi-Cap-Oplet-(Kopi-Gula)-1-renceng-(Isi-10-sachet-x-25gr)-khas-bogor-kopi-tubruk-kopi-bubuk-i.1235446297.29025316289?extraParams=%7B%22display_model_id%22%3A109392927605%2C%22model_selection_logic%22%3A2%7D&sp_atk=06b9e917-4250-437f-bf9f-b3ff9d91553f&xptdk=06b9e917-4250-437f-bf9f-b3ff9d91553f,Kopi Cap Oplet (Kopi  Gula) 1 renceng (Isi 10 sachet x 25gr) khas bogor/kopi tubruk/kopi bubuk,kopi cap oplet kopi gula renceng isi sachet 25gr kopi tubruk kopi bubuk,Minuman,Kopi,shopee,Depok,Depok,Piala Sachet,62900.0,4.0,5.0,0.8947194358572503,0.1634272100930973,1.0,12.435599778363322,8.047189562170502,2,3,1,2,False,True,False,False,False,True,False,False,False,0,0,1,0,0,1
https://shopee.co.id/kopi-khas-bogor-cap-piala-isi-30-pcs-i.397515584.19388440373?extraParams=%7B%22display_model_id%22%3A59305340752%2C%22model_selection_logic%22%3A2%7D&sp_atk=ed09f3d6-d989-49ec-85e0-51cdce2b7ff7&xptdk=ed09f3d6-d989-49ec-85e0-51cdce2b7ff7,kopi khas bogor cap piala isi 30 pcs,kopi cap piala isi pcs,Minuman,Kopi,shopee,Jakarta Pusat,Jakarta,Piala Toko Agus,111075.75,224.0,4.9,1.0000000000000002,0.8423735410210074,0.9750000000000001,17.029613772022177,26.53889197080166,2,3,1,3,False,True,False,False,False,False,True,False,False,0,0,1,0,0,2
https://www.tokopedia.com/pids1304/cod-tshirt-kaos-bogor-kota-hujan-ga-banjir-1729544250271042142?extParam=ivf%3Dfalse%26keyword%3Dbaju+khas+bogor%26search_id%3D2026070104595440008B9A5380FC1AC4ZX%26src%3Dsearch,COD TSHIRT KAOS BOGOR KOTA HUJAN GA BANJIR,cod tshirt kaos kota hujan ga banjir,Pakaian & Fashion,Atasan & Pakaian Kasual,tokopedia,Kab. Bogor,Bogor,PIDS1304,64000.0,80.0,4.6,0.897929111280203,0.6601545058783324,0.8999999999999999,15.448665192328171,20.21446611149322,3,1,2,1,False,False,True,False,True,False,False,False,False,1,0,0,1,0,1
https://shopee.co.id/PIE-SUSU-ISI-7-TOPING-PREMIUM-COKLAT-SUSU-VANILA-MATCHA-DAN-MIX-GURIH-MANIS-RENYAH-TANPA-PENGAWET-ASLI-BOGOR-i.385935380.47701437606?extraParams=%7B%22display_model_id%22%3A249087423511%2C%22model_selection_logic%22%3A2%7D&sp_atk=8de4efdf-7ea6-4849-93d6-000d0e884e9b&xptdk=8de4efdf-7ea6-4849-93d6-000d0e884e9b,"PIE SUSU ISI 7 TOPING PREMIUM COKLAT,SUSU VANILA MATCHA DAN MIX GURIH MANIS RENYAH TANPA PENGAWET ASLI BOGOR",pie susu isi toping premium coklat susu vanila matcha mix gurih manis renyah tanpa pengawet asli,Makanan,Kue & Roti,shopee,Bogor,Bogor,Pie Susu Bogor Jaya,23850.0,76.0,4.6,0.7151842786256077,0.6511218226094089,0.8999999999999999,14.410273388296366,19.981504940526946,1,4,1,1,False,True,False,False,True,False,False,False,False,1,1,0,0,0,0
https://shopee.co.id/Oleh-Oleh-Bogor-Stiik-Talas-i.5000762.13032191723?extraParams=%7B%22display_model_id%22%3A85411047055%2C%22model_selection_logic%22%3A2%7D&sp_atk=eed42dbe-5c20-4846-b874-c4df1aac79a7&xptdk=eed42dbe-5c20-4846-b874-c4df1aac79a7,Oleh Oleh Bogor - Stiik Talas,stiik talas,Makanan,Camilan & Snack,shopee,Bogor,Bogor,Pisang Coklat Bogor,30000.0,224.0,5.0,0.7576558265027287,0.8423735410210074,1.0,15.720598861308845,27.0805020110221,1,2,1,1,False,True,False,False,True,False,False,False,False,1,1,0,0,0,0
https://shopee.co.id/KAOS-PLAT-F-BOGOR-M1-KATUN-COMBED-24S-BISA-COD-KAOS-DISTRO-KAOS-KOMUNITAS-i.202175931.5251353265?extraParams=%7B%22display_model_id%22%3A70926488493%2C%22model_selection_logic%22%3A3%7D&sp_atk=647f2d53-ae5a-4669-a809-73839f04a0c4&xptdk=647f2d53-ae5a-4669-a809-73839f04a0c4,KAOS PLAT F BOGOR M1 //KATUN COMBED 24S BISA COD//KAOS DISTRO//KAOS KOMUNITAS,kaos plat m1 katun combed 24s bisa cod kaos distro kaos komunitas,Pakaian & Fashion,Atasan & Pakaian Kasual,shopee,Kab. Bekasi,Bekasi,Plat F Bogor,69000.0,44.0,4.9,0.9118556300906138,0.555318418997479,0.9750000000000001,14.926051746878368,18.652646199874567,3,1,1,0,False,True,False,True,False,False,False,False,False,0,0,0,1,0,1
https://shopee.co.id/KAOS-PLAT-F-BOGOR-M2-SABLON-DTF-BAHAN-KATUN-COMBED-24S-TEBAL-BISA-COD-KAOSKEREN-KAOSDISTRO-KAOSPREMIUM-i.202175931.23459490260?extraParams=%7B%22display_model_id%22%3A176182358555%2C%22model_selection_logic%22%3A3%7D&sp_atk=48e1024c-b30e-4d89-91fd-f7b799758146&xptdk=48e1024c-b30e-4d89-91fd-f7b799758146,KAOS PLAT F BOGOR M2 SABLON DTF BAHAN KATUN COMBED 24S TEBAL BISA COD KAOSKEREN KAOSDISTRO KAOSPREMIUM,kaos plat m2 sablon dtf bahan katun combed 24s tebal bisa cod kaoskeren kaosdistro kaospremium,Pakaian & Fashion,Atasan & Pakaian Kasual,shopee,Kab. Bekasi,Bekasi,Plat F Community,69000.0,2.0,5.0,0.9118556300906138,0.07231769252175978,1.0,11.835016210489899,5.493061443340547,3,1,1,0,False,True,False,True,False,False,False,False,False,0,0,0,1,0,1
https://shopee.co.id/POSEIDON-Kaos-Pria-Motif-Mio-Bogor-Kaos-Distro-Pria-Keren-Baju-Kaos-Unisex-Katun-Combed-30S-Sablon-DTF-i.7016501.56906913126?extraParams=%7B%22display_model_id%22%3A365618556784%2C%22model_selection_logic%22%3A2%7D&sp_atk=3e6c699d-b6cf-4932-a30e-6a99b166e5bf&xptdk=3e6c699d-b6cf-4932-a30e-6a99b166e5bf,POSEIDON Kaos Pria Motif Mio Bogor Kaos Distro Pria Keren Baju Kaos Unisex Katun Combed 30S Sablon DTF,poseidon kaos pria motif mio kaos distro pria keren baju kaos unisex katun combed 30s sablon dtf,Pakaian & Fashion,Atasan & Pakaian Kasual,shopee,Jakarta Barat,Jakarta,Poseidon Apparel,31960.0,11.0,5.0,0.7693724258588728,0.3195735163826218,1.0,12.770138517139207,12.424533248940001,3,1,1,3,False,True,False,False,False,False,True,False,False,0,0,0,1,0,1
https://shopee.co.id/BATIK-TRADISIKU-Pouch-Batik-Bogor-(kotak)-i.31828090.50409132068?extraParams=%7B%22display_model_id%22%3A282552293620%2C%22model_selection_logic%22%3A2%7D&sp_atk=01ef544b-e143-4dff-8254-a8c89e999215&xptdk=01ef544b-e143-4dff-8254-a8c89e999215,BATIK TRADISIKU Pouch Batik Bogor (kotak),batik tradisiku pouch batik kotak,Pakaian & Fashion,Pakaian Tradisional,shopee,Bogor,Bogor,Pouch Batik Bogor,35000.0,1.0,5.0,0.786194123540094,0.0,1.0,10.463131911491967,3.4657359027997265,3,8,1,1,False,True,False,False,True,False,False,False,False,1,0,0,1,0,1
https://shopee.co.id/Kaos-Indonesia-Bogor-Premium-Tshirt-New-Series-Baju-Kota-Bogor-Indonesian-Oleh2-Premium-Quality-Kaos-Oleh-Oleh-Liburan-Pria-Distro-Kaos-Tshirt-Souvenir-Jalan-Jalan-Luar-Negeri-Baju-Pria-Distro-Nasional-Negara-i.481153548.28086784974?extraParams=%7B%22display_model_id%22%3A234248228895%2C%22model_selection_logic%22%3A2%7D&sp_atk=03e36fc2-ef32-4e94-9b7c-aebc714b3aa7&xptdk=03e36fc2-ef32-4e94-9b7c-aebc714b3aa7,Kaos Indonesia Bogor Premium Tshirt New Series - Baju Kota Bogor Indonesian Oleh2 Premium Quality - Kaos Oleh-Oleh Liburan Pria Distro - Kaos Tshirt Souvenir Jalan-Jalan Luar Negeri - Baju Pria Distro Nasional Negara,kaos indonesia premium tshirt new series baju kota indonesian oleh2 premium quality kaos liburan pria distro kaos tshirt souvenir jalan jalan luar negeri baju pria distro nasional negara,Pakaian & Fashion,Atasan & Pakaian Kasual,shopee,Depok,Depok,Pribumi Bogor Store,58900.0,11.0,5.0,0.8825551171172037,0.3195735163826218,1.0,13.38149318588492,12.424533248940001,3,1,1,2,False,True,False,False,False,True,False,False,False,0,0,0,1,0,1
https://shopee.co.id/V330-1-Bogor-Football-Culture-PSB-PERSIKABO-Kaos-Supporter-PSB-PERSIKABO-Kaos-Fans-PSB-PERSIKABO-Kaos-Casual-Ultras-i.381047159.40830687817?extraParams=%7B%22display_model_id%22%3A415889467467%2C%22model_selection_logic%22%3A2%7D&sp_atk=21a27489-2ee8-438d-b0c2-d3c13a8b10e6&xptdk=21a27489-2ee8-438d-b0c2-d3c13a8b10e6,"V330 1  ""Bogor Football Culture"" - PSB PERSIKABO /Kaos Supporter PSB PERSIKABO /Kaos Fans PSB PERSIKABO /Kaos Casual Ultras",v330 football culture psb persikabo kaos supporter psb persikabo kaos fans psb persikabo kaos casual ultras,Pakaian & Fashion,Atasan & Pakaian Kasual,shopee,Jakarta Barat,Jakarta,PSB Persikabo Fans,34000.0,2.0,5.0,0.7808275788598225,0.07231769252175978,1.0,11.127277689932466,5.493061443340547,3,1,1,3,False,True,False,False,False,False,True,False,False,0,0,0,1,0,1
https://shopee.co.id/KAOS-UNIQUE-T-shirt-Lengan-Panjang-Puncak-Bogor-Unisex-Katun-Combed-20s-Sablon-DTG-Kaos-Wisata-Jawa-Barat-i.35227013.29915378417?extraParams=%7B%22display_model_id%22%3A69477883278%2C%22model_selection_logic%22%3A3%7D&sp_atk=67ceebaf-b9cb-4488-9457-5c541a49f343&xptdk=67ceebaf-b9cb-4488-9457-5c541a49f343,KAOS UNIQUE T-shirt Lengan Panjang Puncak Bogor - Unisex Katun Combed 20s Sablon DTG Kaos Wisata Jawa Barat,kaos unique shirt lengan panjang puncak unisex katun combed 20s sablon dtg kaos wisata jawa barat,Pakaian & Fashion,Atasan & Pakaian Kasual,shopee,Tangerang Selatan,Tangerang,Puncak Bogor Apparel,80000.0,11.0,5.0,0.9392409270466529,0.3195735163826218,1.0,13.68767832281738,12.424533248940001,3,1,1,5,False,True,False,False,False,False,False,False,True,0,0,0,1,0,2
https://shopee.co.id/SUMPIA-UDANG-GARING-KHAS-BOGOR-ASLI-KRIUK-75-GRAM-i.382360319.29619744366?extraParams=%7B%22display_model_id%22%3A227112001633%2C%22model_selection_logic%22%3A2%7D&sp_atk=f08d9a62-a2bc-449a-a910-ee8571387e55&xptdk=f08d9a62-a2bc-449a-a910-ee8571387e55,SUMPIA UDANG GARING KHAS BOGOR ASLI KRIUK 75 GRAM,sumpia udang garing asli kriuk gram,Makanan,Camilan & Snack,shopee,Jakarta Barat,Jakarta,Pusat Oleh Oleh Bogor,55250.0,101.0,3.6,0.8707115252560775,0.7012701006091971,0.65,15.534744315424684,16.649902127823374,1,2,1,3,False,True,False,False,False,False,True,False,False,0,1,0,0,0,1
https://www.tokopedia.com/queen-buahfresh/buah-talas-bogor-1-ikat-isi-3-5-buah-pulen-dan-legit?extParam=ivf%3Dfalse%26keyword%3Doleh-olehkhasbogor%26search_id%3D20260701035234F61D6947467CCD2EDKYW%26src%3Dsearch,buah talas bogor 1 ikat isi 3-5 buah ( pulen dan legit),buah talas ikat isi buah pulen legit,Makanan,Lauk & Bahan Makanan,tokopedia,Jakarta Selatan,Jakarta,queen buah.fresh,35000.0,543.5,4.7,0.786194123540094,1.0,0.925,16.76113309960214,29.60937932915317,1,5,2,3,False,False,True,False,False,False,True,False,False,0,1,0,0,0,1
https://shopee.co.id/KAOS-BOGOR-PREMIUM-BAHAN-COTTON-COMBED-i.671754648.21310996022?extraParams=%7B%22display_model_id%22%3A126017428621%2C%22model_selection_logic%22%3A3%7D&sp_atk=fd662c1e-49e3-4c5c-ab07-fde494add8bf&xptdk=fd662c1e-49e3-4c5c-ab07-fde494add8bf,KAOS BOGOR PREMIUM BAHAN COTTON COMBED,kaos premium bahan cotton combed,Pakaian & Fashion,Atasan & Pakaian Kasual,shopee,Bogor,Bogor,Rain City Apparel,65000.0,56.0,4.9,0.9007994838866595,0.5974801010406183,0.9750000000000001,15.10749451433816,19.8109512123893,3,1,1,1,False,True,False,False,True,False,False,False,False,1,0,0,1,0,1
https://shopee.co.id/(COD)-KAOS-BAJU-PERSIKABO-I-AM-PERSIKABO-KABOMANIA-PERSIKABO-BOGOR-TSHIRT-H-H-TwinShop-i.29951980.11469053328?extraParams=%7B%22display_model_id%22%3A122047151946%2C%22model_selection_logic%22%3A3%7D&sp_atk=4c46686c-734c-4699-be13-72f9ad3a25bc&xptdk=4c46686c-734c-4699-be13-72f9ad3a25bc,(COD) KAOS BAJU PERSIKABO /  I AM PERSIKABO /  KABOMANIA /  PERSIKABO BOGOR / TSHIRT H&H TwinShop,cod kaos baju persikabo am persikabo kabomania persikabo tshirt twinshop,Pakaian & Fashion,Atasan & Pakaian Kasual,shopee,Depok,Depok,Rain City Clothing,60000.0,11.0,5.0,0.8859807588182942,0.3195735163826218,1.0,13.399996629152975,12.424533248940001,3,1,1,2,False,True,False,False,False,True,False,False,False,0,0,0,1,0,1
https://shopee.co.id/KAOS-BOGOR-MOTHAI-STYLE-KAOS-DISTRO-KAOS-SANTAI-KAOS-RACING-KAOS-TERBARU-2024-KAOS-VIRAL-KAOS-MURAH-BAJU-KEKINIAN-KAOS-TERLARIS-KAOS-UNISEX-KAOS-PRIA-DAN-WANITA-DEWASA-KAOS-PREMIUM-QUALITY-KAOS-COTTON-COMBED-30S-i.1329712378.40474911408?extraParams=%7B%22display_model_id%22%3A262018245449%2C%22model_selection_logic%22%3A2%7D&sp_atk=43fea564-bca8-44a6-aed0-9470c560a4f5&xptdk=43fea564-bca8-44a6-aed0-9470c560a4f5,KAOS BOGOR MOTHAI STYLE - KAOS DISTRO - KAOS SANTAI - KAOS RACING - KAOS TERBARU 2024 - KAOS VIRAL - KAOS MURAH - BAJU KEKINIAN - KAOS TERLARIS - KAOS UNISEX - KAOS PRIA DAN WANITA DEWASA - KAOS PREMIUM QUALITY - KAOS COTTON COMBED 30S,kaos mothai style kaos distro kaos santai kaos racing kaos terbaru kaos viral kaos murah baju kekinian kaos terlaris kaos unisex kaos pria wanita dewasa kaos premium quality kaos cotton combed 30s,Pakaian & Fashion,Atasan & Pakaian Kasual,shopee,Bogor,Bogor,Rain City Distro,52800.0,11.0,5.0,0.8623143399179136,0.3195735163826218,1.0,13.272163464254326,12.424533248940001,3,1,1,1,False,True,False,False,True,False,False,False,False,1,0,0,1,0,1
https://shopee.co.id/Lapis-Bogor-Sangkuriang-Talas-Keju-Lembut-i.433543929.25919102145?extraParams=%7B%22display_model_id%22%3A205111578272%2C%22model_selection_logic%22%3A3%7D&sp_atk=4e472c7e-efb6-4273-83d6-54617360b24d&xptdk=4e472c7e-efb6-4273-83d6-54617360b24d,Lapis Bogor Sangkuriang Talas Keju Lembut,lapis sangkuriang talas keju lembut,Makanan,Kue & Roti,shopee,Jakarta Timur,Jakarta,Raincake Artisan,54000.0,543.5,5.0,0.8664748459680991,1.0,1.0,17.194769066180385,31.499339711865076,1,4,1,3,False,True,False,False,False,False,True,False,False,0,1,0,0,0,1
https://shopee.co.id/Chiffon-Talas-Keju-Lapis-Bogor-Sangkuriang-Oleh-Oleh-Jakarta-i.1526282971.54101036494?extraParams=%7B%22display_model_id%22%3A430093790631%2C%22model_selection_logic%22%3A2%7D&sp_atk=008ccfc2-68e2-4281-9570-82536c6457a6&xptdk=008ccfc2-68e2-4281-9570-82536c6457a6,Chiffon Talas Keju Lapis Bogor Sangkuriang Oleh-Oleh Jakarta,chiffon talas keju lapis sangkuriang jakarta,Makanan,Kue & Roti,shopee,Jakarta Pusat,Jakarta,Raincake Bagel Store,38000.0,95.0,5.0,0.8014191190140494,0.690457252173915,1.0,15.099218607317335,22.82174095733918,1,4,1,3,False,True,False,False,False,False,True,False,False,0,1,0,0,0,1
https://shopee.co.id/Kerupuk-Mie-Mentah-Khas-Bogor-NAGARASA-i.188800088.27979275593?extraParams=%7B%22display_model_id%22%3A233925015744%2C%22model_selection_logic%22%3A2%7D&sp_atk=5b759f18-2b66-43a6-92bb-ab37d8367462&xptdk=5b759f18-2b66-43a6-92bb-ab37d8367462,Kerupuk Mie Mentah Khas Bogor NAGARASA,kerupuk mie mentah nagarasa,Makanan,Lauk & Bahan Makanan,shopee,Tangerang Selatan,Tangerang,Raincake BurnCheese,8515.0,7.0,5.0,0.5245142657900501,0.24725582386086203,1.0,10.995511519127382,10.39720770839918,1,5,1,5,False,True,False,False,False,False,False,False,True,0,1,0,0,0,0
https://shopee.co.id/Kerupuk-mie-bogor-wayang-emas-88-kerupuk-mie-asinan-bogor-renyah-gurih-nikmat-tanpa-pengawet-i.6988036.34775029?extraParams=%7B%22display_model_id%22%3A350389061507%2C%22model_selection_logic%22%3A2%7D&sp_atk=94284433-c9d2-4c29-bdc7-4461fc66762c&xptdk=94284433-c9d2-4c29-bdc7-4461fc66762c,Kerupuk mie bogor wayang emas 88 / kerupuk mie asinan bogor renyah gurih nikmat tanpa pengawet,kerupuk mie wayang emas kerupuk mie asinan renyah gurih nikmat tanpa pengawet,Makanan,Makanan Tradisional,shopee,Jakarta Pusat,Jakarta,Raincake Pistachio,35000.0,543.5,4.9,0.786194123540094,1.0,0.9750000000000001,16.76113309960214,30.869352917627776,1,6,1,3,False,True,False,False,False,False,True,False,False,0,1,0,0,0,1
https://shopee.co.id/KAOS-KOPI-LIONG-BULAN-RAJA-LIONG-KOPI-KHAS-BOGOR-LIONG-BULAN-BISA-COD-i.1756087666.42228939177?extraParams=%7B%22display_model_id%22%3A350590386356%2C%22model_selection_logic%22%3A2%7D&sp_atk=8bff0888-2016-4fb1-b088-57853aaf9179&xptdk=8bff0888-2016-4fb1-b088-57853aaf9179,KAOS KOPI LIONG BULAN - RAJA LIONG - KOPI KHAS BOGOR LIONG BULAN BISA COD,kaos kopi liong bulan raja liong kopi liong bulan bisa cod,Minuman,Kopi,shopee,Bogor,Bogor,Raja Liong Apparel,58560.0,224.0,4.9,0.8814833294395126,0.8423735410210074,0.9750000000000001,16.389453276724616,26.53889197080166,2,3,1,1,False,True,False,False,True,False,False,False,False,1,0,1,0,0,1
https://www.tokopedia.com/rakunibakeryofficial/bolu-talas-bogor-dan-bolu-pandan-bogor-by-rakuni-bakery-1734527964785378967?extParam=ivf%3Dfalse%26keyword%3Doleh-olehkhasbogor%26search_id%3D20260701035234F61D6947467CCD2EDKYW%26src%3Dsearch,Bolu Talas Bogor dan Bolu Pandan Bogor by Rakuni Bakery,bolu talas bolu pandan by rakuni bakery,Makanan,Kue & Roti,tokopedia,Tangerang,Tangerang,Rakuni Bakery,68000.0,36.5,4.9,0.9091528741743742,0.5228000246383855,0.9750000000000001,14.724575647647494,17.759270571584192,1,4,2,5,False,False,True,False,False,False,False,False,True,0,1,0,0,0,1
https://shopee.co.id/Kerupuk-Bawang-Kerupuk-Mie-Kuning-Khas-Bogor-Kerupuk-Gendar-Mentah-Kerupuk-Asoy-250-gr-i.256623958.10526265058?extraParams=%7B%22display_model_id%22%3A255996058252%2C%22model_selection_logic%22%3A2%7D&sp_atk=5b513e9f-d1c3-4c54-932e-3ca240c99ad2&xptdk=5b513e9f-d1c3-4c54-932e-3ca240c99ad2,Kerupuk Bawang | Kerupuk Mie Kuning Khas Bogor | Kerupuk Gendar Mentah | Kerupuk Asoy 250 gr,kerupuk bawang kerupuk mie kuning kerupuk gendar mentah kerupuk asoy gr,Makanan,Lauk & Bahan Makanan,shopee,Bogor,Bogor,Rangginang Bogor,26190.0,471.0,4.9,0.7325113058515069,0.97451470068553,0.9750000000000001,16.327991112585078,30.169197029369222,1,5,1,1,False,True,False,False,True,False,False,False,False,1,1,0,0,0,0
https://shopee.co.id/Kopi-Gula-Liong-Cap-Bulan-Kopi-Khas-Bogor-i.87287238.29219751417?extraParams=%7B%22display_model_id%22%3A242185234041%2C%22model_selection_logic%22%3A2%7D&sp_atk=aeca407d-58d5-4d1a-9cf2-f2eaf2798919&xptdk=aeca407d-58d5-4d1a-9cf2-f2eaf2798919,Kopi Gula Liong Cap Bulan Kopi Khas Bogor,kopi gula liong cap bulan kopi,Minuman,Kopi,shopee,Jakarta Selatan,Jakarta,Rantai Emas Coffee,72100.0,7.0,5.0,0.9199918829008069,0.24725582386086203,1.0,13.131721453701465,10.39720770839918,2,3,1,3,False,True,False,False,False,False,True,False,False,0,0,1,0,0,1
https://www.tokopedia.com/rasa-lokal-pancoran/lapis-bogor-sangkuriang-reguler-pack-dikirim-baru-dan-fresh-1733216390086362919?extParam=ivf%3Dfalse%26keyword%3Doleh-olehkhasbogor%26search_id%3D20260701035234F61D6947467CCD2EDKYW%26src%3Dsearch,Lapis Bogor Sangkuriang Reguler Pack - Dikirim Baru dan Fresh,lapis sangkuriang reguler pack dikirim baru fresh,Makanan,Kue & Roti,tokopedia,Jakarta Selatan,Jakarta,Rasa Lokal Pancoran,58000.0,25.0,5.0,0.8797043931329733,0.457477635578216,1.0,14.187074804051692,16.29048269010741,1,4,2,3,False,False,True,False,False,False,True,False,False,0,1,0,0,0,1
https://www.tokopedia.com/ratue-borneo/talas-bogor-putih-ungu-cocok-untuk-di-buat-kue-kukus-maupun-di-buat-stick-talas-dll-1731852832112346169?extParam=ivf%3Dfalse%26keyword%3Doleh-olehkhasbogor%26search_id%3D20260701035234F61D6947467CCD2EDKYW%26src%3Dsearch,Talas bogor putih/ungu cocok untuk di buat kue kukus maupun di buat stick talas dll...,talas putih ungu cocok buat kue kukus maupun buat stick talas dll,Makanan,Kue & Roti,tokopedia,Kab. Bogor,Bogor,Ratue Borneo,21700.0,28.0,5.0,0.6976946801406616,0.47695413469490816,1.0,13.317273695522019,16.83647914993237,1,4,2,1,False,False,True,False,True,False,False,False,False,1,1,0,0,0,0
https://www.tokopedia.com/razakastore29/talas-bogor-atau-talas-ungu-superr-per-2-kg-1733247369664431692?extParam=ivf%3Dfalse%26keyword%3Doleh-olehkhasbogor%26search_id%3D20260701035234F61D6947467CCD2EDKYW%26src%3Dsearch,Talas Bogor Atau talas ungu superr per 2 kg,talas talas ungu superr per kg,Makanan,Lauk & Bahan Makanan,tokopedia,Kab. Bogor,Bogor,RazakaStore29,34000.0,250.0,4.8,0.7808275788598225,0.8618773725069901,0.95,15.955576839107596,26.52217410783256,1,5,2,1,False,False,True,False,True,False,False,False,False,1,1,0,0,0,1
https://www.tokopedia.com/razkafloris/talas-ketan-talas-ungu-bogor-per-3-kg-1735165324161877828?extParam=ivf%3Dfalse%26keyword%3Doleh-olehkhasbogor%26search_id%3D20260701035234F61D6947467CCD2EDKYW%26src%3Dsearch,Talas ketan / talas ungu Bogor per 3 kg,talas ketan talas ungu per kg,Makanan,Lauk & Bahan Makanan,tokopedia,Bogor,Bogor,Razkafloris,39900.0,50.0,4.9,0.8104518099451157,0.5776421886787662,0.9750000000000001,14.506155109559108,19.2659456003492,1,5,2,1,False,False,True,False,True,False,False,False,False,1,1,0,0,0,1
https://www.tokopedia.com/reiyreiy/kue-basah-tampah-bogor-50-pcs?extParam=ivf%3Dfalse%26keyword%3Doleh-olehkhasbogor%26search_id%3D20260701035234F61D6947467CCD2EDKYW%26src%3Dsearch,Kue basah Tampah Bogor,kue basah tampah,Makanan,Kue & Roti,tokopedia,Bogor,Bogor,Reiy Reiy Shop,111075.75,18.0,5.0,1.0000000000000002,0.4015344965884274,1.0,14.508339938030991,14.722194895832201,1,4,2,1,False,False,True,False,True,False,False,False,False,1,1,0,0,0,2
https://shopee.co.id/si-Cemplon-Kentang-Keju-Bakar-Promo-Bundling-3-Pcs-Khas-Bogor-i.134129924.6144433036?extraParams=%7B%22display_model_id%22%3A30459762221%2C%22model_selection_logic%22%3A3%7D&sp_atk=7c9c11f6-29c7-4876-acf2-5178a816f2a7&xptdk=7c9c11f6-29c7-4876-acf2-5178a816f2a7,si Cemplon Kentang Keju Bakar Promo Bundling 3 Pcs Khas Bogor,si cemplon kentang keju bakar promo bundling pcs,Makanan,Kue & Roti,shopee,Bogor,Bogor,Rempah Bogor,41000.0,23.0,4.8,0.8154866561940357,0.4432014283130529,0.95,13.756822622060419,15.254658385670139,1,4,1,1,False,True,False,False,True,False,False,False,False,1,1,0,0,0,1
https://shopee.co.id/Bogor-Raincake-Roti-Artisan-Soft-Bagel-Blueberry-Walnut-i.172394964.29153852067?extraParams=%7B%22display_model_id%22%3A197841826514%2C%22model_selection_logic%22%3A2%7D&sp_atk=b54db3ac-0b14-4d81-8d07-0bdf667c825e&xptdk=b54db3ac-0b14-4d81-8d07-0bdf667c825e,Bogor Raincake - Roti Artisan Soft Bagel - Blueberry Walnut,raincake roti artisan soft bagel blueberry walnut,Makanan,Kue & Roti,shopee,Bogor,Bogor,Rengginang Bogor,36600.0,403.0,4.9,0.7944696027453026,0.9467686947342547,0.9750000000000001,16.506740149133666,29.40693290200964,1,4,1,1,False,True,False,False,True,False,False,False,False,1,1,0,0,0,1
https://shopee.co.id/Kecap-Manis-Cap-Bemo-550ml-Halal-Kecap-Khas-Kota-Bogor-i.205599529.28717662984?extraParams=%7B%22display_model_id%22%3A233835979912%2C%22model_selection_logic%22%3A2%7D&sp_atk=9377ec71-11f0-4a2b-b407-a6d06b680be1&xptdk=9377ec71-11f0-4a2b-b407-a6d06b680be1,Kecap Manis Cap Bemo 550ml Halal Kecap Khas Kota Bogor,kecap manis cap bemo 550ml halal kecap kota,Makanan,Lauk & Bahan Makanan,shopee,Bogor,Bogor,Rengginang Murah,70000.0,78.0,4.9,0.9145194966404204,0.6556953392339545,0.9750000000000001,15.512959530871255,21.410294477088406,1,5,1,1,False,True,False,False,True,False,False,False,False,1,1,0,0,0,1
https://shopee.co.id/BATIK-TRADISIKU-Kain-Batik-Bogor-Rereng-Kujang-i.31828090.5518107253?extraParams=%7B%22display_model_id%22%3A60152174239%2C%22model_selection_logic%22%3A3%7D&sp_atk=2e279963-e68c-43a6-a701-cbaf036f5079&xptdk=2e279963-e68c-43a6-a701-cbaf036f5079,BATIK TRADISIKU Kain Batik Bogor Rereng Kujang,batik tradisiku kain batik rereng kujang,Pakaian & Fashion,Pakaian Tradisional,shopee,Bogor,Bogor,Rereng Kujang,111075.75,28.0,4.4,1.0000000000000002,0.47695413469490816,0.8500000000000001,14.950172511681828,14.816101651940487,3,8,1,1,False,True,False,False,True,False,False,False,False,1,0,0,1,0,2
https://shopee.co.id/Roti-Unyil-Venus-Oleh-Oleh-Khas-Bogor-Cemilan-Legendaris-Bogor-Kuliner-Jakarta-Tangerang-i.43662636.24276835698?extraParams=%7B%22display_model_id%22%3A178174342859%2C%22model_selection_logic%22%3A3%7D&sp_atk=c7aa6305-1e2a-4b90-aa50-9a02e9122c98&xptdk=c7aa6305-1e2a-4b90-aa50-9a02e9122c98,Roti Unyil Venus Oleh Oleh Khas Bogor Cemilan Legendaris Bogor Kuliner Jakarta Tangerang,roti unyil venus cemilan legendaris kuliner jakarta tangerang,Pakaian & Fashion,Atasan & Pakaian Kasual,shopee,Kab. Tangerang,Tangerang,Roti Unyil Venus,68500.0,11.0,5.0,0.910509184140633,0.3195735163826218,1.0,13.532485624187819,12.424533248940001,3,1,1,5,False,True,False,False,False,False,False,False,True,0,0,0,1,0,1
https://www.tokopedia.com/alat-pendidikan/peta-kabupaten-kota-bogor-depok-lipat?extParam=ivf%3Dfalse%26keyword%3Doleh-olehkhasbogor%26search_id%3D20260701035234F61D6947467CCD2EDKYW%26src%3Dsearch,Peta Kabupaten-Kota Bogor-Depok (Lipat),peta kabupaten kota depok lipat,Aksesoris & Souvenir,Aksesoris & Souvenir,tokopedia,Jakarta Selatan,Jakarta,Rumah Peraga Pendidikan,25000.0,100.0,4.9,0.723902376778526,0.6995128708733925,0.9750000000000001,14.731801689838349,22.614090532522173,0,0,2,3,False,False,True,False,False,False,True,False,False,0,0,0,0,1,0
https://www.tokopedia.com/alat-pendidikan/peta-kota-bogor-lipat?extParam=ivf%3Dfalse%26keyword%3Doleh-olehkhasbogor%26search_id%3D20260701035234F61D6947467CCD2EDKYW%26src%3Dsearch,Peta Kota Bogor (Lipat),peta kota lipat,Aksesoris & Souvenir,Aksesoris & Souvenir,tokopedia,Jakarta Selatan,Jakarta,Rumah Peraga Pendidikan,25000.0,100.0,4.8,0.723902376778526,0.6995128708733925,0.95,14.731801689838349,22.152578480838045,0,0,2,3,False,False,True,False,False,False,True,False,False,0,0,0,0,1,0
https://www.tokopedia.com/alat-pendidikan/peta-kabupaten-kota-bogor-depok-bingkai?extParam=ivf%3Dfalse%26keyword%3Doleh-olehkhasbogor%26search_id%3D20260701035234F61D6947467CCD2EDKYW%26src%3Dsearch,Peta Kabupaten-Kota Bogor-Depok (Bingkai),peta kabupaten kota depok bingkai,Aksesoris & Souvenir,Aksesoris & Souvenir,tokopedia,Jakarta Selatan,Jakarta,Rumah Peraga Pendidikan,80000.0,40.0,4.9,0.9392409270466529,0.5387150554591977,0.9750000000000001,14.978661680269907,18.19650312685111,0,0,2,3,False,False,True,False,False,False,True,False,False,0,0,0,0,1,2
https://www.tokopedia.com/alat-pendidikan/peta-kota-bogor-bingkai?extParam=ivf%3Dfalse%26keyword%3Doleh-olehkhasbogor%26search_id%3D20260701035234F61D6947467CCD2EDKYW%26src%3Dsearch,Peta Kota Bogor (Bingkai),peta kota bingkai,Aksesoris & Souvenir,Aksesoris & Souvenir,tokopedia,Jakarta Selatan,Jakarta,Rumah Peraga Pendidikan,80000.0,60.0,5.0,0.9392409270466529,0.6095767613203126,1.0,15.38412668421143,20.554369320866556,0,0,2,3,False,False,True,False,False,False,True,False,False,0,0,0,0,1,2
https://www.tokopedia.com/rvaclstoreofficial/tshirt-kaos-bogor-city-premium-quality-baju-kota-bogor-indonesia-oleh-ole-liburan-pria-distro-souvenir-jalan-jalan-luar-negeri-nasional-negara-kota-bersejarah-1732810033561699415?extParam=ivf%3Dfalse%26keyword%3Dbaju+khas+bogor%26search_id%3D2026070104595440008B9A5380FC1AC4ZX%26src%3Dsearch,Tshirt Kaos Bogor City Premium Quality Baju Kota Bogor Indonesia Oleh-Ole Liburan Pria Distro Souvenir Jalan-Jalan Luar Negeri Nasional Negara Kota Bersejarah,tshirt kaos city premium quality baju kota indonesia ole liburan pria distro souvenir jalan jalan luar negeri nasional negara kota bersejarah,Pakaian & Fashion,Atasan & Pakaian Kasual,tokopedia,Depok,Depok,Rvacl.Ltd,49185.0,10.0,5.0,0.8491841355199792,0.3040543955478092,1.0,13.105931104079023,11.989476363991853,3,1,2,2,False,False,True,False,False,True,False,False,False,0,0,0,1,0,1
https://shopee.co.id/Bolu-Lapis-Talas-Bogor-Kunang-Kunang-Enak-Lembut-i.366635866.18880973381?extraParams=%7B%22display_model_id%22%3A109340081474%2C%22model_selection_logic%22%3A2%7D&sp_atk=5eb547a0-7385-4955-8b7b-0b570cec7662&xptdk=5eb547a0-7385-4955-8b7b-0b570cec7662,Bolu Lapis Talas Bogor Kunang Kunang Enak Lembut,bolu lapis talas kunang kunang enak lembut,Makanan,Kue & Roti,shopee,Kab. Bekasi,Bekasi,Sagon Kelapa Bogor,35000.0,200.0,5.0,0.786194123540094,0.822255632721813,1.0,15.76142084987672,26.51652454029538,1,4,1,0,False,True,False,True,False,False,False,False,False,0,1,0,0,0,1
https://www.tokopedia.com/sakuraglory/kaos-i-love-bogor-cotton-combed-30s-premium-ukuran-s-xxl-green-mint-s-5c840?extParam=ivf%3Dfalse%26keyword%3Dbaju+khas+bogor%26search_id%3D2026070104595440008B9A5380FC1AC4ZX%26src%3Dsearch,KAOS I LOVE BOGOR PREMIUM UKURAN S-XXL / ATASAN / BAJU / T-SHIRT / TUMBLR TEE / PRIA / WANITA / DEWASA,kaos love premium ukuran xxl atasan baju shirt tumblr tee pria wanita dewasa,Pakaian & Fashion,Atasan & Pakaian Kasual,tokopedia,Jakarta Barat,Jakarta,Sakura Glory,35250.0,28.0,5.0,0.7875118011614888,0.47695413469490816,1.0,13.80242633158633,16.83647914993237,3,1,2,3,False,False,True,False,False,False,True,False,False,0,0,0,1,0,1
https://www.tokopedia.com/r3x/kopi-bubuk-hitam-cap-liong-bulan-tanpa-gula-200gr-coffee-legend-bogor-1734871282260084290?extParam=ivf%3Dfalse%26keyword%3Doleh-olehkhasbogor%26search_id%3D20260701035234F61D6947467CCD2EDKYW%26src%3Dsearch,Kopi Bubuk Hitam Cap Liong Bulan Tanpa Gula 200gr Coffee Legend Bogor,kopi bubuk hitam cap liong bulan tanpa gula 200gr coffee legend,Minuman,Kopi,tokopedia,Jakarta Barat,Jakarta,Samping Pasar,45900.0,60.0,4.7,0.8363869897228866,0.6095767613203126,0.925,14.828565321378878,19.321107161614563,2,3,2,3,False,False,True,False,False,False,True,False,False,0,0,1,0,0,1
https://shopee.co.id/Keripik-Pisang-Coklat-Lumer-Halal-Sang-Cau-Bogor-i.1011341824.23469911709?extraParams=%7B%22display_model_id%22%3A177724561072%2C%22model_selection_logic%22%3A3%7D&sp_atk=1de08403-5fae-4fb6-a7c8-b7c5992769ba&xptdk=1de08403-5fae-4fb6-a7c8-b7c5992769ba,Keripik Pisang Coklat Lumer Halal Sang Cau Bogor,keripik pisang coklat lumer halal sang cau,Makanan,Camilan & Snack,shopee,Bogor,Bogor,Sang Cau Official,10951.0,543.5,4.8,0.5710904703197919,1.0,0.95,15.599215929851473,30.23936612339047,1,2,1,1,False,True,False,False,True,False,False,False,False,1,1,0,0,0,0
https://www.tokopedia.com/sangkuriang-berkahrasa-cisauk/lapis-bogor-sangkuriang-oleh-oleh-khas-bogor-1734982833547151248-1734984233022883728?extParam=ivf%3Dfalse%26keyword%3Doleh-olehkhasbogor%26search_id%3D20260701035234F61D6947467CCD2EDKYW%26src%3Dsearch,Lapis Bogor Sangkuriang Oleh oleh Khas Bogor,lapis sangkuriang,Makanan,Kue & Roti,tokopedia,Kab. Tangerang,Tangerang,Sangkuriang Berkahrasa Cisauk,60000.0,1.0,4.9,0.8859807588182942,0.0,0.9750000000000001,11.002116507732017,3.396421184743732,1,4,2,5,False,False,True,False,False,False,False,False,True,0,1,0,0,0,1
https://shopee.co.id/Lapis-Bogor-Sangkuriang-Full-Talas-Reguler-Pack-(550gr)-Oleh-oleh-Khas-Bogor-i.237534970.4627750900?extraParams=%7B%22display_model_id%22%3A21773263639%2C%22model_selection_logic%22%3A3%7D&sp_atk=6061b5dd-e253-4b3f-9c24-ae671f6d0859&xptdk=6061b5dd-e253-4b3f-9c24-ae671f6d0859,Lapis Bogor Sangkuriang Full Talas - Reguler Pack (550gr) - Oleh-oleh Khas Bogor,lapis sangkuriang full talas reguler pack 550gr,Makanan,Kue & Roti,shopee,Bogor,Bogor,Sangkuriang Full Talas,53000.0,543.5,4.8,0.8630142828888043,1.0,0.95,17.176076933811114,30.23936612339047,1,4,1,1,False,True,False,False,True,False,False,False,False,1,1,0,0,0,1
https://shopee.co.id/Lapis-Bogor-Sangkuriang-Original-Mini-Pack-(250gr)-Oleh-oleh-Khas-Bogor-i.237534970.7459323383?extraParams=%7B%22display_model_id%22%3A61541810302%2C%22model_selection_logic%22%3A2%7D&sp_atk=1df459fd-2366-44d2-a481-d25d72e25174&xptdk=1df459fd-2366-44d2-a481-d25d72e25174,Lapis Bogor Sangkuriang Original - Mini Pack (250gr) - Oleh-oleh Khas Bogor,lapis sangkuriang original mini pack 250gr,Makanan,Kue & Roti,shopee,Bogor,Bogor,Sangkuriang Mini Store,29000.0,543.5,4.8,0.7513795672132577,1.0,0.95,16.57308087897561,30.23936612339047,1,4,1,1,False,True,False,False,True,False,False,False,False,1,1,0,0,0,0
https://shopee.co.id/Lapis-Bogor-Sangkuriang-Oleh-Oleh-Bogor-Khas-Bogor-Lapis-Talas-Keju-Oreo-i.1050405184.52509483162?extraParams=%7B%22display_model_id%22%3A277569187126%2C%22model_selection_logic%22%3A3%7D&sp_atk=37f6551b-8383-4c44-a928-e8489485d282&xptdk=37f6551b-8383-4c44-a928-e8489485d282,Lapis Bogor Sangkuriang Oleh Oleh Bogor Khas Bogor Lapis Talas Keju Oreo,lapis sangkuriang lapis talas keju oreo,Makanan,Kue & Roti,shopee,Jakarta Pusat,Jakarta,Sangkuriang Official,25000.0,36.5,4.9,0.723902376778526,0.5228000246383855,0.9750000000000001,13.723944460328594,17.759270571584192,1,4,1,3,False,True,False,False,False,False,True,False,False,0,1,0,0,0,0
https://shopee.co.id/Pia-Lestari-Nastar-Lestari-Oleh-Oleh-Bogor-i.1324547602.26807084650?extraParams=%7B%22display_model_id%22%3A310987902928%2C%22model_selection_logic%22%3A2%7D&sp_atk=64fc48b7-c494-4a76-a5af-517fc30a7d12&xptdk=64fc48b7-c494-4a76-a5af-517fc30a7d12,Pia Lestari / Nastar Lestari / Oleh Oleh Bogor,pia lestari nastar lestari,Makanan,Kue & Roti,shopee,Bekasi,Bekasi,Sangkuriang Official Store,59500.0,13.0,4.8,0.8844315021083091,0.3470674270615996,0.95,13.558682241819245,12.667475182153241,1,4,1,0,False,True,False,True,False,False,False,False,False,0,1,0,0,0,1
https://shopee.co.id/Lapis-Bogor-Sangkuriang-Chocovila-Oreo-Reguler-Pack-(500gr)-Oleh-oleh-Khas-Bogor-i.237534970.7627729902?extraParams=%7B%22display_model_id%22%3A21773263815%2C%22model_selection_logic%22%3A3%7D&sp_atk=ee685cac-3205-4c43-b6bc-b043c88e34ec&xptdk=ee685cac-3205-4c43-b6bc-b043c88e34ec,Lapis Bogor Sangkuriang Chocovila Oreo - Reguler Pack (500gr) - Oleh-oleh Khas Bogor,lapis sangkuriang chocovila oreo reguler pack 500gr,Makanan,Kue & Roti,shopee,Bogor,Bogor,Sangkuriang Premium,53000.0,543.5,4.8,0.8630142828888043,1.0,0.95,17.176076933811114,30.23936612339047,1,4,1,1,False,True,False,False,True,False,False,False,False,1,1,0,0,0,1
https://shopee.co.id/Lapis-Bogor-Sangkuriang-Oleh-Oleh-Bogor-Khas-Bogor-Lapis-Talas-Keju-Oreo-i.1050405184.52509483162?extraParams=%7B%22display_model_id%22%3A277569187126%2C%22model_selection_logic%22%3A3%7D&sp_atk=0f1c8ba9-1c84-49f6-9c94-6bdabc78501e&xptdk=0f1c8ba9-1c84-49f6-9c94-6bdabc78501e,Lapis Bogor Sangkuriang Oleh Oleh Bogor Khas Bogor Lapis Talas Keju Oreo,lapis sangkuriang lapis talas keju oreo,Makanan,Kue & Roti,shopee,Jakarta Pusat,Jakarta,Sangkuriang Premium,12500.0,36.5,4.9,0.595581763987012,0.5228000246383855,0.9750000000000001,13.030798375657259,17.759270571584192,1,4,1,3,False,True,False,False,False,False,True,False,False,0,1,0,0,0,0
https://shopee.co.id/Kopi-Hitam-Tanpa-Gula-Sachet-8-Gram-Khas-Bogor-30-Sachet-i.1845172303.45462555863?extraParams=%7B%22display_model_id%22%3A302713969777%2C%22model_selection_logic%22%3A3%7D&sp_atk=951c5d2d-4e11-4838-816b-4003b641c894&xptdk=951c5d2d-4e11-4838-816b-4003b641c894,Kopi Hitam Tanpa Gula Sachet 8 Gram Khas Bogor 30 Sachet,kopi hitam tanpa gula sachet gram sachet,Minuman,Kopi,shopee,Tangerang,Tangerang,Sari Pala Bogor,111075.75,224.0,4.9,1.0000000000000002,0.8423735410210074,0.9750000000000001,17.029613772022177,26.53889197080166,2,3,1,5,False,True,False,False,False,False,False,False,True,0,0,1,0,0,2
https://www.tokopedia.com/sari-renyah/manisan-pala-buah-kering-khas-bogor-200g-sari-renyah-1733975825792533681?extParam=ivf%3Dfalse%26keyword%3Doleh-olehkhasbogor%26search_id%3D20260701035234F61D6947467CCD2EDKYW%26src%3Dsearch,Manisan Pala Buah Kering Khas Bogor 200g - Sari Renyah,manisan pala buah kering 200g sari renyah,Makanan,Camilan & Snack,tokopedia,Depok,Depok,SARI RENYAH,15000.0,500.0,4.6,0.6293339795923376,0.9851496365120874,0.8999999999999999,15.830413711839864,28.596388064990375,1,2,2,2,False,False,True,False,False,True,False,False,False,0,1,0,0,0,0
https://shopee.co.id/Manisan-Pala-Buah-Kering-Khas-Bogor-Sari-Renyah-i.1380991115.44412144153?extraParams=%7B%22display_model_id%22%3A345565500436%2C%22model_selection_logic%22%3A2%7D&sp_atk=5fd17f3a-9160-4075-b654-13599c3d2b0a&xptdk=5fd17f3a-9160-4075-b654-13599c3d2b0a,Manisan Pala Buah Kering Khas Bogor - Sari Renyah,manisan pala buah kering sari renyah,Makanan,Camilan & Snack,shopee,Depok,Depok,Sari Renyah Official,12500.0,543.5,4.8,0.595581763987012,1.0,0.95,15.731513777045759,30.23936612339047,1,2,1,2,False,True,False,False,False,True,False,False,False,0,1,0,0,0,0
https://shopee.co.id/Manisan-Pepaya-Buah-Kering-Khas-Bogor-200g-Sari-Renyah-i.1380991115.41262139762?extraParams=%7B%22display_model_id%22%3A271017005639%2C%22model_selection_logic%22%3A2%7D&sp_atk=6741c005-bedf-48cf-86e0-eb88eb6917ee&xptdk=6741c005-bedf-48cf-86e0-eb88eb6917ee,Manisan Pepaya Buah Kering Khas Bogor 200g - Sari Renyah,manisan pepaya buah kering 200g sari renyah,Makanan,Camilan & Snack,shopee,Depok,Depok,Sari Renyah Premium,25600.0,27.0,4.8,0.7282930381478192,0.4706953389920306,0.95,13.446185943230196,15.994581648840978,1,2,1,2,False,True,False,False,False,True,False,False,False,0,1,0,0,0,0
https://shopee.co.id/Lapis-Bogor-Sangkuriang-Bolu-Chiffon-Lembut-Manis-i.1668336080.54951095170?extraParams=%7B%22display_model_id%22%3A375098864687%2C%22model_selection_logic%22%3A2%7D&sp_atk=141322db-62a8-4e3c-aeb5-8f2d5d90e379&xptdk=141322db-62a8-4e3c-aeb5-8f2d5d90e379,Lapis Bogor Sangkuriang Bolu Chiffon Lembut Manis,lapis sangkuriang bolu chiffon lembut manis,Makanan,Kue & Roti,shopee,Jakarta Selatan,Jakarta,Sari Roti Bogor,38000.0,15.0,5.0,0.8014191190140494,0.3708837357912931,1.0,13.25339339419516,13.862943611198906,1,4,1,3,False,True,False,False,False,False,True,False,False,0,1,0,0,0,1
https://www.tokopedia.com/sayuribukholifah/udang-vaname-sedang-super-segar-250gr-ikan-hasil-laut-segar-bogor?extParam=ivf%3Dfalse%26keyword%3Doleh-olehkhasbogor%26search_id%3D20260701035234F61D6947467CCD2EDKYW%26src%3Dsearch,Udang Vaname Sedang Super Segar 250gr Ikan Hasil Laut Segar Bogor,udang vaname sedang super segar 250gr ikan hasil laut segar,Makanan,Lauk & Bahan Makanan,tokopedia,Bogor,Bogor,Sayur Ibu Kholifah,31050.0,543.5,4.9,0.7640246358668834,1.0,0.9750000000000001,16.641383853179775,30.869352917627776,1,5,2,1,False,False,True,False,True,False,False,False,False,1,1,0,0,0,1
https://www.tokopedia.com/sayuribukholifah/ikan-kembung-banjar-segar-250-500-gram-ikan-hasil-laut-segar-bogor-500-gram?extParam=ivf%3Dfalse%26keyword%3Doleh-olehkhasbogor%26search_id%3D20260701035234F61D6947467CCD2EDKYW%26src%3Dsearch,Ikan Kembung Banjar Segar 250 500 Gram Ikan Hasil Laut Segar Bogor,ikan kembung banjar segar gram ikan hasil laut segar,Makanan,Lauk & Bahan Makanan,tokopedia,Bogor,Bogor,Sayur Ibu Kholifah,38150.0,250.0,4.9,0.8021484699218451,0.8618773725069901,0.9750000000000001,16.070742059424123,27.074719401745742,1,5,2,1,False,False,True,False,True,False,False,False,False,1,1,0,0,0,1
https://shopee.co.id/KAOS-SBYM-BOGOR-KAOS-DISTRO-SBYM-BOGOR-KAOS-PRIA-WANITA-i.1522621243.42850579992?extraParams=%7B%22display_model_id%22%3A224232756650%2C%22model_selection_logic%22%3A2%7D&sp_atk=0b595eef-c834-4b7a-8cbb-cd4079f6ae8c&xptdk=0b595eef-c834-4b7a-8cbb-cd4079f6ae8c,KAOS SBYM BOGOR KAOS DISTRO SBYM BOGOR KAOS PRIA WANITA,kaos sbym kaos distro sbym kaos pria wanita,Pakaian & Fashion,Atasan & Pakaian Kasual,shopee,Jakarta Barat,Jakarta,SBYM Official,33000.0,4.0,5.0,0.775300820149404,0.1634272100930973,1.0,11.790564777297387,8.047189562170502,3,1,1,3,False,True,False,False,False,False,True,False,False,0,0,0,1,0,1
https://shopee.co.id/BATIK-TRADISIKU-Scarf-Syal-Stola-Batik-Bogor-i.1706759423.44958563231?extraParams=%7B%22display_model_id%22%3A390757705390%2C%22model_selection_logic%22%3A3%7D&sp_atk=8fe44bd4-dc8c-4163-9edb-2fca089fac82&xptdk=8fe44bd4-dc8c-4163-9edb-2fca089fac82,BATIK TRADISIKU Scarf/Syal/Stola Batik Bogor,batik tradisiku scarf syal stola batik,Pakaian & Fashion,Pakaian Tradisional,shopee,Jakarta Pusat,Jakarta,Scarf Batik Bogor,111075.75,8.5,5.0,1.0000000000000002,0.27790658465799645,1.0,13.758034902632094,11.256458993032476,3,8,1,3,False,True,False,False,False,False,True,False,False,0,0,0,1,0,2
https://shopee.co.id/Lapis-Talas-Sangkuriang-ready-Lapis-Bogor-Lapis-Talas-oleh-oleh-Bogor-lapis-kukus-i.397545349.10135628955?extraParams=%7B%22display_model_id%22%3A27347261573%2C%22model_selection_logic%22%3A3%7D&sp_atk=e8f86291-3a57-4140-9fe4-ccb6cfcb76ba&xptdk=e8f86291-3a57-4140-9fe4-ccb6cfcb76ba,Lapis Talas Sangkuriang | ready | Lapis Bogor Lapis Talas oleh oleh Bogor lapis kukus,lapis talas sangkuriang ready lapis lapis talas lapis kukus,Makanan,Kue & Roti,shopee,Kab. Tangerang,Tangerang,Selly Lovely Snack,60000.0,543.5,4.9,0.8859807588182942,1.0,0.9750000000000001,17.30012957843094,30.869352917627776,1,4,1,5,False,True,False,False,False,False,False,False,True,0,1,0,0,0,1
https://shopee.co.id/Kerupuk-Selondok-Slondok-BALADO-Pedas-Manis-Cap-CR-Khas-Bogor-1-Pak-Isi-12-Pcs-i.1254736959.28793200199?extraParams=%7B%22display_model_id%22%3A277036695007%2C%22model_selection_logic%22%3A2%7D&sp_atk=5bd28309-8755-4392-858b-a3e58e228e02&xptdk=5bd28309-8755-4392-858b-a3e58e228e02,Kerupuk Selondok // Slondok BALADO Pedas Manis Cap CR Khas Bogor 1 Pak Isi 12 Pcs,kerupuk selondok slondok balado pedas manis cap cr pak isi pcs,Makanan,Camilan & Snack,shopee,Jakarta Barat,Jakarta,Selondok CR Bogor,13950.0,387.0,4.8,0.6158993014559351,0.939561355532862,0.95,15.50165966551077,28.61282563019171,1,2,1,3,False,True,False,False,False,False,True,False,False,0,1,0,0,0,0
https://www.tokopedia.com/sujatmiko26/lapis-bogor-sangkuriang-oleh-oleh-khas-bogor-brownies-carame-67410?extParam=ivf%3Dfalse%26keyword%3Doleh-olehkhasbogor%26search_id%3D20260701035234F61D6947467CCD2EDKYW%26src%3Dsearch,LAPIS BOGOR SANGKURIANG / Oleh Oleh Khas Bogor,lapis sangkuriang,Makanan,Kue & Roti,tokopedia,Jakarta Timur,Jakarta,Semar Joyoo,56000.0,100.0,4.7,0.87320776352246,0.6995128708733925,0.925,15.53827733427679,21.69106642915392,1,4,2,3,False,False,True,False,False,False,True,False,False,0,1,0,0,0,1
https://www.tokopedia.com/sujatmiko26/lapis-bogor-sangkuriang-oleh-oleh-khas-bogor-brownies-carame-67410?extParam=ivf%3Dfalse%26keyword%3Daksesoriskhasbogor%26search_id%3D20260701045100357A6FDF7642BF120N2E%26src%3Dsearch,LAPIS BOGOR SANGKURIANG / Oleh Oleh Khas Bogor,lapis sangkuriang,Makanan,Kue & Roti,tokopedia,Jakarta Timur,Jakarta,Semar Joyoo,56000.0,100.0,4.7,0.87320776352246,0.6995128708733925,0.925,15.53827733427679,21.69106642915392,1,4,2,3,False,False,True,False,False,False,True,False,False,0,1,0,0,0,1
https://shopee.co.id/Dijual-KAIN-BATIK-KAMPUNG-URUG-KABUPATEN-KAB-BOGOR-PNS-SERAGAM-KATUN-Murah-i.236023798.16059601687?extraParams=%7B%22display_model_id%22%3A116445855443%2C%22model_selection_logic%22%3A3%7D&sp_atk=d1576115-bda4-41f8-bfb7-f9edf2997a7f&xptdk=d1576115-bda4-41f8-bfb7-f9edf2997a7f,Dijual KAIN BATIK KAMPUNG URUG KABUPATEN KAB BOGOR PNS SERAGAM KATUN Murah,dijual kain batik kampung urug kabupaten kab pns seragam katun murah,Pakaian & Fashion,Pakaian Tradisional,shopee,Jakarta Barat,Jakarta,Seragam Batik Store,111075.75,8.5,5.0,1.0000000000000002,0.27790658465799645,1.0,13.758034902632094,11.256458993032476,3,8,1,3,False,True,False,False,False,False,True,False,False,0,0,0,1,0,2
https://shopee.co.id/si-Cemplon-Kuah-Asinan-Bogor-Segar-250ml-i.87274962.6135529588?extraParams=%7B%22display_model_id%22%3A400451263994%2C%22model_selection_logic%22%3A2%7D&sp_atk=31ec9b3b-30c1-4e6c-a37b-6728063a9293&xptdk=31ec9b3b-30c1-4e6c-a37b-6728063a9293,si Cemplon Kuah Asinan Bogor Segar 250ml,si cemplon kuah asinan segar 250ml,Makanan,Makanan Tradisional,shopee,Bogor,Bogor,Si Cemplon,25199.0,543.5,4.9,0.7253701839450983,1.0,0.9750000000000001,16.43258936974957,30.869352917627776,1,6,1,1,False,True,False,False,True,False,False,False,False,1,1,0,0,0,0
https://shopee.co.id/Kanung-Bogor-Mamol-i.15357295.547673762?extraParams=%7B%22display_model_id%22%3A60259399096%2C%22model_selection_logic%22%3A2%7D&sp_atk=c79d4ed3-a76d-4155-9cf2-90c7b3344172&xptdk=c79d4ed3-a76d-4155-9cf2-90c7b3344172,Kanung Bogor Mamol,kanung mamol,Makanan,Kue & Roti,shopee,Bogor,Bogor,Si Cemplon Snack,111075.75,113.0,4.8,1.0000000000000002,0.7211080129710493,0.95,16.345355578359488,22.733752552293577,1,4,1,1,False,True,False,False,True,False,False,False,False,1,1,0,0,0,2
https://www.tokopedia.com/sbkofficial/siliwangi-bolu-kukus-talas-bogor?extParam=ivf%3Dfalse%26keyword%3Doleh-olehkhasbogor%26search_id%3D20260701035234F61D6947467CCD2EDKYW%26src%3Dsearch,Siliwangi Bolu Kukus - Talas Bogor,siliwangi bolu kukus talas,Makanan,Kue & Roti,tokopedia,Bogor,Bogor,Siliwangi Bolu Kukus_NEW,43000.0,26.0,4.0,0.8243042171937485,0.4642089014261414,0.75,13.927052827151165,13.183347464017316,1,4,2,1,False,False,True,False,True,False,False,False,False,1,1,0,0,0,1
https://shopee.co.id/KAOS-HITAM-KEREN-PRIBUMI-BOGOR-DESAIN-DRIVER-TRUK-baju-Pria-Dewasa-i.1318891511.27041036267?extraParams=%7B%22display_model_id%22%3A301417853780%2C%22model_selection_logic%22%3A3%7D&sp_atk=02773eda-b02b-4893-a5f2-4a300582e8a3&xptdk=02773eda-b02b-4893-a5f2-4a300582e8a3,KAOS HITAM KEREN PRIBUMI BOGOR DESAIN DRIVER TRUK- baju Pria Dewasa,kaos hitam keren pribumi desain driver truk baju pria dewasa,Pakaian & Fashion,Atasan & Pakaian Kasual,shopee,Jakarta Pusat,Jakarta,Skena Bogor Official,54900.0,11.0,5.0,0.8695349948922384,0.3195735163826218,1.0,13.311165556197917,12.424533248940001,3,1,1,3,False,True,False,False,False,False,True,False,False,0,0,0,1,0,1
https://shopee.co.id/Kerupuk-Slondok-Selondok-Bogor-Pedas-dan-Original-Nagih-250-Gr-i.377795843.42961123092?extraParams=%7B%22display_model_id%22%3A59947122989%2C%22model_selection_logic%22%3A2%7D&sp_atk=0c51e6a2-b558-4b0a-abe6-d24c166f2378&xptdk=0c51e6a2-b558-4b0a-abe6-d24c166f2378,Kerupuk Slondok Selondok Bogor Pedas dan Original Nagih - 250 Gr,kerupuk slondok selondok pedas original nagih gr,Makanan,Camilan & Snack,shopee,Jakarta Pusat,Jakarta,Slondok Bogor Asli,22000.0,428.0,4.9,0.700236546918565,0.9574776355782161,0.9750000000000001,16.057921034124455,29.701138902747285,1,2,1,3,False,True,False,False,False,False,True,False,False,0,1,0,0,0,0
https://shopee.co.id/Stik-Stick-Kentang-Istana-Bogor-i.1303972064.28213443627?extraParams=%7B%22display_model_id%22%3A99659533075%2C%22model_selection_logic%22%3A2%7D&sp_atk=f3416fab-e9b4-401d-910b-2c031470c076&xptdk=f3416fab-e9b4-401d-910b-2c031470c076,Stik Stick Kentang Istana Bogor,stik stick kentang istana,Makanan,Camilan & Snack,shopee,Bogor,Bogor,Snack Bangka Jaya,20900.0,543.5,4.8,0.6907406418739679,1.0,0.95,16.24553423254892,30.23936612339047,1,2,1,1,False,True,False,False,True,False,False,False,False,1,1,0,0,0,0
https://www.tokopedia.com/snackprimaaurell-1/kacang-bogor-asin-berat-500g?extParam=ivf%3Dfalse%26keyword%3Doleh-olehkhasbogor%26search_id%3D20260701035234F61D6947467CCD2EDKYW%26src%3Dsearch,kacang bogor asin berat 500g,kacang asin berat 500g,Makanan,Camilan & Snack,tokopedia,Jakarta Barat,Jakarta,SNACK PRIMA AUREL,30700.0,250.0,4.9,0.7619259487918171,0.8618773725069901,0.9750000000000001,15.853478981730687,27.074719401745742,1,2,2,3,False,False,True,False,False,False,True,False,False,0,1,0,0,0,1
https://www.tokopedia.com/anandaammanda/lapis-talasbogor-pamidjahan-brownies-keju-khas-bogor-enak-empuk-lembut-dengan-talas-dan-parutan-keju-1732851124524319896?extParam=ivf%3Dfalse%26keyword%3Doleh-olehkhasbogor%26search_id%3D20260701035234F61D6947467CCD2EDKYW%26src%3Dsearch,Lapis TalasBogor Pamidjahan Brownies Keju Khas Bogor Enak Empuk Lembut Dengan Talas dan parutan keju,lapis talasbogor pamidjahan brownies keju enak empuk lembut talas parutan keju,Makanan,Kue & Roti,tokopedia,Jakarta Timur,Jakarta,SNACK SUKMA_NEW,40000.0,250.0,4.9,0.8109152233556896,0.8618773725069901,0.9750000000000001,16.118095750958314,27.074719401745742,1,4,2,3,False,False,True,False,False,False,True,False,False,0,1,0,0,0,1
https://shopee.co.id/OLEH-OLEH-KHAS-KOTA-BOGOR-JAWA-BARAT-PROMO-GANTUNGAN-KUNCI-BULAT-LINGKARAN-BAHAN-PLASTIK-GAMBAR-1-SISI-UKURAN-44-MM-4-4-CM-BELAKANG-PUTIH-BERSIH-RING-STAINLESS-KOKOH-KUAT-UNTUK-TAS-PINTU-MOTOR-MOBIL-DLL-DESAIN-DICETAK-WARNA-JELAS-BUKAN-CUSTOM-i.153622983.25152531831?extraParams=%7B%22display_model_id%22%3A147459341306%2C%22model_selection_logic%22%3A3%7D&sp_atk=1a9fe0a7-4cce-4267-b12c-95efabe8ab26&xptdk=1a9fe0a7-4cce-4267-b12c-95efabe8ab26,"OLEH-OLEH KHAS KOTA BOGOR JAWA BARAT | PROMO GANTUNGAN KUNCI BULAT LINGKARAN | BAHAN PLASTIK GAMBAR 1 SISI UKURAN 44 MM/4,4 CM BELAKANG PUTIH BERSIH | RING STAINLESS KOKOH & KUAT UNTUK TAS PINTU MOTOR MOBIL DLL | DESAIN DICETAK WARNA JELAS | BUKAN CUSTOM",kota jawa barat promo gantungan kunci bulat lingkaran bahan plastik gambar sisi ukuran mm cm belakang putih bersih ring stainless kokoh kuat tas pintu motor mobil dll desain dicetak warna jelas bukan custom,Aksesoris & Souvenir,Aksesoris & Souvenir,shopee,Jakarta Timur,Jakarta,Souvenir Bogor Jaya,1500.0,543.5,4.9,0.20314857385698692,1.0,0.9750000000000001,13.611251320268416,30.869352917627776,0,0,1,3,False,True,False,False,False,False,True,False,False,0,0,0,0,1,0
https://shopee.co.id/Lapis-Bogor-Sangkuriang-Ketan-Wangi-i.433543929.24673034589?extraParams=%7B%22display_model_id%22%3A226206083772%2C%22model_selection_logic%22%3A3%7D&sp_atk=38156ad8-5db5-4298-92c5-b5d7bafac8c0&xptdk=38156ad8-5db5-4298-92c5-b5d7bafac8c0,Lapis Bogor Sangkuriang Ketan Wangi,lapis sangkuriang ketan wangi,Makanan,Kue & Roti,shopee,Jakarta Timur,Jakarta,Stick Kentang Mix,54000.0,99.0,5.0,0.8664748459680991,0.6977381559774878,1.0,15.491859362736726,23.02585092994046,1,4,1,3,False,True,False,False,False,False,True,False,False,0,1,0,0,0,1
https://shopee.co.id/Lapis-Talas-Bogor-Yasmin-Keik-360-Gram-Enak-Legit-i.1392392340.29016694093?extraParams=%7B%22display_model_id%22%3A256963213378%2C%22model_selection_logic%22%3A2%7D&sp_atk=57247883-5816-46d4-9988-70118971954f&xptdk=57247883-5816-46d4-9988-70118971954f,Lapis Talas Bogor Yasmin Keik 360 Gram Enak Legit,lapis talas yasmin keik gram enak legit,Makanan,Kue & Roti,shopee,Bogor,Bogor,Stik Kentang Bogor,42000.0,79.0,4.9,0.8199479258863125,0.6579388578148214,0.9750000000000001,15.014873051118858,21.47193050990202,1,4,1,1,False,True,False,False,True,False,False,False,False,1,1,0,0,0,1
https://shopee.co.id/Stik-Talas-Bogor-i.237534970.27210722145?extraParams=%7B%22display_model_id%22%3A215378107497%2C%22model_selection_logic%22%3A2%7D&sp_atk=b606ac89-4551-4d20-999c-76e52aadd9ad&xptdk=b606ac89-4551-4d20-999c-76e52aadd9ad,Stik Talas Bogor,stik talas,Makanan,Kue & Roti,shopee,Bogor,Bogor,Stik Talas Bogor,5000.0,417.0,4.9,0.4259635652703686,0.9528447159970989,0.9750000000000001,14.550279892831231,29.57385901937131,1,4,1,1,False,True,False,False,True,False,False,False,False,1,1,0,0,0,0
https://shopee.co.id/Oleh-Oleh-Bogor-Stiik-Talas-i.5000762.13032191723?extraParams=%7B%22display_model_id%22%3A85411047055%2C%22model_selection_logic%22%3A2%7D&sp_atk=d69f6936-9459-49b6-a38f-591264e0ea25&xptdk=d69f6936-9459-49b6-a38f-591264e0ea25,Oleh Oleh Bogor - Stiik Talas,stiik talas,Makanan,Kue & Roti,shopee,Bogor,Bogor,Stik Talas Nusantara,30000.0,224.0,5.0,0.7576558265027287,0.8423735410210074,1.0,15.720598861308845,27.0805020110221,1,4,1,1,False,True,False,False,True,False,False,False,False,1,1,0,0,0,0
https://shopee.co.id/Double-Pack-D-(Reguler-Original-Brownies-Caramel)-Oleh-oleh-Khas-Bogor-i.237534970.25558028800?extraParams=%7B%22display_model_id%22%3A108279857247%2C%22model_selection_logic%22%3A3%7D&sp_atk=6cbedaba-c846-4d0b-a845-06b23d265795&xptdk=6cbedaba-c846-4d0b-a845-06b23d265795,Double Pack D (Reguler - Original  Brownies Caramel) - Oleh-oleh Khas Bogor,double pack reguler original brownies caramel,Makanan,Kue & Roti,shopee,Bogor,Bogor,Stik Talas Nusantara,80000.0,70.0,4.7,0.9392409270466529,0.6366524833541157,0.925,15.53827733427679,20.034595422094185,1,4,1,1,False,True,False,False,True,False,False,False,False,1,1,0,0,0,2
https://shopee.co.id/Paket-Hemat-3-box-Mini-pack-Lapis-Bogor-Sangkuriang-FREE-SPOUNBOUN-SANGKURIANG-i.433543929.29204086051?extraParams=%7B%22display_model_id%22%3A256108816351%2C%22model_selection_logic%22%3A3%7D&sp_atk=58590eb7-eb36-413b-8134-f93891f8470c&xptdk=58590eb7-eb36-413b-8134-f93891f8470c,Paket Hemat 3 box Mini pack Lapis Bogor Sangkuriang  FREE SPOUNBOUN SANGKURIANG,paket hemat box mini pack lapis sangkuriang free spounboun sangkuriang,Makanan,Kue & Roti,shopee,Jakarta Timur,Jakarta,Stik Talas Original,110000.0,241.0,5.0,0.9981982448693605,0.8553646149564806,1.0,17.09303261598682,27.444688630783432,1,4,1,3,False,True,False,False,False,False,True,False,False,0,1,0,0,0,2
https://shopee.co.id/kaos-STM-Aoet-14-Borneo-1998-All-Generation-kota-bogor-bahan-catton-combed-24s-terlaris-i.1728070129.50906192401?extraParams=%7B%22display_model_id%22%3A302409280619%2C%22model_selection_logic%22%3A2%7D&sp_atk=89c02ac8-6ccf-4557-b019-a15abee22204&xptdk=89c02ac8-6ccf-4557-b019-a15abee22204,kaos STM Aoet 14 Borneo 1998 All Generation kota bogor bahan catton combed 24s terlaris,kaos stm aoet borneo all generation kota bahan catton combed 24s terlaris,Pakaian & Fashion,Atasan & Pakaian Kasual,shopee,Bogor,Bogor,STM Bogor Apparel,52320.0,11.0,5.0,0.8606236005634276,0.3195735163826218,1.0,13.263030996487018,12.424533248940001,3,1,1,1,False,True,False,False,True,False,False,False,False,1,0,0,1,0,1
https://shopee.co.id/BATIK-TRADISIKU-Scarf-Syal-Stola-Batik-Bogor-i.1801581481.57010595812?extraParams=%7B%22display_model_id%22%3A282621272309%2C%22model_selection_logic%22%3A3%7D&sp_atk=de42f2d4-62db-47fc-be53-0f16b2d77ce2&xptdk=de42f2d4-62db-47fc-be53-0f16b2d77ce2,BATIK TRADISIKU Scarf/Syal/Stola Batik Bogor,batik tradisiku scarf syal stola batik,Pakaian & Fashion,Pakaian Tradisional,shopee,Jakarta Pusat,Jakarta,Stola Batik Official,111075.75,8.5,5.0,1.0000000000000002,0.27790658465799645,1.0,13.758034902632094,11.256458993032476,3,8,1,3,False,True,False,False,False,False,True,False,False,0,0,0,1,0,2
https://www.tokopedia.com/store-casual/kaos-t-shirt-napapjri-bogor-buitenzorg-casual-footbaall-1734400980547700563?extParam=ivf%3Dfalse%26keyword%3Dbaju+khas+bogor%26search_id%3D2026070104595440008B9A5380FC1AC4ZX%26src%3Dsearch,Kaos T Shirt Napapjri Bogor (BUITENZORG) Casual Footbaall,kaos shirt napapjri buitenzorg casual footbaall,Pakaian & Fashion,Atasan & Pakaian Kasual,tokopedia,Kab. Bogor,Bogor,Store casual,48000.0,4.0,5.0,0.8446691358978033,0.1634272100930973,1.0,12.165255859329688,8.047189562170502,3,1,2,1,False,False,True,False,True,False,False,False,False,1,0,0,1,0,1
https://shopee.co.id/Kaos-T-shirt-baju-BOGOR-STREET-CULTURE-DTF-kaos-distro-bogor-street-culture-Ready-i.580184081.19524913095?extraParams=%7B%22display_model_id%22%3A48948900452%2C%22model_selection_logic%22%3A2%7D&sp_atk=711d79ea-cb98-4659-b6db-f57d5f55fad5&xptdk=711d79ea-cb98-4659-b6db-f57d5f55fad5,Kaos T-shirt baju BOGOR STREET CULTURE DTF / kaos distro bogor street culture Ready,kaos shirt baju street culture dtf kaos distro street culture ready,Pakaian & Fashion,Atasan & Pakaian Kasual,shopee,Jakarta Barat,Jakarta,Street Culture Shop,34157.0,543.5,4.6,0.7816804889090321,1.0,0.8999999999999999,16.736752582459882,28.979392534915867,3,1,1,3,False,True,False,False,False,False,True,False,False,0,0,0,1,0,1
https://www.tokopedia.com/streets-treats/manisan-anggur-bogor-asli-segar-200gr-400gr-1734589101488506398-1734589054288561694?extParam=ivf%3Dfalse%26keyword%3Doleh-olehkhasbogor%26search_id%3D20260701035234F61D6947467CCD2EDKYW%26src%3Dsearch,MANISAN ANGGUR BOGOR ASLI SEGAR 200gr 400gr,manisan anggur asli segar 200gr 400gr,Makanan,Camilan & Snack,tokopedia,Jakarta Barat,Jakarta,Streets Treats,12500.0,25.0,4.8,0.595581763987012,0.457477635578216,0.95,12.652362948153474,15.638863382503114,1,2,2,3,False,False,True,False,False,False,True,False,False,0,1,0,0,0,0
https://www.tokopedia.com/streets-treats/200-gram-manisan-basah-buah-pepaya-kedondong-bangkok-anggur-bogor-salak-mangga-kedondong-lokal-mix-fruit-kualitas-premium-200-gram-1734505113988335134-1734974962796234270?extParam=ivf%3Dfalse%26keyword%3Doleh-olehkhasbogor%26search_id%3D20260701035234F61D6947467CCD2EDKYW%26src%3Dsearch,[COD] 200 400 1000 GRAM - Manisan Basah Buah PEPAYA - KEDONDONG BANGKOK - ANGGUR BOGOR - SALAK - MANGGA - KEDONDONG LOKAL - MIX FRUIT Kualitas Premium 200 gram,cod gram manisan basah buah pepaya kedondong bangkok anggur salak mangga kedondong lokal mix fruit kualitas premium gram,Makanan,Camilan & Snack,tokopedia,Jakarta Barat,Jakarta,Streets Treats,12500.0,543.5,4.7,0.595581763987012,1.0,0.925,15.731513777045759,29.60937932915317,1,2,2,3,False,False,True,False,False,False,True,False,False,0,1,0,0,0,0
https://www.tokopedia.com/stylezone88887/baju-kaos-bogor-rain-city-sablon-keren-gratis-ongkir-casual-depan-belakang-pria-wanita-oblong-1729784860418803527?extParam=ivf%3Dfalse%26keyword%3Dbaju+khas+bogor%26search_id%3D2026070104595440008B9A5380FC1AC4ZX%26src%3Dsearch,Baju Kaos Bogor Rain City Sablon Keren Gratis Ongkir Casual Depan Belakang Pria Wanita - Oblong,baju kaos rain city sablon keren gratis ongkir casual depan belakang pria wanita oblong,Pakaian & Fashion,Atasan & Pakaian Kasual,tokopedia,Jakarta Barat,Jakarta,stylezone88887,35000.0,40.0,4.4,0.786194123540094,0.5387150554591977,0.8500000000000001,14.151983508870947,16.339717093498955,3,1,2,3,False,False,True,False,False,False,True,False,False,0,0,0,1,0,1
https://www.tokopedia.com/larissnackid/1kg-kacang-bogor-asli-kacang-bogor-bulat-kacang-bogor-super-premium?extParam=ivf%3Dfalse%26keyword%3Doleh-olehkhasbogor%26search_id%3D20260701035234F61D6947467CCD2EDKYW%26src%3Dsearch,1KG KACANG BOGOR ASLI / KACANG BOGOR BULAT /KACANG BOGOR SUPER PREMIUM Snacks Food Cemilan Asin,1kg kacang asli kacang bulat kacang super premium snacks food cemilan asin,Makanan,Camilan & Snack,tokopedia,Jakarta Pusat,Jakarta,Sukasnackid,111075.75,100.0,4.9,1.0000000000000002,0.6995128708733925,0.9750000000000001,16.223137955992517,22.614090532522173,1,2,2,3,False,False,True,False,False,False,True,False,False,0,1,0,0,0,2
https://www.tokopedia.com/larissnackid/kacang-bogor-asli-500gr-kacang-bogor-bulat-kacang-bogor-super?extParam=ivf%3Dfalse%26keyword%3Doleh-olehkhasbogor%26search_id%3D20260701035234F61D6947467CCD2EDKYW%26src%3Dsearch,KACANG BOGOR ASLI 500GR / KACANG BOGOR BULAT /KACANG BOGOR SUPER,kacang asli 500gr kacang bulat kacang super,Makanan,Camilan & Snack,tokopedia,Jakarta Pusat,Jakarta,Sukasnackid,111075.75,250.0,4.7,1.0000000000000002,0.8618773725069901,0.925,17.139428633849484,25.969628813919382,1,2,2,3,False,False,True,False,False,False,True,False,False,0,1,0,0,0,2
https://www.tokopedia.com/larissnackid/kacang-bogor-asli-250gr-kacang-bogor-bulat-kacang-bogor-super?extParam=ivf%3Dfalse%26keyword%3Doleh-olehkhasbogor%26search_id%3D20260701035234F61D6947467CCD2EDKYW%26src%3Dsearch,KACANG BOGOR ASLI 250GR / KACANG BOGOR BULAT /KACANG BOGOR SUPER,kacang asli 250gr kacang bulat kacang super,Makanan,Camilan & Snack,tokopedia,Jakarta Pusat,Jakarta,Sukasnackid,79999.0,250.0,4.8,0.9392386128336792,0.8618773725069901,0.95,16.81123038144076,26.52217410783256,1,2,2,3,False,False,True,False,False,False,True,False,False,0,1,0,0,0,2
https://shopee.co.id/Bumbu-Soto-Kuning-Bogor-Spesial-Khas-Narasa-i.39749360.50462375452?extraParams=%7B%22display_model_id%22%3A421072089433%2C%22model_selection_logic%22%3A2%7D&sp_atk=95ea4ab7-ac8f-4893-9e45-639288b87180&xptdk=95ea4ab7-ac8f-4893-9e45-639288b87180,Bumbu Soto Kuning Bogor Spesial Khas Narasa,bumbu soto kuning spesial narasa,Makanan,Lauk & Bahan Makanan,shopee,Jakarta Selatan,Jakarta,Sumpia Udang Bogor,33500.0,97.0,4.9,0.7780848218887058,0.6941348541231992,0.9750000000000001,14.994012004056145,22.466340645485808,1,5,1,3,False,True,False,False,False,False,True,False,False,0,1,0,0,0,1
https://shopee.co.id/Rengginang-(isi-30-Pcs)-Terasi-Bawang-Ketan-Item-Asli-Bogor-Duo-Bocil-Snack-i.117001253.1789022367?extraParams=%7B%22display_model_id%22%3A257254946084%2C%22model_selection_logic%22%3A2%7D&sp_atk=1e994a40-bdf0-47b0-b7ec-5165df4f63d6&xptdk=1e994a40-bdf0-47b0-b7ec-5165df4f63d6,"Rengginang (isi 30 Pcs) Terasi, Bawang, Ketan Item Asli Bogor - Duo Bocil Snack",rengginang isi pcs terasi bawang ketan item asli duo bocil snack,Makanan,Camilan & Snack,shopee,Depok,Depok,Talas Keju Bogor,28000.0,543.5,4.7,0.7448830515980944,1.0,0.925,16.537989561430262,29.60937932915317,1,2,1,2,False,True,False,False,False,True,False,False,False,0,1,0,0,0,0
https://shopee.co.id/KERIPIK-STIK-TALAS-KERIPIK-TALAS-BOGOR-KERIPIK-TALES-ASIN-i.1009352648.22587146371?extraParams=%7B%22display_model_id%22%3A214774271877%2C%22model_selection_logic%22%3A2%7D&sp_atk=4671194c-ed39-4b97-b4ed-e961056d507d&xptdk=4671194c-ed39-4b97-b4ed-e961056d507d,KERIPIK STIK TALAS KERIPIK TALAS BOGOR  KERIPIK TALES ASIN,keripik stik talas keripik talas keripik tales asin,Makanan,Kue & Roti,shopee,Jakarta Barat,Jakarta,Talas Snack Bogor,14599.0,543.5,4.7,0.6243175978383837,1.0,0.925,15.886738144792226,29.60937932915317,1,4,1,3,False,True,False,False,False,False,True,False,False,0,1,0,0,0,0
https://www.tokopedia.com/tamsnack/opak-singkong-mentah-isi-40-pcs-asli-bogor-tam-snack-1730746112855476161?extParam=ivf%3Dfalse%26keyword%3Doleh-olehkhasbogor%26search_id%3D20260701035234F61D6947467CCD2EDKYW%26src%3Dsearch,Opak Singkong Enye Mentah (isi 40 pcs) Asli Bogor - Tam Snack,opak singkong enye mentah isi pcs asli tam snack,Makanan,Camilan & Snack,tokopedia,Depok,Depok,TAM SNACK,18000.0,500.0,4.9,0.6630866065605672,0.9851496365120874,0.9750000000000001,16.012735246411598,30.461369895315837,1,2,2,2,False,False,True,False,False,True,False,False,False,0,1,0,0,0,0
https://shopee.co.id/BATIK-TRADISIKU-Kain-Batik-Bogor-Taman-Kijang-i.31828090.3418196720?extraParams=%7B%22display_model_id%22%3A40152161160%2C%22model_selection_logic%22%3A3%7D&sp_atk=3b2d91cc-5e04-4065-b9e1-f3999f930f28&xptdk=3b2d91cc-5e04-4065-b9e1-f3999f930f28,BATIK TRADISIKU Kain Batik Bogor Taman Kijang,batik tradisiku kain batik taman kijang,Pakaian & Fashion,Pakaian Tradisional,shopee,Bogor,Bogor,Taman Kijang Batik,111075.75,25.0,5.0,1.0000000000000002,0.457477635578216,1.0,14.836843864958519,16.29048269010741,3,8,1,1,False,True,False,False,True,False,False,False,False,1,0,0,1,0,2
https://www.tokopedia.com/tatasnacks/asinan-buah-sayur-gedung-dalam-bogor-buah-biasa?extParam=ivf%3Dfalse%26keyword%3Doleh-olehkhasbogor%26search_id%3D20260701035234F61D6947467CCD2EDKYW%26src%3Dsearch,Asinan Buah / Sayur Gedung Dalam Bogor,asinan buah sayur gedung dalam,Makanan,Makanan Tradisional,tokopedia,Jakarta Utara,Jakarta,Tatasnacks,57500.0,30.0,5.0,0.8781014827809266,0.488849033216144,1.0,14.360738188157574,17.16993602242573,1,6,2,3,False,False,True,False,False,False,True,False,False,0,1,0,0,0,1
https://shopee.co.id/Donat-cokelat-Pastry-Bogor-(isi-10)-i.70851082.1189809389?extraParams=%7B%22display_model_id%22%3A42698016852%2C%22model_selection_logic%22%3A3%7D&sp_atk=96dba148-6665-47a7-9265-96f484dab7be&xptdk=96dba148-6665-47a7-9265-96f484dab7be,Donat cokelat Pastry Bogor (isi 10),donat cokelat pastry isi,Makanan,Kue & Roti,shopee,Bogor,Bogor,Tauco Segar Bogor,55000.0,278.0,5.0,0.8698719100459005,0.8807402421205256,1.0,16.542709643307468,28.156058909106825,1,4,1,1,False,True,False,False,True,False,False,False,False,1,1,0,0,0,1
https://www.tokopedia.com/tokoabyd/bet-badge-logo-dan-lokasi-seragam-pns-pemerintah-kabupaten-bogor-dinaspendidikan?extParam=ivf%3Dfalse%26keyword%3Dbajukhasbogor%26search_id%3D2026070104595440008B9A5380FC1AC4ZX%26src%3Dsearch,Bet / badge Logo dan lokasi Seragam PNS Pemerintah Kabupaten Bogor,bet badge logo lokasi seragam pns pemerintah kabupaten,Aksesoris & Souvenir,Aksesoris & Souvenir,tokopedia,Kab. Bogor,Bogor,teeskashop,20000.0,100.0,5.0,0.6825918337619945,0.6995128708733925,1.0,14.508658238524095,23.075602584206298,0,0,2,1,False,False,True,False,True,False,False,False,False,1,0,0,0,1,0
https://www.tokopedia.com/tokoabyd/seragam-pns-pria-pemkab-bogor-batik-motif-kampung-urug-batik-galeri-m?extParam=ivf%3Dfalse%26keyword%3Dbatik+khas+bogor%26search_id%3D2026070104552658238E9AE2DD3002CM1D%26src%3Dsearch,Seragam PNS Pria Pemkab Bogor Batik Motif Kampung Urug (Batik Galeri),seragam pns pria pemkab batik motif kampung urug batik galeri,Pakaian & Fashion,Pakaian Tradisional,tokopedia,Kab. Bogor,Bogor,teeskashop,111075.75,8.0,5.0,1.0000000000000002,0.2682632969739506,1.0,13.697410347013124,10.986122886681098,3,8,2,1,False,False,True,False,True,False,False,False,False,1,0,0,1,0,2
https://shopee.co.id/Kopi-Robusta-Arabica-Kopi-Cap-Teko-250gr-Kopi-Premium-Toko-Agus-Kota-Bogor-i.1237711006.22590446179?extraParams=%7B%22display_model_id%22%3A256758035735%2C%22model_selection_logic%22%3A3%7D&sp_atk=4e0c63ef-8746-49a4-add1-98b6edbf2aa1&xptdk=4e0c63ef-8746-49a4-add1-98b6edbf2aa1,Kopi Robusta Arabica Kopi Cap Teko 250gr Kopi Premium Toko Agus Kota Bogor,kopi robusta arabica kopi cap teko 250gr kopi premium toko agus kota,Minuman,Kopi,shopee,Bogor,Bogor,Teko Arabica,15840.0,133.0,5.0,0.6394211693779077,0.7499379402000531,1.0,14.560643268261586,24.489198999754556,2,3,1,1,False,True,False,False,True,False,False,False,False,1,0,1,0,0,0
https://shopee.co.id/KOPI-CAP-PIALA-MINI-ISI-30-SACHET-x-8-GRAM-TANPA-GULA-KOPI-KHAS-BOGOR-i.31327909.21027095405?extraParams=%7B%22display_model_id%22%3A191405814930%2C%22model_selection_logic%22%3A2%7D&sp_atk=d6cc1d31-b8f0-4e22-a1aa-1528bb49ded8&xptdk=d6cc1d31-b8f0-4e22-a1aa-1528bb49ded8,KOPI CAP PIALA MINI ISI 30 SACHET x 8 GRAM TANPA GULA KOPI KHAS BOGOR,kopi cap piala mini isi sachet gram tanpa gula kopi,Minuman,Kopi,shopee,Bogor,Bogor,Teko Lokal Coffee,34900.0,180.0,5.0,0.7856644153163139,0.803562374889697,1.0,15.65319911826569,25.99248515632913,2,3,1,1,False,True,False,False,True,False,False,False,False,1,0,1,0,0,1
https://www.tokopedia.com/tens-store/manisan-anggur-bogor-tersedia-varian-pedas-dan-manis-1733336186757154425?extParam=ivf%3Dfalse%26keyword%3Dminumankhasbogor%26search_id%3D202607010437141543843A4723ED1DFNTT%26src%3Dsearch,MANISAN ANGGUR BOGOR TERSEDIA VARIAN PEDAS DAN MANIS,manisan anggur tersedia varian pedas manis,Makanan,Camilan & Snack,tokopedia,Jakarta Barat,Jakarta,Tens Online_NEW,19999.0,500.0,4.9,0.6825825770836593,0.9851496365120874,0.9750000000000001,16.118045749713275,30.461369895315837,1,2,2,3,False,False,True,False,False,False,True,False,False,0,1,0,0,0,0
https://www.tokopedia.com/tens-store/manisan-anggur-bogor-asem-manis-pedas-ready-stok-siap-kirim-1729722359159818873?extParam=ivf%3Dfalse%26keyword%3Doleh-olehkhasbogor%26search_id%3D20260701035234F61D6947467CCD2EDKYW%26src%3Dsearch,Manisan Anggur Bogor Asem Manis / Pedas READY STOK SIAP KIRIM,manisan anggur asem manis pedas ready stok siap kirim,Makanan,Camilan & Snack,tokopedia,Jakarta Barat,Jakarta,Tens Online_NEW,19999.0,543.5,4.7,0.6825825770836593,1.0,0.925,16.201467349848265,29.60937932915317,1,2,2,3,False,False,True,False,False,False,True,False,False,0,1,0,0,0,0
https://shopee.co.id/Tshirt-From-Bogor-With-Love-PERSIJA-Kaos-The-Jak-Bogor-Pria-Wanita-i.18264133.53457143667?extraParams=%7B%22display_model_id%22%3A315637931573%2C%22model_selection_logic%22%3A2%7D&sp_atk=3e523898-cf3f-4b51-a061-d532f3345d71&xptdk=3e523898-cf3f-4b51-a061-d532f3345d71,Tshirt From Bogor With Love PERSIJA Kaos The Jak Bogor Pria Wanita,tshirt from with love persija kaos the jak pria wanita,Pakaian & Fashion,Atasan & Pakaian Kasual,shopee,Jakarta Barat,Jakarta,The Jak Bogor,31250.0,6.0,5.0,0.7652132900414574,0.2234395151311685,1.0,12.141539457711714,9.729550745276565,3,1,1,3,False,True,False,False,False,False,True,False,False,0,0,0,1,0,1
https://shopee.co.id/Kopi-Bubuk-Arabica-250gr-Kopi-Cap-Teko-Premium-Toko-Agus-Kopi-Lokal-Bogor-i.212473665.7994825774?extraParams=%7B%22display_model_id%22%3A56479721386%2C%22model_selection_logic%22%3A3%7D&sp_atk=4e6b917b-c872-483f-938a-1d6772fece46&xptdk=4e6b917b-c872-483f-938a-1d6772fece46,Kopi Bubuk Arabica 250gr Kopi Cap Teko Premium Toko Agus Kopi Lokal Bogor,kopi bubuk arabica 250gr kopi cap teko premium toko agus kopi lokal,Minuman,Kopi,shopee,Bogor,Bogor,Toko Agus Arabica,111075.75,66.0,4.9,1.0000000000000002,0.6263100282696221,0.9750000000000001,15.807622558409241,20.602993835015734,2,3,1,1,False,True,False,False,True,False,False,False,False,1,0,1,0,0,2
https://shopee.co.id/Kopi-Cap-Teko-Agus-Khas-Bogor-Kopi-Hitam-Tanpa-Gula-Kopi-Mini-Spesial-8gr-Kopi-Bogor-i.212473665.11318446583?extraParams=%7B%22display_model_id%22%3A69690135187%2C%22model_selection_logic%22%3A3%7D&sp_atk=c4ff0466-97f5-4275-8345-5608d86630a0&xptdk=c4ff0466-97f5-4275-8345-5608d86630a0,Kopi Cap Teko Agus Khas Bogor Kopi Hitam Tanpa Gula Kopi Mini Spesial 8gr Kopi Bogor,kopi cap teko agus kopi hitam tanpa gula kopi mini spesial 8gr kopi,Minuman,Kopi,shopee,Bogor,Bogor,Toko Agus Coffee,7999.0,543.5,4.9,0.5129421648934764,1.0,0.9750000000000001,15.285101749429613,30.869352917627776,2,3,1,1,False,True,False,False,True,False,False,False,False,1,0,1,0,0,0
https://shopee.co.id/Kopi-Cap-Teko-Toko-Agus-500-Gram-ASLI-BOGOR-i.205599529.29951620386?extraParams=%7B%22display_model_id%22%3A198139342784%2C%22model_selection_logic%22%3A3%7D&sp_atk=f78d9b98-bbfa-4671-9c57-8180f44a84e3&xptdk=f78d9b98-bbfa-4671-9c57-8180f44a84e3,Kopi Cap Teko Toko Agus 500 Gram ASLI BOGOR,kopi cap teko toko agus gram asli,Minuman,Kopi,shopee,Bogor,Bogor,Toko Agus Original,111075.75,388.0,5.0,1.0000000000000002,0.9400204481298581,1.0,17.57897304280231,29.81789671809223,2,3,1,1,False,True,False,False,True,False,False,False,False,1,0,1,0,0,2
https://shopee.co.id/Kopi-Cap-Teko-Kopi-Plus-Gula-20-sachet-Kopi-Khas-Kota-Bogor-Toko-Agus-i.1830942511.56061105585?extraParams=%7B%22display_model_id%22%3A410967249640%2C%22model_selection_logic%22%3A2%7D&sp_atk=508e4627-e081-4c99-91ee-9f365217b90f&xptdk=508e4627-e081-4c99-91ee-9f365217b90f,Kopi Cap Teko Kopi Plus Gula 20 sachet Kopi Khas Kota Bogor Toko Agus,kopi cap teko kopi plus gula sachet kopi kota toko agus,Minuman,Kopi,shopee,Bogor,Bogor,Toko Agus Premium,29000.0,224.0,4.9,0.7513795672132577,0.8423735410210074,0.9750000000000001,15.686697314764526,26.53889197080166,2,3,1,1,False,True,False,False,True,False,False,False,False,1,0,1,0,0,0
https://www.tokopedia.com/titipa/lapis-talas-bogor-pamidjhan-original-keju-kue-1733030852306634041?extParam=ivf%3Dfalse%26keyword%3Doleh-olehkhasbogor%26search_id%3D20260701035234F61D6947467CCD2EDKYW%26src%3Dsearch,LAPIS TALAS BOGOR PAMIDJHAN ORIGINAL KEJU Kue,lapis talas pamidjhan original keju kue,Makanan,Kue & Roti,tokopedia,Jakarta Timur,Jakarta,TOKO KUE AND LAPIS TALAS BOGOR,40000.0,30.0,5.0,0.8109152233556896,0.488849033216144,1.0,13.997832948091215,17.16993602242573,1,4,2,3,False,False,True,False,False,False,True,False,False,0,1,0,0,0,1
https://www.tokopedia.com/titipa/lapis-talas-bogor-sangkuriang-coco-pandan-keju?extParam=ivf%3Dfalse%26keyword%3Doleh-olehkhasbogor%26search_id%3D20260701035234F61D6947467CCD2EDKYW%26src%3Dsearch,Lapis talas Bogor sangkuriang coco pandan keju,lapis talas sangkuriang coco pandan keju,Makanan,Kue & Roti,tokopedia,Jakarta Timur,Jakarta,TOKO KUE AND LAPIS TALAS BOGOR,47000.0,50.0,5.0,0.8407714277834921,0.5776421886787662,1.0,14.669926311652166,19.659128163621627,1,4,2,3,False,False,True,False,False,False,True,False,False,0,1,0,0,0,1
https://www.tokopedia.com/titipa/lapis-talas-bogor-sangkuriang-original?extParam=ivf%3Dfalse%26keyword%3Doleh-olehkhasbogor%26search_id%3D20260701035234F61D6947467CCD2EDKYW%26src%3Dsearch,LAPIS TALAS BOGOR SANGKURIANG ORIGINAL,lapis talas sangkuriang original,Makanan,Kue & Roti,tokopedia,Jakarta Timur,Jakarta,TOKO KUE AND LAPIS TALAS BOGOR,47000.0,500.0,4.9,0.8407714277834921,0.9851496365120874,0.9750000000000001,16.97251102166758,30.461369895315837,1,4,2,3,False,False,True,False,False,False,True,False,False,0,1,0,0,0,1
https://www.tokopedia.com/tokokuemeisya/stik-talas-kuning-kilogram-murah-camilan-snack-food-camilan-makanan-recommended-1732470459155186771?extParam=ivf%3Dfalse%26keyword%3Doleh-olehkhasbogor%26search_id%3D20260701035234F61D6947467CCD2EDKYW%26src%3Dsearch,Keripik Stik Talas Bogor Renyah 250gr,keripik stik talas renyah 250gr,Makanan,Camilan & Snack,tokopedia,Jakarta Pusat,Jakarta,toko kue meisya,26400.0,543.5,4.9,0.7339898283485011,1.0,0.9750000000000001,16.47914906538985,30.869352917627776,1,2,2,3,False,False,True,False,False,False,True,False,False,0,1,0,0,0,0
https://www.tokopedia.com/sumbermaskripik/ketipik-talas-kuning-snack-kripik-talas-keladi-stick-stik-250-gram?extParam=ivf%3Dfalse%26keyword%3Doleh-olehkhasbogor%26search_id%3D20260701035234F61D6947467CCD2EDKYW%26src%3Dsearch,KERIPIK TALAS 500gr / KERIPIK TALAS BOGOR / KERIPIK TALES ASIN / Stick Talas Kunyit,keripik talas 500gr keripik talas keripik tales asin stick talas kunyit,Makanan,Kue & Roti,tokopedia,Jakarta Timur,Jakarta,Toko Kue Sumber Mas,57652.0,543.5,4.9,0.8785902373527679,1.0,0.9750000000000001,17.26020995567861,30.869352917627776,1,4,2,3,False,False,True,False,False,False,True,False,False,0,1,0,0,0,1
https://www.tokopedia.com/toko-soviazki/lapis-talas-golden-france-oleh2-khas-bogor-1730972905765373211?extParam=ivf%3Dfalse%26keyword%3Doleh-olehkhasbogor%26search_id%3D20260701035234F61D6947467CCD2EDKYW%26src%3Dsearch,"Lapis Talas Golden France, Oleh2 khas Bogor",lapis talas golden france oleh2,Makanan,Kue & Roti,tokopedia,Bogor,Bogor,Toko Soviazki,47000.0,100.0,4.9,0.8407714277834921,0.6995128708733925,0.9750000000000001,15.363073279446223,22.614090532522173,1,4,2,1,False,False,True,False,True,False,False,False,False,1,1,0,0,0,1
https://www.tokopedia.com/toko-soviazki/kue-lapis-pandan-cream-keju-yasmin-keik-bogor-1730230598207636763?extParam=ivf%3Dfalse%26keyword%3Doleh-olehkhasbogor%26search_id%3D20260701035234F61D6947467CCD2EDKYW%26src%3Dsearch,kue lapis pandan cream keju yasmin keik Bogor,kue lapis pandan cream keju yasmin keik,Makanan,Kue & Roti,tokopedia,Bogor,Bogor,Toko Soviazki,47500.0,100.0,4.8,0.8427305389407478,0.6995128708733925,0.95,15.373655386537118,22.152578480838045,1,4,2,1,False,False,True,False,True,False,False,False,False,1,1,0,0,0,1
https://www.tokopedia.com/toko-soviazki/talas-roll-cheese-khusus-area-pulau-jawa-oleh-oleh-bogor-1730241012317914395?extParam=ivf%3Dfalse%26keyword%3Doleh-olehkhasbogor%26search_id%3D20260701035234F61D6947467CCD2EDKYW%26src%3Dsearch,Talas Roll Cheese (khusus area pulau Jawa) Oleh-oleh Bogor,talas roll cheese khusus area pulau jawa,Makanan,Kue & Roti,tokopedia,Bogor,Bogor,Toko Soviazki,61500.0,100.0,4.8,0.890552229284806,0.6995128708733925,0.95,15.631962802384313,22.152578480838045,1,4,2,1,False,False,True,False,True,False,False,False,False,1,1,0,0,0,1
https://www.tokopedia.com/toko-soviazki/ke-ik-lapis-talas-original-kue-camilan-enak-lembut-1730305989042930971?extParam=ivf%3Dfalse%26keyword%3Doleh-olehkhasbogor%26search_id%3D20260701035234F61D6947467CCD2EDKYW%26src%3Dsearch,"Keripik Lapis Talas Original, Kue Camilan Enak Lembut",keripik lapis talas original kue camilan enak lembut,Makanan,Kue & Roti,tokopedia,Bogor,Bogor,Toko Soviazki,39000.0,100.0,4.9,0.8062280487595634,0.6995128708733925,0.9750000000000001,15.176487367510099,22.614090532522173,1,4,2,1,False,False,True,False,True,False,False,False,False,1,1,0,0,0,1
https://www.tokopedia.com/toko-soviazki/bolu-talas-bogor-rasa-original-kue-camilan-sna-snack-food-1730052160079693083?extParam=ivf%3Dfalse%26keyword%3Doleh-olehkhasbogor%26search_id%3D20260701035234F61D6947467CCD2EDKYW%26src%3Dsearch,"Bolu Talas Bogor, Rasa Original, Kue Camilan Sna Snack  Food",bolu talas rasa original kue camilan sna snack food,Makanan,Kue & Roti,tokopedia,Bogor,Bogor,Toko Soviazki,38500.0,250.0,4.8,0.8038391973284382,0.8618773725069901,0.95,16.079874542034222,26.52217410783256,1,4,2,1,False,False,True,False,True,False,False,False,False,1,1,0,0,0,1
https://www.tokopedia.com/toko-soviazki/cake-tape-blueberry-kue-camilan-lembut-khas-bogor-1731449436287698203?extParam=ivf%3Dfalse%26keyword%3Doleh-olehkhasbogor%26search_id%3D20260701035234F61D6947467CCD2EDKYW%26src%3Dsearch,"Cake Tape Blueberry,  Kue Camilan Lembut Khas Bogor",cake tape blueberry kue camilan lembut,Makanan,Kue & Roti,tokopedia,Bogor,Bogor,Toko Soviazki,48500.0,26.0,5.0,0.8465876438221518,0.4642089014261414,1.0,14.047416407968154,16.479184330021646,1,4,2,1,False,False,True,False,True,False,False,False,False,1,1,0,0,0,1
https://www.tokopedia.com/toko-soviazki/bolu-dan-aneka-kue-oleh2-bogor-camilan-lembut-enak-food-1730350075022443803?extParam=ivf%3Dfalse%26keyword%3Doleh-olehkhasbogor%26search_id%3D20260701035234F61D6947467CCD2EDKYW%26src%3Dsearch,"Bolu dan Aneka Kue Oleh2 Bogor, Camilan Lembut Enak - Food",bolu aneka kue oleh2 camilan lembut enak food,Makanan,Kue & Roti,tokopedia,Bogor,Bogor,Toko Soviazki,39800.0,543.5,4.8,0.809987233668124,1.0,0.95,16.8896519440631,30.23936612339047,1,4,2,1,False,False,True,False,True,False,False,False,False,1,1,0,0,0,1
https://www.tokopedia.com/toko-soviazki/paket-bundling-3-kue-lapis-black-forest-lapis-talas-pandan-keju-1732291201645380891?extParam=ivf%3Dfalse%26keyword%3Doleh-olehkhasbogor%26search_id%3D20260701035234F61D6947467CCD2EDKYW%26src%3Dsearch,"Paket Bundling 3 Kue (Lapis Black Forest, Lapis Talas, Pandan Keju)",paket bundling kue lapis black forest lapis talas pandan keju,Makanan,Kue & Roti,tokopedia,Bogor,Bogor,Toko Soviazki,111075.75,40.0,5.0,1.0000000000000002,0.5387150554591977,1.0,15.306847359161317,18.56786033352154,1,4,2,1,False,False,True,False,True,False,False,False,False,1,1,0,0,0,2
https://www.tokopedia.com/toko-soviazki/lapis-tala-golden-france-oleh2-khas-bogor-1730972858550355227?extParam=ivf%3Dfalse%26keyword%3Doleh-olehkhasbogor%26search_id%3D20260701035234F61D6947467CCD2EDKYW%26src%3Dsearch,"Lapis Tala Golden France, Oleh2 khas Bogor",lapis tala golden france oleh2,Makanan,Kue & Roti,tokopedia,Bogor,Bogor,Toko Soviazki,47000.0,36.5,4.9,0.8407714277834921,0.5228000246383855,0.9750000000000001,14.355215724200903,17.759270571584192,1,4,2,1,False,False,True,False,True,False,False,False,False,1,1,0,0,0,1
https://shopee.co.id/BATIK-TRADISIKU-Totopong-Batik-Bogor-i.31828090.5918104379?extraParams=%7B%22display_model_id%22%3A50152161490%2C%22model_selection_logic%22%3A3%7D&sp_atk=b3e139d2-3b8b-4e1c-81e2-1d5eb8e045b3&xptdk=b3e139d2-3b8b-4e1c-81e2-1d5eb8e045b3,BATIK TRADISIKU Totopong Batik Bogor,batik tradisiku totopong batik,Pakaian & Fashion,Pakaian Tradisional,shopee,Bogor,Bogor,Totopong Bogor,60000.0,85.0,4.8,0.8859807588182942,0.6708377812055129,0.95,15.444751293772967,21.380867022016833,3,8,1,1,False,True,False,False,True,False,False,False,False,1,0,0,1,0,1
https://shopee.co.id/BATIK-TRADISIKU-Kotak-Batik-Bogor-i.31828090.2024705230?extraParams=%7B%22display_model_id%22%3A3590432349%2C%22model_selection_logic%22%3A2%7D&sp_atk=69ef558e-7cf4-4aac-a05b-2d3154017626&xptdk=69ef558e-7cf4-4aac-a05b-2d3154017626,BATIK TRADISIKU Kotak Batik Bogor,batik tradisiku kotak batik,Pakaian & Fashion,Pakaian Tradisional,shopee,Bogor,Bogor,Tradisiku Batik,50000.0,39.0,5.0,0.8522266920007155,0.5343109458843904,1.0,14.48334044336031,18.44439727056968,3,8,1,1,False,True,False,False,True,False,False,False,False,1,0,0,1,0,1
https://www.tokopedia.com/trijaya09/kopi-liong-bulan-khas-bogor?extParam=ivf%3Dfalse%26keyword%3Doleh-olehkhasbogor%26search_id%3D20260701035234F61D6947467CCD2EDKYW%26src%3Dsearch,Kopi Liong Bulan Khas Bogor,kopi liong bulan,Minuman,Kopi,tokopedia,Depok,Depok,TriMedia Shop,72000.0,543.5,4.5,0.9197349284869689,1.0,0.875,17.48245113011399,28.349405740678566,2,3,2,2,False,False,True,False,False,True,False,False,False,0,0,1,0,0,1
https://www.tokopedia.com/trijaya09/kopi-liong-bulan-khas-bogor?extParam=ivf%3Dfalse%26keyword%3Daksesoriskhasbogor%26search_id%3D20260701045100357A6FDF7642BF120N2E%26src%3Dsearch,Kopi Liong Bulan Khas Bogor,kopi liong bulan,Minuman,Kopi,tokopedia,Depok,Depok,TriMedia Shop,72000.0,543.5,4.5,0.9197349284869689,1.0,0.875,17.48245113011399,28.349405740678566,2,3,2,2,False,False,True,False,False,True,False,False,False,0,0,1,0,0,1
https://shopee.co.id/Bolu-lapis-khas-Bogor-enak-murah-harum-i.321621702.48055714630?extraParams=%7B%22display_model_id%22%3A330516289674%2C%22model_selection_logic%22%3A2%7D&sp_atk=d6dddeb2-01cd-474e-b409-079ff048ef3f&xptdk=d6dddeb2-01cd-474e-b409-079ff048ef3f,Bolu lapis khas Bogor/enak/murah/harum,bolu lapis enak murah harum,Makanan,Kue & Roti,shopee,Bogor,Bogor,Triple Pack Bogor,27000.0,36.5,4.9,0.7381502564829485,0.5228000246383855,0.9750000000000001,13.80090542028774,17.759270571584192,1,4,1,1,False,True,False,False,True,False,False,False,False,1,1,0,0,0,0
https://shopee.co.id/Kaos-Truck-Pribumi-Bogor-Baju-Combed-Keren-Pria-Dewasa-Distro-Simple-i.1818541085.50962566075?extraParams=%7B%22display_model_id%22%3A356090957729%2C%22model_selection_logic%22%3A2%7D&sp_atk=9b14d50b-dc00-4afc-95a9-53cb90de484a&xptdk=9b14d50b-dc00-4afc-95a9-53cb90de484a,Kaos Truck Pribumi Bogor Baju Combed Keren Pria Dewasa Distro Simple,kaos truck pribumi baju combed keren pria dewasa distro simple,Pakaian & Fashion,Atasan & Pakaian Kasual,shopee,Bogor,Bogor,Truck Pribumi Store,42500.0,11.0,5.0,0.8221388841556172,0.3195735163826218,1.0,13.055156766746023,12.424533248940001,3,1,1,1,False,True,False,False,True,False,False,False,False,1,0,0,1,0,1
https://shopee.co.id/gantungan-kunci-tugu-kujang-bogor-i.279920477.14098230652?extraParams=%7B%22display_model_id%22%3A157037819354%2C%22model_selection_logic%22%3A2%7D&sp_atk=a3a3a534-655c-4831-bcd8-8c49120b4d81&xptdk=a3a3a534-655c-4831-bcd8-8c49120b4d81,gantungan kunci tugu kujang bogor,gantungan kunci tugu kujang,Aksesoris & Souvenir,Aksesoris & Souvenir,shopee,Bogor,Bogor,Tugu Kujang Shop,5900.0,72.0,5.0,0.4566009624151697,0.6416071734996068,1.0,12.95937610295606,21.452297205741957,0,0,1,1,False,True,False,False,True,False,False,False,False,1,0,0,0,1,0
https://www.tokopedia.com/barokah-taman/tshirt-buitenzorg-rain-city-kaos-persikabo-bogor-hitam-katun-sablon-digital-combed-tebal-distro-keren-panjang-1729582852488989625?extParam=ivf%3Dfalse%26keyword%3Dbaju+khas+bogor%26search_id%3D2026070104595440008B9A5380FC1AC4ZX%26src%3Dsearch,tshirt Buitenzorg rain city | kaos persikabo bogor Hitam Katun Sablon Digital Combed Tebal Distro Keren Panjang,tshirt buitenzorg rain city kaos persikabo hitam katun sablon digital combed tebal distro keren panjang,Pakaian & Fashion,Atasan & Pakaian Kasual,tokopedia,Kab. Bogor,Bogor,twenty five_NEW,73000.0,18.0,5.0,0.9222885640258636,0.4015344965884274,1.0,14.088587239061411,14.722194895832201,3,1,2,1,False,False,True,False,True,False,False,False,False,1,0,0,1,0,1
https://www.tokopedia.com/uandistore-132/manisan-pala-cincin-dari-fadi-snack-oleh-oleh-khas-bogor-1731791303343114223?extParam=ivf%3Dfalse%26keyword%3Doleh-olehkhasbogor%26search_id%3D20260701035234F61D6947467CCD2EDKYW%26src%3Dsearch,Manisan Pala Cincin dari Fadi snack oleh oleh khas Bogor,manisan pala cincin fadi snack,Makanan,Camilan & Snack,tokopedia,Bogor,Bogor,UandIstore,35999.0,1.0,4.8,0.7914043392659964,0.0,0.95,10.491274217438248,3.3271064666877375,1,2,2,1,False,False,True,False,True,False,False,False,False,1,1,0,0,0,1
https://www.tokopedia.com/uandistore-132/keripik-talas-oleh-oleh-khas-bogor-snack-1730742179639691247?extParam=ivf%3Dfalse%26keyword%3Doleh-olehkhasbogor%26search_id%3D20260701035234F61D6947467CCD2EDKYW%26src%3Dsearch,Keripik Talas Oleh oleh khas Bogor  Snack,keripik talas snack,Makanan,Camilan & Snack,tokopedia,Bogor,Bogor,UandIstore,35999.0,17.0,5.0,0.7914043392659964,0.3918912089043816,1.0,13.324461417361858,14.451858789480823,1,2,2,1,False,False,True,False,True,False,False,False,False,1,1,0,0,0,1
https://www.tokopedia.com/uandistore-132/sangkuriang-donat-kukus-lapis-bogor-lapis-bunder-dengan-tekstur-lembut-dan-isian-cokelat-atau-keju-1734888270790690799-1734888284376238063?extParam=ivf%3Dfalse%26keyword%3Doleh-olehkhasbogor%26search_id%3D20260701035234F61D6947467CCD2EDKYW%26src%3Dsearch,Sangkuriang Donat Kukus Lapis Bogor Lapis Bunder dengan Tekstur Lembut dan Isian Cokelat atau Keju,sangkuriang donat kukus lapis lapis bunder tekstur lembut isian cokelat keju,Makanan,Kue & Roti,tokopedia,Bogor,Bogor,UandIstore,40999.0,4.0,4.9,0.8154821406833712,0.1634272100930973,0.9750000000000001,12.007603413956096,7.886245770927092,1,4,2,1,False,False,True,False,True,False,False,False,False,1,1,0,0,0,1
https://shopee.co.id/Tshirt-Distro-Premium-Sablon-Ultras-Bogor-Motif-Keren-Viral-Kekinian-Baju-Kaos-Harian-Team-Ogah-Mundur-Pria-Wanita-Terlaris-Bisa-COD-i.1494589676.41113921239?extraParams=%7B%22display_model_id%22%3A248764642540%2C%22model_selection_logic%22%3A2%7D&sp_atk=b1f277c2-3150-4324-94ff-14143f3c130d&xptdk=b1f277c2-3150-4324-94ff-14143f3c130d,Tshirt Distro Premium Sablon Ultras Bogor Motif Keren Viral Kekinian - Baju Kaos Harian Team Ogah Mundur Pria Wanita Terlaris Bisa COD,tshirt distro premium sablon ultras motif keren viral kekinian baju kaos harian team ogah mundur pria wanita terlaris bisa cod,Pakaian & Fashion,Atasan & Pakaian Kasual,shopee,Bogor,Bogor,Ultras Bogor Distro,57500.0,2.0,5.0,0.8781014827809266,0.07231769252175978,1.0,11.652696102959753,5.493061443340547,3,1,1,1,False,True,False,False,True,False,False,False,False,1,0,0,1,0,1
https://shopee.co.id/KAOS-ULTRAS-PERSIKABO-BOGOR-BAJU-ULTRAS-UPCS-DISTRO-KEREN-MURAH-TERBARU-BAHAN-COMBED-i.1450251130.40713251553?extraParams=%7B%22display_model_id%22%3A266102584989%2C%22model_selection_logic%22%3A2%7D&sp_atk=a32f0d58-cb18-4993-bb1b-81bc07c1447e&xptdk=a32f0d58-cb18-4993-bb1b-81bc07c1447e,KAOS ULTRAS PERSIKABO BOGOR BAJU ULTRAS / UPCS DISTRO KEREN MURAH TERBARU BAHAN COMBED,kaos ultras persikabo baju ultras upcs distro keren murah terbaru bahan combed,Pakaian & Fashion,Atasan & Pakaian Kasual,shopee,Bogor,Bogor,Ultras Persikabo,47320.0,11.0,5.0,0.8420276447784607,0.3195735163826218,1.0,13.162585512044615,12.424533248940001,3,1,1,1,False,True,False,False,True,False,False,False,False,1,0,0,1,0,1
https://www.tokopedia.com/unchal-kaos-bogor/unchal-kaos-bogor-bogor-1482-hitam-1732009056476497692?extParam=ivf%3Dfalse%26keyword%3Dbaju+khas+bogor%26search_id%3D2026070104595440008B9A5380FC1AC4ZX%26src%3Dsearch,UNCHAL KAOS BOGOR / BOGOR 1482 HITAM,unchal kaos hitam,Pakaian & Fashion,Atasan & Pakaian Kasual,tokopedia,Bogor,Bogor,Unchal Kaos Bogor,110000.0,1.0,5.0,0.9981982448693605,0.0,1.0,11.608244735642321,3.4657359027997265,3,1,2,1,False,False,True,False,True,False,False,False,False,1,0,0,1,0,2
https://www.tokopedia.com/unchal-oo/unchal-kaos-bogor-bogor-1482-hitam-1732098219019961893?extParam=ivf%3Dfalse%26keyword%3Dbaju+khas+bogor%26search_id%3D2026070104595440008B9A5380FC1AC4ZX%26src%3Dsearch,UNCHAL KAOS BOGOR / BOGOR 1482 / HITAM,unchal kaos hitam,Pakaian & Fashion,Atasan & Pakaian Kasual,tokopedia,Bogor,Bogor,UNCHAL official,110000.0,1.0,5.0,0.9981982448693605,0.0,1.0,11.608244735642321,3.4657359027997265,3,1,2,1,False,False,True,False,True,False,False,False,False,1,0,0,1,0,2
https://www.tokopedia.com/unchal-oo/unchal-kaos-bogor-asli-bnd-air-hitam-1732394771262309925?extParam=ivf%3Dfalse%26keyword%3Dbaju+khas+bogor%26search_id%3D2026070104595440008B9A5380FC1AC4ZX%26src%3Dsearch,UNCHAL KAOS BOGOR  ASLI / BND AIR / HITAM,unchal kaos asli bnd air hitam,Pakaian & Fashion,Atasan & Pakaian Kasual,tokopedia,Bogor,Bogor,UNCHAL official,110000.0,1.0,5.0,0.9981982448693605,0.0,1.0,11.608244735642321,3.4657359027997265,3,1,2,1,False,False,True,False,True,False,False,False,False,1,0,0,1,0,2
https://www.tokopedia.com/unchal-oo/unchal-kaos-bogor-jajanan-bogor-biru-navy-1730990862458193445?extParam=ivf%3Dfalse%26keyword%3Dbaju+khas+bogor%26search_id%3D2026070104595440008B9A5380FC1AC4ZX%26src%3Dsearch,UNCHAL KAOS BOGOR / JAJANAN BOGOR / BIRU NAVY,unchal kaos jajanan biru navy,Pakaian & Fashion,Atasan & Pakaian Kasual,tokopedia,Bogor,Bogor,UNCHAL official,110000.0,1.0,5.0,0.9981982448693605,0.0,1.0,11.608244735642321,3.4657359027997265,3,1,2,1,False,False,True,False,True,False,False,False,False,1,0,0,1,0,2
https://www.tokopedia.com/unchal-oo/unchal-kaos-bogor-taman-bogor-hitam-1732098408581269029?extParam=ivf%3Dfalse%26keyword%3Dbaju+khas+bogor%26search_id%3D2026070104595440008B9A5380FC1AC4ZX%26src%3Dsearch,UNCHAL KAOS BOGOR / TAMAN BOGOR / HITAM,unchal kaos taman hitam,Pakaian & Fashion,Atasan & Pakaian Kasual,tokopedia,Bogor,Bogor,UNCHAL official,110000.0,1.0,5.0,0.9981982448693605,0.0,1.0,11.608244735642321,3.4657359027997265,3,1,2,1,False,False,True,False,True,False,False,False,False,1,0,0,1,0,2
https://www.tokopedia.com/unchal-oo/unchal-kaos-bogor-brc-emblem-hitam-1732098197052884517?extParam=ivf%3Dfalse%26keyword%3Dbaju+khas+bogor%26search_id%3D2026070104595440008B9A5380FC1AC4ZX%26src%3Dsearch,UNCHAL KAOS BOGOR / BRC EMBLEM / HITAM,unchal kaos brc emblem hitam,Pakaian & Fashion,Atasan & Pakaian Kasual,tokopedia,Bogor,Bogor,UNCHAL official,110000.0,1.0,5.0,0.9981982448693605,0.0,1.0,11.608244735642321,3.4657359027997265,3,1,2,1,False,False,True,False,True,False,False,False,False,1,0,0,1,0,2
https://www.tokopedia.com/unchal-oo/unchal-kaos-bogor-bukber-king-navy-biru-m-c2276?extParam=ivf%3Dfalse%26keyword%3Dbaju+khas+bogor%26search_id%3D2026070104595440008B9A5380FC1AC4ZX%26src%3Dsearch,UNCHAL KAOS BOGOR / BUKBER KING / NAVY,unchal kaos bukber king navy,Pakaian & Fashion,Atasan & Pakaian Kasual,tokopedia,Bogor,Bogor,UNCHAL official,90000.0,1.0,5.0,0.9610468085358066,0.0,1.0,11.407576060361786,3.4657359027997265,3,1,2,1,False,False,True,False,True,False,False,False,False,1,0,0,1,0,2
https://www.tokopedia.com/unchal-oo/kaos-unchal-bogor-buitenzorg-de-regen-stad-putih-xl-9b022?extParam=ivf%3Dfalse%26keyword%3Dbaju+khas+bogor%26search_id%3D2026070104595440008B9A5380FC1AC4ZX%26src%3Dsearch,KAOS UNCHAL BOGOR / BUITENZORG DE REGEN STAD / PUTIH,kaos unchal buitenzorg de regen stad putih,Pakaian & Fashion,Atasan & Pakaian Kasual,tokopedia,Bogor,Bogor,UNCHAL official,110000.0,4.0,5.0,0.9981982448693605,0.1634272100930973,1.0,12.994532278619134,8.047189562170502,3,1,2,1,False,False,True,False,True,False,False,False,False,1,0,0,1,0,2
https://www.tokopedia.com/unchal-oo/unchal-kaos-bogor-urang-sunda-asli-hitam-1733725403773175333?extParam=ivf%3Dfalse%26keyword%3Dbaju+khas+bogor%26search_id%3D2026070104595440008B9A5380FC1AC4ZX%26src%3Dsearch,UNCHAL KAOS BOGOR / URANG SUNDA ASLI / HITAM,unchal kaos urang sunda asli hitam,Pakaian & Fashion,Atasan & Pakaian Kasual,tokopedia,Bogor,Bogor,UNCHAL official,110000.0,11.0,5.0,0.9981982448693605,0.3195735163826218,1.0,14.006131744018864,12.424533248940001,3,1,2,1,False,False,True,False,True,False,False,False,False,1,0,0,1,0,2
https://www.tokopedia.com/uniquelyone/rangginang-mentah-pink-original-ketan-putih-khas-bogor?extParam=ivf%3Dfalse%26keyword%3Doleh-olehkhasbogor%26search_id%3D20260701035234F61D6947467CCD2EDKYW%26src%3Dsearch,RANGGINANG MENTAH PINK ORIGINAL KETAN PUTIH KHAS BOGOR,rangginang mentah pink original ketan putih,Makanan,Lauk & Bahan Makanan,tokopedia,Bogor,Bogor,Uniquely One,36000.0,3.0,5.0,0.7914094819222095,0.12362791193043103,1.0,11.58989576532275,6.931471805599453,1,5,2,1,False,False,True,False,True,False,False,False,False,1,1,0,0,0,1
https://www.tokopedia.com/uniquelyone/rangginang-mentah-ketan-hitam-gurih-home-made-khas-bogor?extParam=ivf%3Dfalse%26keyword%3Doleh-olehkhasbogor%26search_id%3D20260701035234F61D6947467CCD2EDKYW%26src%3Dsearch,RANGGINANG MENTAH KETAN HITAM GURIH HOME MADE KHAS BOGOR,rangginang mentah ketan hitam gurih home made,Makanan,Lauk & Bahan Makanan,tokopedia,Bogor,Bogor,Uniquely One,36000.0,8.0,5.0,0.7914094819222095,0.2682632969739506,1.0,12.570719231334277,10.986122886681098,1,5,2,1,False,False,True,False,True,False,False,False,False,1,1,0,0,0,1
https://www.tokopedia.com/uniquelyone/kopi-bubuk-cap-liong-bulan-200-gram-kopi-hitam-enak-mantap-khas-bogor?extParam=ivf%3Dfalse%26keyword%3Daksesoriskhasbogor%26search_id%3D20260701045100357A6FDF7642BF120N2E%26src%3Dsearch,KOPI BUBUK CAP LIONG BULAN 200 GRAM KOPI HITAM ENAK MANTAP KHAS BOGOR,kopi bubuk cap liong bulan gram kopi hitam enak mantap,Minuman,Kopi,tokopedia,Bogor,Bogor,Uniquely One,33000.0,543.5,4.9,0.775300820149404,1.0,0.9750000000000001,16.702292602765226,30.869352917627776,2,3,2,1,False,False,True,False,True,False,False,False,False,1,0,1,0,0,1
https://shopee.co.id/Kaos-Universitas-Djuanda-Bogor-Kaos-Custom-Sablon-i.425681821.25117484827?extraParams=%7B%22display_model_id%22%3A166364146816%2C%22model_selection_logic%22%3A3%7D&sp_atk=9051ca4e-cf77-4dbe-b763-1925b222b53e&xptdk=9051ca4e-cf77-4dbe-b763-1925b222b53e,Kaos Universitas Djuanda Bogor Kaos Custom Sablon,kaos universitas djuanda kaos custom sablon,Pakaian & Fashion,Atasan & Pakaian Kasual,shopee,Jakarta Pusat,Jakarta,Universitas Djuanda,56000.0,11.0,5.0,0.87320776352246,0.3195735163826218,1.0,13.331003865890963,12.424533248940001,3,1,1,3,False,True,False,False,False,False,True,False,False,0,0,0,1,0,1
https://shopee.co.id/KAOS-URANG-BOGOR-JAWA-BARAT-M2-DTF-MODEL-RACING-BISA-COD-KAOSKEREN-KAOSDISTRO-i.202175931.24008476664?extraParams=%7B%22display_model_id%22%3A195683145016%2C%22model_selection_logic%22%3A3%7D&sp_atk=64886056-b2f0-47d2-be04-0f2c3a2f4e14&xptdk=64886056-b2f0-47d2-be04-0f2c3a2f4e14,KAOS URANG BOGOR JAWA BARAT M2 DTF MODEL RACING BISA COD KAOSKEREN KAOSDISTRO,kaos urang jawa barat m2 dtf model racing bisa cod kaoskeren kaosdistro,Pakaian & Fashion,Atasan & Pakaian Kasual,shopee,Kab. Bekasi,Bekasi,Urang Bogor Official,69000.0,11.0,5.0,0.9118556300906138,0.3195735163826218,1.0,13.539758373899955,12.424533248940001,3,1,1,0,False,True,False,True,False,False,False,False,False,0,0,0,1,0,1
https://shopee.co.id/(KHUSUS-BOGOR)-JEMURAN-BAJU-ALUMUNIUM-PALANG-9-i.384410734.3979559460?extraParams=%7B%22display_model_id%22%3A53709590567%2C%22model_selection_logic%22%3A3%7D&sp_atk=6bae88ef-a156-4991-99b3-d256f9c5a7b4&xptdk=6bae88ef-a156-4991-99b3-d256f9c5a7b4,(KHUSUS BOGOR) JEMURAN BAJU ALUMUNIUM PALANG 9,khusus jemuran baju alumunium palang,Pakaian & Fashion,Atasan & Pakaian Kasual,shopee,Bogor,Bogor,Urang Sunda Apparel,111075.75,543.5,4.9,1.0000000000000002,1.0,0.9750000000000001,17.91599740310165,30.869352917627776,3,1,1,1,False,True,False,False,True,False,False,False,False,1,0,0,1,0,2
https://shopee.co.id/Kaos-Urang-sunda-bandung-sukabumi-bogor-gotong-royong-bageur-someah-USA-Belakang-i.301656755.6051644885?extraParams=%7B%22display_model_id%22%3A233232639656%2C%22model_selection_logic%22%3A3%7D&sp_atk=ddf4aa3e-7a43-4701-a60f-ac629d28e47c&xptdk=ddf4aa3e-7a43-4701-a60f-ac629d28e47c,Kaos Urang sunda bandung sukabumi bogor gotong royong bageur someah USA + Belakang,kaos urang sunda bandung sukabumi gotong royong bageur someah usa belakang,Pakaian & Fashion,Atasan & Pakaian Kasual,shopee,Tangerang,Tangerang,Urang Sunda Store,54000.0,24.0,4.6,0.8664748459680991,0.45048233211662564,0.8999999999999999,14.074793927498998,14.806828794393722,3,1,1,5,False,True,False,False,False,False,False,False,True,0,0,0,1,0,1
https://www.tokopedia.com/vavivo-tart-n-cake/talas-bogor-stik-talas-kripik-talas-stick-talas-isi-500-gram?extParam=ivf%3Dfalse%26keyword%3Doleh-olehkhasbogor%26search_id%3D20260701035234F61D6947467CCD2EDKYW%26src%3Dsearch,Talas Bogor / Stik Talas / Kripik Talas / Stick Talas isi 500 gram,talas stik talas kripik talas stick talas isi gram,Makanan,Kue & Roti,tokopedia,Kab. Bogor,Bogor,vavivo tart n cake,42000.0,543.5,4.9,0.8199479258863125,1.0,0.9750000000000001,16.94345464763454,30.869352917627776,1,4,2,1,False,False,True,False,True,False,False,False,False,1,1,0,0,0,1
https://www.tokopedia.com/vavivo-tart-n-cake/talas-bogor-stik-talas-kripik-talas-stick-talas-isi-1-kg?extParam=ivf%3Dfalse%26keyword%3Doleh-olehkhasbogor%26search_id%3D20260701035234F61D6947467CCD2EDKYW%26src%3Dsearch,Talas Bogor / Stik Talas / Kripik Talas / Stick Talas isi 1 kg,talas stik talas kripik talas stick talas isi kg,Makanan,Kue & Roti,tokopedia,Kab. Bogor,Bogor,vavivo tart n cake,75000.0,250.0,4.9,0.9272925360154078,0.8618773725069901,0.9750000000000001,16.746704363714027,27.074719401745742,1,4,2,1,False,False,True,False,True,False,False,False,False,1,1,0,0,0,1
https://www.tokopedia.com/venussentraoleholehjhr/lapis-talas-bogor-haturnuhun-oleholeh-lembang-bandung-1729819673880986817?extParam=ivf%3Dfalse%26keyword%3Doleh-olehkhasbogor%26search_id%3D20260701035234F61D6947467CCD2EDKYW%26src%3Dsearch,Lapis Talas Bogor Haturnuhun | Oleholeh Lembang Bandung,lapis talas haturnuhun oleholeh lembang bandung,Makanan,Kue & Roti,tokopedia,Jakarta Pusat,Jakarta,venus sentra oleholeh johar,38000.0,100.0,5.0,0.8014191190140494,0.6995128708733925,1.0,15.150511887854474,23.075602584206298,1,4,2,3,False,False,True,False,False,False,True,False,False,0,1,0,0,0,1
https://shopee.co.id/KAOS-VIKING-BOGOR-IPB-PERSIB-BANDUNG-KAOS-DISTRO-KAOS-SANTAI-KAOS-TERBARU-2024-KAOS-TIKTOK-VIRAL-KAOS-MURAH-KAOS-KEREN-KAOS-TIKTOK-VIRAL-BAJU-KEKINIAN-KAOS-TERLARIS-KAOS-UNISEX-KAOS-PRIA-DAN-WANITA-DEWASA-KAOS-COTTON-30S-11-i.1446382609.27931053475?extraParams=%7B%22display_model_id%22%3A205925725650%2C%22model_selection_logic%22%3A2%7D&sp_atk=813c393a-4338-4ff3-a1b4-40073ea49dad&xptdk=813c393a-4338-4ff3-a1b4-40073ea49dad,KAOS VIKING BOGOR IPB PERSIB - BANDUNG - KAOS DISTRO - KAOS SANTAI - KAOS TERBARU 2024 - KAOS TIKTOK VIRAL - KAOS MURAH - KAOS KEREN - KAOS TIKTOK VIRAL - BAJU KEKINIAN - KAOS TERLARIS - KAOS UNISEX - KAOS PRIA DAN WANITA DEWASA - KAOS COTTON 30S - 11,kaos viking ipb persib bandung kaos distro kaos santai kaos terbaru kaos tiktok viral kaos murah kaos keren kaos tiktok viral baju kekinian kaos terlaris kaos unisex kaos pria wanita dewasa kaos cotton 30s,Pakaian & Fashion,Atasan & Pakaian Kasual,shopee,Jakarta Timur,Jakarta,Viking Bogor IPB,37694.0,1.0,5.0,0.79992227383677,0.0,1.0,10.537282738645802,3.4657359027997265,3,1,1,3,False,True,False,False,False,False,True,False,False,0,0,0,1,0,1
https://shopee.co.id/fashionlokal.idn-Kaos-Yamaha-Mio-Bogor-Lengan-Panjang-Long-Sleeve-Bahan-Cotton-Combed-30s-i.1675580115.47710178797?extraParams=%7B%22display_model_id%22%3A365893686837%2C%22model_selection_logic%22%3A3%7D&sp_atk=c555a834-c7d7-4ddc-9b9a-8182e70088a9&xptdk=c555a834-c7d7-4ddc-9b9a-8182e70088a9,fashionlokal.idn Kaos Yamaha Mio Bogor Lengan Panjang - Long Sleeve Bahan Cotton Combed 30s,fashionlokal idn kaos yamaha mio lengan panjang long sleeve bahan cotton combed 30s,Pakaian & Fashion,Atasan & Pakaian Kasual,shopee,Jakarta Barat,Jakarta,Viking Bogor Official,52500.0,11.0,5.0,0.8612594386099246,0.3195735163826218,1.0,13.266465452978318,12.424533248940001,3,1,1,3,False,True,False,False,False,False,True,False,False,0,0,0,1,0,1
https://shopee.co.id/KAOS-PERSIB-BANDUNG-FROM-BOGOR-FOR-PERSIB-VIKING-BOGOR-KAOS-DISTRO-KAOS-SANTAI-KAOS-TERBARU-2024-KAOS-i.201843275.44606219533?extraParams=%7B%22display_model_id%22%3A310564259240%2C%22model_selection_logic%22%3A2%7D&sp_atk=d2f34787-71b5-48ec-82f9-8a617344639a&xptdk=d2f34787-71b5-48ec-82f9-8a617344639a,KAOS PERSIB BANDUNG - FROM BOGOR FOR PERSIB - VIKING BOGOR - KAOS DISTRO - KAOS SANTAI - KAOS TERBARU 2024 - KAOS,kaos persib bandung from for persib viking kaos distro kaos santai kaos terbaru kaos,Pakaian & Fashion,Atasan & Pakaian Kasual,shopee,Jakarta Barat,Jakarta,Viking Persib Bogor,28750.0,29.0,4.6,0.7497766846166198,0.4830007264757192,0.8999999999999999,13.63369007561155,15.645507955645915,3,1,1,3,False,True,False,False,False,False,True,False,False,0,0,0,1,0,0
https://shopee.co.id/Kaos-Atasan-Wanita-Perempuan-ABG-Bogor-i.20958327.29472858093?extraParams=%7B%22display_model_id%22%3A257420451127%2C%22model_selection_logic%22%3A2%7D&sp_atk=cb185ded-da5a-48d7-8448-3c26d0a062e3&xptdk=cb185ded-da5a-48d7-8448-3c26d0a062e3,Kaos Atasan Wanita Perempuan ABG Bogor,kaos atasan wanita perempuan abg,Pakaian & Fashion,Atasan & Pakaian Kasual,shopee,Bogor,Bogor,Viking Selatan Store,15000.0,11.0,5.0,0.6293339795923376,0.3195735163826218,1.0,12.013706813470414,12.424533248940001,3,1,1,1,False,True,False,False,True,False,False,False,False,1,0,0,1,0,0
https://shopee.co.id/Kaos-t-shirt-Baju-Warga-Bogor-i.115005484.5126371866?extraParams=%7B%22display_model_id%22%3A15931292118%2C%22model_selection_logic%22%3A2%7D&sp_atk=fd3c0298-0d65-4334-93f5-9ab264e93bb3&xptdk=fd3c0298-0d65-4334-93f5-9ab264e93bb3,Kaos t-shirt Baju Warga Bogor,kaos shirt baju warga,Pakaian & Fashion,Atasan & Pakaian Kasual,shopee,Depok,Depok,Warga Bogor Official,65000.0,11.0,5.0,0.9007994838866595,0.3195735163826218,1.0,13.480039220276565,12.424533248940001,3,1,1,2,False,True,False,False,False,True,False,False,False,0,0,0,1,0,1
https://www.tokopedia.com/warselstore84/syal-viking-bogor-from-bogor-for-persib-1730519574257960554?extParam=ivf%3Dfalse%26keyword%3Daksesoriskhasbogor%26search_id%3D20260701045100357A6FDF7642BF120N2E%26src%3Dsearch,syal viking bogor from Bogor for Persib,syal viking from for persib,Aksesoris & Souvenir,Aksesoris & Souvenir,tokopedia,Kab. Bogor,Bogor,Warselstore84,111075.75,7.0,5.0,1.0000000000000002,0.24725582386086203,1.0,13.563879115153858,10.39720770839918,0,0,2,1,False,False,True,False,True,False,False,False,False,1,0,0,0,1,2
https://www.tokopedia.com/warung-ibu-kubil/teh-hijau-teh-merah-khas-puncak-cisarua-bogor-1729599423445829185?extParam=ivf%3Dfalse%26keyword%3Dminumankhasbogor%26search_id%3D202607010437141543843A4723ED1DFNTT%26src%3Dsearch,"Teh Hijau,teh merah  khas puncak cisarua bogor",teh hijau teh merah puncak cisarua,Minuman,Teh,tokopedia,Tangerang,Tangerang,warung ibu kubil,20000.0,15.0,4.9,0.6825918337619945,0.3708837357912931,0.9750000000000001,12.611541086966115,13.585684738974928,2,9,2,5,False,False,True,False,False,False,False,False,True,0,0,1,0,0,0
https://shopee.co.id/Lapis-Talas-Sangkuriang-ready-Lapis-Bogor-Lapis-Talas-oleh-oleh-Bogor-lapis-kukus-i.397545349.10135628955?extraParams=%7B%22display_model_id%22%3A27347261573%2C%22model_selection_logic%22%3A3%7D&sp_atk=ce1421a9-e996-4c17-8825-b8b906f02398&xptdk=ce1421a9-e996-4c17-8825-b8b906f02398,Lapis Talas Sangkuriang | ready | Lapis Bogor Lapis Talas oleh oleh Bogor lapis kukus,lapis talas sangkuriang ready lapis lapis talas lapis kukus,Makanan,Kue & Roti,shopee,Kab. Tangerang,Tangerang,Wayang Emas Snack,60000.0,543.5,4.9,0.8859807588182942,1.0,0.9750000000000001,17.30012957843094,30.869352917627776,1,4,1,5,False,True,False,False,False,False,False,False,True,0,1,0,0,0,1
https://www.tokopedia.com/wbdolstar/kue-lapis-talas-bogor-sangkuriang?extParam=ivf%3Dfalse%26keyword%3Doleh-olehkhasbogor%26search_id%3D20260701035234F61D6947467CCD2EDKYW%26src%3Dsearch,Kue Lapis Talas Bogor Sangkuriang,kue lapis talas sangkuriang,Makanan,Kue & Roti,tokopedia,Depok,Depok,WBD OLSTAR,62900.0,100.0,5.0,0.8947194358572503,0.6995128708733925,1.0,15.654471787659123,23.075602584206298,1,4,2,2,False,False,True,False,False,True,False,False,False,0,1,0,0,0,1
https://www.tokopedia.com/wengg-clothh-new-30/kaos-t-shirt-bogor-kota-hujan-1732016685696452346?extParam=ivf%3Dfalse%26keyword%3Dbaju+khas+bogor%26search_id%3D2026070104595440008B9A5380FC1AC4ZX%26src%3Dsearch,KAOS T-SHIRT BOGOR KOTA HUJAN,kaos shirt kota hujan,Pakaian & Fashion,Atasan & Pakaian Kasual,tokopedia,Jakarta Pusat,Jakarta,WENGG CLOTHH NEW 30,46500.0,20.0,4.5,0.8387913636165847,0.4193851195833594,0.875,13.742940940397677,13.700350969755403,3,1,2,3,False,False,True,False,False,False,True,False,False,0,0,0,1,0,1
https://shopee.co.id/kopi-tulen-cap-liong-bulan-khas-bogor-jual-per-pcs-i.414070971.51860335590?extraParams=%7B%22display_model_id%22%3A365907584558%2C%22model_selection_logic%22%3A2%7D&sp_atk=95bac94d-9830-45d5-a8cc-cb12eca90d34&xptdk=95bac94d-9830-45d5-a8cc-cb12eca90d34,kopi tulen cap liong-bulan khas bogor jual per pcs,kopi tulen cap liong bulan jual per pcs,Minuman,Kopi,shopee,Tangerang Selatan,Tangerang,WEZ Coffee,54000.0,224.0,4.9,0.8664748459680991,0.8423735410210074,0.9750000000000001,16.308385460073406,26.53889197080166,2,3,1,5,False,True,False,False,False,False,False,False,True,0,0,1,0,0,1
https://www.tokopedia.com/win-snack-22/keripik-talas-original-125-gram-cemilan-camilan-snack-kiloan-jajanan-bogor-1730560203671963235?extParam=ivf%3Dfalse%26keyword%3Doleh-olehkhasbogor%26search_id%3D20260701035234F61D6947467CCD2EDKYW%26src%3Dsearch,keripik talas original 125 gram cemilan camilan snack kiloan jajanan bogor,keripik talas original gram cemilan camilan snack kiloan jajanan,Makanan,Camilan & Snack,tokopedia,Kab. Bogor,Bogor,WIN Snack 22,10500.0,100.0,4.4,0.5633051135059786,0.6995128708733925,0.8500000000000001,13.864301674514206,20.306530274101544,1,2,2,1,False,False,True,False,True,False,False,False,False,1,1,0,0,0,0
https://shopee.co.id/Lapis-Talas-Bogor-Tiramisu-Oleh-Oleh-Bogor-By-Golden-France-(470gram)-i.1206159334.28601006314?extraParams=%7B%22display_model_id%22%3A176491836852%2C%22model_selection_logic%22%3A2%7D&sp_atk=ec206445-7a2a-4ace-891b-5af9e3fa32ff&xptdk=ec206445-7a2a-4ace-891b-5af9e3fa32ff,Lapis Talas Bogor Tiramisu Oleh-Oleh Bogor By Golden France (470gram),lapis talas tiramisu by golden france 470gram,Makanan,Kue & Roti,shopee,Bogor,Bogor,Yasmin Keik Bogor,45600.0,18.0,5.0,0.8351729909575913,0.4015344965884274,1.0,13.618035971721486,14.722194895832201,1,4,1,1,False,True,False,False,True,False,False,False,False,1,1,0,0,0,1
https://www.tokopedia.com/jualgrosirmurah/kopi-liong-bubuk-kopi-tulen-1-pak-isi-30-sachet-kopi-pahit-khas-bogor?extParam=ivf%3Dfalse%26keyword%3Daksesoriskhasbogor%26search_id%3D20260701045100357A6FDF7642BF120N2E%26src%3Dsearch,Kopi liong bubuk kopi tulen 1 pak isi 30 sachet kopi pahit khas Bogor,kopi liong bubuk kopi tulen pak isi sachet kopi pahit,Minuman,Kopi,tokopedia,Jakarta Selatan,Jakarta,YukBeli Tose000a,49999.0,100.0,5.0,0.8522229892738429,0.6995128708733925,1.0,15.424928670202352,23.075602584206298,2,3,2,3,False,False,True,False,False,False,True,False,False,0,0,1,0,0,1
https://www.tokopedia.com/zbrx-store-694/kaos-bogor-the-city-of-lighting-1730819229281322100?extParam=ivf%3Dfalse%26keyword%3Dbaju+khas+bogor%26search_id%3D2026070104595440008B9A5380FC1AC4ZX%26src%3Dsearch,KAOS BOGOR THE CITY OF LIGHTING,kaos the city of lighting,Pakaian & Fashion,Atasan & Pakaian Kasual,tokopedia,Jakarta Pusat,Jakarta,Zbrx Store_NEW,45000.0,5.0,5.0,0.832720847717568,0.19594560445219078,1.0,12.323860125621126,8.958797346140274,3,1,2,3,False,False,True,False,False,False,True,False,False,0,0,0,1,0,1
https://www.tokopedia.com/archive-zaidan-onlinestore/kopi-liong-plus-gula-20-sachet-khas-bogor?extParam=ivf%3Dfalse%26keyword%3Doleh-olehkhasbogor%26search_id%3D20260701035234F61D6947467CCD2EDKYW%26src%3Dsearch,Kopi Liong Plus Gula 20 Sachet Khas Bogor,kopi liong plus gula sachet,Minuman,Kopi,tokopedia,Depok,Depok,ZCD online shop,45200.0,90.0,5.0,0.8335418428103025,0.6809171507093845,1.0,15.2186622819716,22.55429753258425,2,3,2,2,False,False,True,False,False,True,False,False,False,0,0,1,0,0,1
https://shopee.co.id/Official-Partner-Beli-1-dapat-2-Kecap-Zebra-Isi-Ulang-Pouch-220-ml-Oleh-Oleh-Asli-Bogor-i.56279771.24607440262?extraParams=%7B%22display_model_id%22%3A232813701307%2C%22model_selection_logic%22%3A2%7D&sp_atk=f02d7b54-2ae6-48c8-b35d-16d99b06502d&xptdk=f02d7b54-2ae6-48c8-b35d-16d99b06502d,Official Partner - Beli 1 dapat 2 Kecap Zebra Isi Ulang Pouch 220 ml Oleh Oleh Asli Bogor,official partner beli dapat kecap zebra isi ulang pouch ml asli,Makanan,Lauk & Bahan Makanan,shopee,Bogor,Bogor,Zebra Bogor Official,28500.0,51.0,4.7,0.7481598033571901,0.5811055475086471,0.925,14.189485686975328,18.57084547733271,1,5,1,1,False,True,False,False,True,False,False,False,False,1,1,0,0,0,0
https://www.tokopedia.com/zerryncollection/kain-batik-kampung-urug-bogor-1729999280409315701?extParam=ivf%3Dfalse%26keyword%3Dbatik+khas+bogor%26search_id%3D2026070104552658238E9AE2DD3002CM1D%26src%3Dsearch,kain batik kampung urug bogor,kain batik kampung urug,Pakaian & Fashion,Pakaian Tradisional,tokopedia,Kab. Bogor,Bogor,Zerryncollection,111075.75,40.0,4.9,1.0000000000000002,0.5387150554591977,0.9750000000000001,15.306847359161317,18.19650312685111,3,8,2,1,False,False,True,False,True,False,False,False,False,1,0,0,1,0,2
https://www.tokopedia.com/ziabuah-1/kacang-bogor-mentah-kacang-bogor-super-1kg-1731446489744443253?extParam=ivf%3Dfalse%26keyword%3Doleh-olehkhasbogor%26search_id%3D20260701035234F61D6947467CCD2EDKYW%26src%3Dsearch,Kacang Bogor Mentah / Kacang Bogor Super / 1Kg,kacang mentah kacang super 1kg,Makanan,Lauk & Bahan Makanan,tokopedia,Jakarta Timur,Jakarta,Zia Buah,29000.0,100.0,4.8,0.7513795672132577,0.6995128708733925,0.95,14.88022163978423,22.152578480838045,1,5,2,3,False,False,True,False,False,False,True,False,False,0,1,0,0,0,0
https://www.tokopedia.com/zonafashionnnn/kaos-streetwear-buitenzorg-culture-kaos-bogor-distro-baju-distro-terbaru-cocok-untuk-pria-wanita-kaos-lengan-pendek-kekinian-bisa-cod-1733082024452916697?extParam=ivf%3Dfalse%26keyword%3Dbaju+khas+bogor%26search_id%3D2026070104595440008B9A5380FC1AC4ZX%26src%3Dsearch,Kaos Streetwear - Buitenzorg Culture | Kaos Bogor Distro - BAJU DISTRO TERBARU - COCOK UNTUK PRIA WANITA - KAOS LENGAN PENDEK - KEKINIAN - BISA COD,kaos streetwear buitenzorg culture kaos distro baju distro terbaru cocok pria wanita kaos lengan pendek kekinian bisa cod,Pakaian & Fashion,Atasan & Pakaian Kasual,tokopedia,Kab. Bogor,Bogor,zonafashionnnn,40500.0,2.0,5.0,0.8132150491455179,0.07231769252175978,1.0,11.302216779257382,5.493061443340547,3,1,2,1,False,False,True,False,True,False,False,False,False,1,0,0,1,0,1
https://www.tokopedia.com/zonafashionnnn/kaos-t-shirt-baju-bogor-street-culture-dtf-kaos-distro-bogor-street-culture-cocok-untuk-pria-wanita-kaos-lengan-pendek-kekinian-bisa-cod-1733058193229055449?extParam=ivf%3Dfalse%26keyword%3Dbaju+khas+bogor%26search_id%3D2026070104595440008B9A5380FC1AC4ZX%26src%3Dsearch,Baju Kaod BOGOR STREET CULTURE / kaos distro bogor street culture - COCOK UNTUK PRIA WANITA - KAOS LENGAN PENDEK - KEKINIAN - BISA COD,baju kaod street culture kaos distro street culture cocok pria wanita kaos lengan pendek kekinian bisa cod,Pakaian & Fashion,Atasan & Pakaian Kasual,tokopedia,Kab. Bogor,Bogor,zonafashionnnn,40500.0,9.0,5.0,0.8132150491455179,0.28705512202352834,1.0,12.806284573911311,11.51292546497023,3,1,2,1,False,False,True,False,True,False,False,False,False,1,0,0,1,0,1
https://www.lazada.co.id/products/pdp-i4677248135.html,T-SHIRT BAJU KAOS DISTRO PERSIKABO KUJANG / PERSIKABO BOGOR / KABO MANIA / BOLA / PRIA WANITA TERLARIS Murah,shirt baju kaos distro persikabo kujang persikabo kabo mania bola pria wanita terlaris murah,Aksesoris & Souvenir,Aksesoris & Souvenir,lazada,Kab. Bogor,Bogor,Tidak Diketahui,50000.0,11.0,4.9,0.8522266920007155,0.3195735163826218,0.9750000000000001,13.217675375388819,12.176042583961202,0,0,0,1,True,False,False,False,True,False,False,False,False,1,0,0,0,1,1
https://www.lazada.co.id/products/pdp-i665616100.html,"Kemeja Batik Pria, Hitam Manis Kujang Batik Wayang te000aru",kemeja batik pria hitam manis kujang batik wayang te000aru,Aksesoris & Souvenir,Aksesoris & Souvenir,lazada,Kab. Bogor,Bogor,Tidak Diketahui,87900.0,171.0,4.9,0.9566757697722614,0.794465693135944,0.9750000000000001,16.52561870670554,25.22272293638592,0,0,0,1,True,False,False,False,True,False,False,False,False,1,0,0,0,1,2
https://www.lazada.co.id/products/pdp-i8184330356.html,Baju Kaos Anak Dan Dewasa gambar tugu kujang bogor,baju kaos anak dewasa gambar tugu kujang,Aksesoris & Souvenir,Aksesoris & Souvenir,lazada,Kota Jakarta Barat,Jakarta,Tidak Diketahui,20900.0,100.0,4.9,0.6907406418739679,0.6995128708733925,0.9750000000000001,14.55267510240978,22.614090532522173,0,0,0,3,True,False,False,False,False,False,True,False,False,0,0,0,0,1,0
https://www.lazada.co.id/products/pdp-i8184312246.html,Baju kaos Laki-laki dan perempaun Anak Dan Dewasa gambar tugu kujang bogor,baju kaos laki laki perempaun anak dewasa gambar tugu kujang,Aksesoris & Souvenir,Aksesoris & Souvenir,lazada,Kota Jakarta Barat,Jakarta,Tidak Diketahui,20900.0,100.0,4.9,0.6907406418739679,0.6995128708733925,0.9750000000000001,14.55267510240978,22.614090532522173,0,0,0,3,True,False,False,False,False,False,True,False,False,0,0,0,0,1,0
https://www.lazada.co.id/products/pdp-i4677196978.html,T-SHIRT BAJU KAOS DISTRO PERSIKABO KUJANG COD / PERSIKABO BOGOR / BOLA / TEAM / CLUB / Premium Cotton Combed,shirt baju kaos distro persikabo kujang cod persikabo bola team club premium cotton combed,Aksesoris & Souvenir,Aksesoris & Souvenir,lazada,Kab. Bogor,Bogor,Tidak Diketahui,50000.0,100.0,4.9,0.8522266920007155,0.6995128708733925,0.9750000000000001,15.424948670398354,22.614090532522173,0,0,0,1,True,False,False,False,True,False,False,False,False,1,0,0,0,1,1
https://www.lazada.co.id/products/pdp-i8284108390.html,DODOL BETAWI KETAN HITAM ASLI (500GR) DODOL BETAWI DODOL MPOK IYEK ENAK GURIH DAN LEZAT BISA COD DODOL ASLI BOGOR DODOL KUE LEBARAN DODOL ACARA PERNIKAHAN,dodol betawi ketan hitam asli 500gr dodol betawi dodol mpok iyek enak gurih lezat bisa cod dodol asli dodol kue lebaran dodol acara pernikahan,Makanan,Camilan & Snack,lazada,Kab. Bogor,Bogor,Tidak Diketahui,17500.0,543.5,4.8,0.6578713951011086,1.0,0.95,16.067985971611517,30.23936612339047,1,2,0,1,True,False,False,False,True,False,False,False,False,1,1,0,0,0,0
https://www.lazada.co.id/products/pdp-i8284052874.html,DODOL BETAWI ASLI (250GR) DODOL BETAWI DODOL KETAN HITAM ASLI DODOL BETAWI DODOL MPOK IYEK ENAK GURIH DAN LEZAT BISA COD DODOL ASLI BOGOR DODOL KUE LEBARAN DODOL ACARA PERNIKAHAN,dodol betawi asli 250gr dodol betawi dodol ketan hitam asli dodol betawi dodol mpok iyek enak gurih lezat bisa cod dodol asli dodol kue lebaran dodol acara pernikahan,Makanan,Camilan & Snack,lazada,Kab. Bogor,Bogor,Tidak Diketahui,15200.0,10.0,4.8,0.6317860145739707,0.3040543955478092,0.95,11.931642378754141,11.509897309432178,1,2,0,1,True,False,False,False,True,False,False,False,False,1,1,0,0,0,0
https://www.lazada.co.id/products/pdp-i8007878601.html,500GR KACANG BOGOR KECIL / KACANG ASIN GURIH KORO KUPAS KILOAN GROSIR,500gr kacang kecil kacang asin gurih koro kupas kiloan grosir,Makanan,Camilan & Snack,lazada,Kota Jakarta Pusat,Jakarta,Tidak Diketahui,24999.0,10.0,4.8,0.7238949713988327,0.3040543955478092,0.95,12.429180196196368,11.509897309432178,1,2,0,3,True,False,False,False,False,False,True,False,False,0,1,0,0,0,0
https://www.lazada.co.id/products/pdp-i4287230876.html,NOGA KACANG ISI 20 PER PACK ASLI BOGOR MANIS RENYAH,noga kacang isi per pack asli manis renyah,Makanan,Camilan & Snack,lazada,Kab. Bogor,Bogor,Tidak Diketahui,50000.0,109.0,4.8,0.8522266920007155,0.7147374295017687,0.95,15.511126350125648,22.5623057558036,1,2,0,1,True,False,False,False,True,False,False,False,False,1,1,0,0,0,1
https://www.lazada.co.id/products/pdp-i18817745727.html,Enting Jahe Mertua ASLI Betawie 160g / Teng Teng Noga Kue Kering - Tam Snack,enting jahe mertua asli betawie 160g teng teng noga kue kering tam snack,Makanan,Camilan & Snack,lazada,Kota Tangerang Selatan,Tangerang,Tidak Diketahui,20000.0,11.0,4.8,0.6825918337619945,0.3195735163826218,0.95,12.301387370778713,11.9275519189824,1,2,0,5,True,False,False,False,False,False,False,False,True,0,1,0,0,0,0
https://www.lazada.co.id/products/pdp-i5917228922.html,Kacang Bogor Super 500Gr / Kacang Bogor Asin Gurih / Kacang Bogor Asli ( Kiloan ) LarisSnack,kacang super 500gr kacang asin gurih kacang asli kiloan larissnack,Makanan,Camilan & Snack,lazada,Kota Jakarta Pusat,Jakarta,Tidak Diketahui,29990.0,147.0,4.8,0.7575941055410305,0.7676617538220943,0.95,15.299052085354745,23.98661891406775,1,2,0,3,True,False,False,False,False,False,True,False,False,0,1,0,0,0,0
https://www.lazada.co.id/products/pdp-i5971902786.html,MSA Snack - KERIPIK TALAS GURIH RENYAH OLEH OLEH BOGOR 150 GRAM,msa snack keripik talas gurih renyah gram,Makanan,Camilan & Snack,lazada,Kab. Bogor,Bogor,Tidak Diketahui,15000.0,163.0,4.8,0.6293339795923376,0.7859708793200598,0.95,14.70955608988898,24.479358853556153,1,2,0,1,True,False,False,False,True,False,False,False,False,1,1,0,0,0,0
https://www.lazada.co.id/products/pdp-i8007832956.html,1 KG KACANG BOGOR KECIL / KACANG ASIN GURIH / KORO KUPAS KILOAN GROSIR,kg kacang kecil kacang asin gurih koro kupas kiloan grosir,Makanan,Camilan & Snack,lazada,Kota Jakarta Pusat,Jakarta,Tidak Diketahui,39999.0,17.0,4.8,0.8109105949586692,0.3918912089043816,0.95,13.429824547463705,13.87378443790159,1,2,0,3,True,False,False,False,False,False,True,False,False,0,1,0,0,0,1
https://www.lazada.co.id/products/pdp-i8364958609.html,RENGGINING SINGKONG  khas bogor isi 10 keping besar,renggining singkong isi keping besar,Makanan,Camilan & Snack,lazada,Kab. Bogor,Bogor,Tidak Diketahui,12000.0,17.0,4.8,0.5880246706823424,0.3918912089043816,0.95,12.225880174775122,13.87378443790159,1,2,0,1,True,False,False,False,True,False,False,False,False,1,1,0,0,0,0
https://www.lazada.co.id/products/pdp-i8284042884.html,DODOL KETAN HITAM ASLI (100GR) DODOL BETAWI DODOL MPOK IYEK ENAK GURIH DAN LEZAT BISA COD DODOL ASLI BOGOR DODOL KUE LEBARAN DODOL ACARA PERNIKAHAN,dodol ketan hitam asli 100gr dodol betawi dodol mpok iyek enak gurih lezat bisa cod dodol asli dodol kue lebaran dodol acara pernikahan,Makanan,Camilan & Snack,lazada,Kab. Bogor,Bogor,Tidak Diketahui,7000.0,174.0,4.8,0.48824685031233717,0.7975497591782253,0.95,14.012721548269704,24.79097267483287,1,2,0,1,True,False,False,False,True,False,False,False,False,1,1,0,0,0,0
https://www.lazada.co.id/products/pdp-i8331968689.html,DODOL KETAN HITAM ASLI 500gr DODOL BETAWI DODOL MPOK IYEK ENAK GURIH DAN LEZAT BISA COD DODOL ASLI BOGOR DODOL KUE LEBARAN DODOL ACARA PERNIKAHAN,dodol ketan hitam asli 500gr dodol betawi dodol mpok iyek enak gurih lezat bisa cod dodol asli dodol kue lebaran dodol acara pernikahan,Makanan,Camilan & Snack,lazada,Kab. Bogor,Bogor,Tidak Diketahui,27000.0,175.0,4.8,0.7381502564829485,0.7985660432695333,0.95,15.36837833055017,24.818323176183124,1,2,0,1,True,False,False,False,True,False,False,False,False,1,1,0,0,0,0
https://www.lazada.co.id/products/pdp-i7324748573.html,Kacang Bogor Super Asli 1 Kg,kacang super asli kg,Makanan,Camilan & Snack,lazada,Kota Jakarta Pusat,Jakarta,Tidak Diketahui,111075.75,18.0,4.8,1.0000000000000002,0.4015344965884274,0.95,14.508339938030991,14.133307099998913,1,2,0,3,True,False,False,False,False,False,True,False,False,0,1,0,0,0,2
https://www.lazada.co.id/products/pdp-i7333596660.html,KACANG BOGOR JUMBO OVEN OVEN 250 GRAM,kacang jumbo oven oven gram,Makanan,Camilan & Snack,lazada,Kota Jakarta Pusat,Jakarta,Tidak Diketahui,65000.0,184.0,4.8,0.9007994838866595,0.8074610519847608,0.95,16.297078390098797,25.05770796037596,1,2,0,3,True,False,False,False,False,False,True,False,False,0,1,0,0,0,1
https://www.lazada.co.id/products/pdp-i8284140173.html,DODOL BETAWI ASLI (1KG ISI 2) KEMASAN 500GR DODOL BETAWI DODOL KETAN HITAM ASLI DODOL BETAWI DODOL MPOK IYEK ENAK GURIH DAN LEZAT BISA COD DODOL ASLI BOGOR DODOL KUE LEBARAN DODOL ACARA PERNIKAHAN,dodol betawi asli 1kg isi kemasan 500gr dodol betawi dodol ketan hitam asli dodol betawi dodol mpok iyek enak gurih lezat bisa cod dodol asli dodol kue lebaran dodol acara pernikahan,Makanan,Camilan & Snack,lazada,Kab. Bogor,Bogor,Tidak Diketahui,52000.0,19.0,4.8,0.8594878016291434,0.4106830339539594,0.95,13.803438988875241,14.379514913059156,1,2,0,1,True,False,False,False,True,False,False,False,False,1,1,0,0,0,1
https://www.lazada.co.id/products/pdp-i7865292972.html,bakul snack Manisan Anggur Bogor / Anggur Hijau Ijo / Buah Segar / Anggur Hijau Ijo / Buah Segar,bakul snack manisan anggur anggur hijau ijo buah segar anggur hijau ijo buah segar,Makanan,Camilan & Snack,lazada,Kota Jakarta Barat,Jakarta,Tidak Diketahui,28000.0,19.0,4.8,0.7448830515980944,0.4106830339539594,0.95,13.184400648021263,14.379514913059156,1,2,0,3,True,False,False,False,False,False,True,False,False,0,1,0,0,0,0
https://www.lazada.co.id/products/pdp-i8331978850.html,500GR DODOL KETAN HITAM ASLI DODOL BETAWI DODOL MPOK IYEK ENAK GURIH DAN LEZAT BISA COD DODOL ASLI BOGOR DODOL KUE LEBARAN DODOL ACARA PERNIKAHAN,500gr dodol ketan hitam asli dodol betawi dodol mpok iyek enak gurih lezat bisa cod dodol asli dodol kue lebaran dodol acara pernikahan,Makanan,Camilan & Snack,lazada,Kab. Bogor,Bogor,Tidak Diketahui,27000.0,194.0,4.8,0.7381502564829485,0.8168504501235041,0.95,15.471450494962339,25.310397881105985,1,2,0,1,True,False,False,False,True,False,False,False,False,1,1,0,0,0,0
https://www.lazada.co.id/products/pdp-i5920936355.html,Kacang Bogor Super 500Gr,kacang super 500gr,Makanan,Camilan & Snack,lazada,Kota Jakarta Pusat,Jakarta,Tidak Diketahui,29990.0,206.0,4.8,0.7575941055410305,0.8275018160892154,0.95,15.636495602398876,25.59705020767377,1,2,0,3,True,False,False,False,False,False,True,False,False,0,1,0,0,0,0
https://www.lazada.co.id/products/pdp-i353150772.html,RAMADHAN PROMO!! Kerupuk Mie Bogor Wayang Emas 88 (mentah 200 gr),ramadhan promo kerupuk mie wayang emas mentah gr,Makanan,Camilan & Snack,lazada,Kota Jakarta Pusat,Jakarta,Tidak Diketahui,15000.0,207.0,4.8,0.6293339795923376,0.828361371369509,0.95,14.948524595410856,25.620182782566324,1,2,0,3,True,False,False,False,False,False,True,False,False,0,1,0,0,0,0
https://www.lazada.co.id/products/pdp-i7324738799.html,Kacang Bogor Super Asli 250 Gram,kacang super asli gram,Makanan,Camilan & Snack,lazada,Kota Jakarta Pusat,Jakarta,Tidak Diketahui,99000.0,21.0,4.8,0.9786921761831711,0.42768230747824026,0.95,14.547398047840515,14.837003776119916,1,2,0,3,True,False,False,False,False,False,True,False,False,0,1,0,0,0,2
https://www.lazada.co.id/products/pdp-i5040782853.html,PANGSIT GULUNG PELOK MANGGA - KERIPIK MALAYSIA / KERIPIK SENTUL 500GRAM OLEH OLEH KHAS BOGOR,pangsit gulung pelok mangga keripik malaysia keripik sentul 500gram,Makanan,Camilan & Snack,lazada,Kab. Bogor,Bogor,Tidak Diketahui,50000.0,234.0,4.8,0.8522266920007155,0.8501294314580543,0.95,16.275099485238066,26.20601046789196,1,2,0,1,True,False,False,False,True,False,False,False,False,1,1,0,0,0,1
https://www.lazada.co.id/products/pdp-i5650998099.html,Opak Singkong Enye Mentah (isi 40 pcs) Khas Bogor - Tam Snack,opak singkong enye mentah isi pcs tam snack,Makanan,Camilan & Snack,lazada,Kota Tangerang Selatan,Tangerang,Tidak Diketahui,17000.0,239.0,4.8,0.6525050059856217,0.8538844622670123,0.95,15.217432421093388,26.307066832041556,1,2,0,5,True,False,False,False,False,False,False,False,True,0,1,0,0,0,0
https://www.lazada.co.id/products/pdp-i2509748236.html,Kacang Bogor Super 250 Gram,kacang super gram,Makanan,Camilan & Snack,lazada,Kota Jakarta Utara,Jakarta,Tidak Diketahui,55000.0,250.0,4.8,0.8698719100459005,0.8618773725069901,0.95,16.436549454804126,26.52217410783256,1,2,0,3,True,False,False,False,False,False,True,False,False,0,1,0,0,0,1
https://www.lazada.co.id/products/pdp-i8269318720.html,KACANG BOGOR ASLI / KACANG BOGOR JUMBO 250GR,kacang asli kacang jumbo 250gr,Makanan,Camilan & Snack,lazada,Kota Jakarta Barat,Jakarta,Tidak Diketahui,54999.0,28.0,4.8,0.8698685439275009,0.47695413469490816,0.95,14.247275441768585,16.163019983935076,1,2,0,3,True,False,False,False,False,False,True,False,False,0,1,0,0,0,1
https://www.lazada.co.id/products/pdp-i7284224650.html,Keripik Talas / Oleh oleh khas Bogor,keripik talas,Makanan,Camilan & Snack,lazada,Kota Bogor,Bogor,Tidak Diketahui,35999.0,29.0,4.8,0.7914043392659964,0.4830007264757192,0.95,13.85854322714169,16.325747431978346,1,2,0,1,True,False,False,False,True,False,False,False,False,1,1,0,0,0,1
https://www.lazada.co.id/products/pdp-i8318774257.html,DODOL KETAN HITAM ASLI (500gr) DODOL BETAWI ASLI BOGOR DODOL MPOK IYEK,dodol ketan hitam asli 500gr dodol betawi asli dodol mpok iyek,Makanan,Camilan & Snack,lazada,Kab. Bogor,Bogor,Tidak Diketahui,27000.0,543.5,4.8,0.7381502564829485,1.0,0.95,16.50162191969315,30.23936612339047,1,2,0,1,True,False,False,False,True,False,False,False,False,1,1,0,0,0,0
https://www.lazada.co.id/products/pdp-i8332570364.html,250GR DODOL KETAN HITAM ASLI DODOL BETAWI DODOL MPOK IYEK ENAK GURIH DAN LEZAT BISA COD DODOL ASLI BOGOR DODOL KUE LEBARAN DODOL ACARA PERNIKAHAN,250gr dodol ketan hitam asli dodol betawi dodol mpok iyek enak gurih lezat bisa cod dodol asli dodol kue lebaran dodol acara pernikahan,Makanan,Camilan & Snack,lazada,Kab. Bogor,Bogor,Tidak Diketahui,17500.0,33.0,4.8,0.6578713951011086,0.5053244961570065,0.95,13.266465452978318,16.926530518157573,1,2,0,1,True,False,False,False,True,False,False,False,False,1,1,0,0,0,0
https://www.lazada.co.id/products/pdp-i6024960778.html,500 GR KACANG BOGOR / KACANG BOGOR ASLI / KACANG BOGOR SUPER GROSIR,gr kacang kacang asli kacang super grosir,Makanan,Camilan & Snack,lazada,Kota Jakarta Pusat,Jakarta,Tidak Diketahui,111075.75,345.0,4.8,1.0000000000000002,0.9191275637617694,0.95,17.4615121231024,28.062906120277074,1,2,0,3,True,False,False,False,False,False,True,False,False,0,1,0,0,0,2
https://www.lazada.co.id/products/pdp-i6030464074.html,500GR KACANG BOGOR KECIL / KACANG ASIN GURIH KORO KUPAS KILOAN GROSIR,500gr kacang kecil kacang asin gurih koro kupas kiloan grosir,Makanan,Camilan & Snack,lazada,Kota Jakarta Pusat,Jakarta,Tidak Diketahui,24999.0,347.0,4.8,0.7238949713988327,0.9201555630079611,0.95,15.975915998275555,28.09057190291748,1,2,0,3,True,False,False,False,False,False,True,False,False,0,1,0,0,0,0
https://www.lazada.co.id/products/pdp-i5264978479.html,"Opak Singkong Mentah (isi 40 pcs) Original, Pedas Asli Bogor - Duo Bocil Snack",opak singkong mentah isi pcs original pedas asli duo bocil snack,Makanan,Camilan & Snack,lazada,Kota Depok,Depok,Tidak Diketahui,17000.0,543.5,4.8,0.6525050059856217,1.0,0.95,16.038998437830575,30.23936612339047,1,2,0,2,True,False,False,False,False,True,False,False,False,0,1,0,0,0,0
https://www.lazada.co.id/products/pdp-i6892530306.html,KACANG BOGOR ASLI 250GR / KACANG BOGOR SUPER GROSIR SPESIAL (BISA COD),kacang asli 250gr kacang super grosir spesial bisa cod,Makanan,Camilan & Snack,lazada,Kota Jakarta Barat,Jakarta,Tidak Diketahui,45900.0,51.0,4.8,0.8363869897228866,0.5811055475086471,0.95,14.666046455958996,18.965969849190852,1,2,0,3,True,False,False,False,False,False,True,False,False,0,1,0,0,0,1
https://www.lazada.co.id/products/pdp-i5920950107.html,Kacang Bogor Asli 250 Gram / Kacang Bogor Super / Bogor Asin Gurih ( Kiloan ) LarisSnack,kacang asli gram kacang super asin gurih kiloan larissnack,Makanan,Camilan & Snack,lazada,Kota Jakarta Pusat,Jakarta,Tidak Diketahui,14000.0,518.0,4.8,0.6165616454472782,0.9914452562835293,0.95,15.796787988749864,30.009138639196262,1,2,0,3,True,False,False,False,False,False,True,False,False,0,1,0,0,0,0
https://www.lazada.co.id/products/pdp-i7284458950.html,Stik Talas biasa dan Stik Talas Kuning Oleh Oleh khas Bogor,stik talas biasa stik talas kuning,Makanan,Camilan & Snack,lazada,Kota Bogor,Bogor,Tidak Diketahui,35999.0,57.0,4.8,0.7914043392659964,0.6005820466253392,0.95,14.534298194452063,19.49012645062281,1,2,0,1,True,False,False,False,True,False,False,False,False,1,1,0,0,0,1
https://www.lazada.co.id/products/pdp-i18817624144.html,Kue Enting Jahe Manis Hangat 160 Gram / Teng Teng Noga Asli Betawie - Sari Renyah,kue enting jahe manis hangat gram teng teng noga asli betawie sari renyah,Makanan,Camilan & Snack,lazada,Kota Depok,Depok,Tidak Diketahui,20000.0,6.0,4.8,0.6825918337619945,0.2234395151311685,0.95,11.695255355062795,9.340368715465504,1,2,0,2,True,False,False,False,False,True,False,False,False,0,1,0,0,0,0
https://www.lazada.co.id/products/pdp-i8715522261.html,super murah kerupuk mentah/ kerupuk ASOY mentah khas orang bogor,super murah kerupuk mentah kerupuk asoy mentah orang,Makanan,Camilan & Snack,lazada,Kab. Bogor,Bogor,Tidak Diketahui,13600.0,7.0,4.8,0.6111953341108016,0.24725582386086203,0.95,11.46374572492597,9.981319400063212,1,2,0,1,True,False,False,False,True,False,False,False,False,1,1,0,0,0,0
https://www.lazada.co.id/products/pdp-i8366390491.html,COD kerupuk  mentah murah/ jual kerupuk mentah ASOY khas orang bogor,cod kerupuk mentah murah jual kerupuk mentah asoy orang,Makanan,Camilan & Snack,lazada,Kab. Bogor,Bogor,Tidak Diketahui,18000.0,7.0,4.8,0.6630866065605672,0.24725582386086203,0.95,11.744045122410057,9.981319400063212,1,2,0,1,True,False,False,False,True,False,False,False,False,1,1,0,0,0,0
https://www.lazada.co.id/products/pdp-i8318804158.html,DODOL KETAN HITAM ASLI (400gr) DODOL BETAWI ASLI BOGOR DODOL MPOK IYEK,dodol ketan hitam asli 400gr dodol betawi asli dodol mpok iyek,Makanan,Camilan & Snack,lazada,Kab. Bogor,Bogor,Tidak Diketahui,22000.0,72.0,4.8,0.700236546918565,0.6416071734996068,0.95,14.27546448266944,20.594205317512277,1,2,0,1,True,False,False,False,True,False,False,False,False,1,1,0,0,0,0
https://www.lazada.co.id/products/pdp-i4652574386.html,Cemilan Brondong Khas Bogor,cemilan brondong,Makanan,Camilan & Snack,lazada,Kab. Bogor,Bogor,Tidak Diketahui,25000.0,76.0,4.8,0.723902376778526,0.6511218226094089,0.95,14.45736497045232,20.85026602489768,1,2,0,1,True,False,False,False,True,False,False,False,False,1,1,0,0,0,0
https://www.lazada.co.id/products/pdp-i6030434571.html,1 KG KACANG BOGOR KECIL / KACANG ASIN GURIH / KORO KUPAS KILOAN GROSIR,kg kacang kecil kacang asin gurih koro kupas kiloan grosir,Makanan,Camilan & Snack,lazada,Kota Jakarta Pusat,Jakarta,Tidak Diketahui,49999.0,87.0,4.8,0.8522229892738429,0.6749381313391024,0.95,15.285666632754493,21.491216709495394,1,2,0,3,True,False,False,False,False,False,True,False,False,0,1,0,0,0,1
https://www.lazada.co.id/products/pdp-i7866660829.html,Ting Ting Wijen El-Messi Probolinggo (isi 115 pcs) / Teng Teng Enting Jipang Wijen 500 Gram - Molagi Snack,ting ting wijen el messi probolinggo isi pcs teng teng enting jipang wijen gram molagi snack,Makanan,Camilan & Snack,lazada,Kota Depok,Depok,Tidak Diketahui,42000.0,9.0,4.8,0.8199479258863125,0.28705512202352834,0.95,12.84265212010087,11.05240844637142,1,2,0,2,True,False,False,False,False,True,False,False,False,0,1,0,0,0,1
https://www.lazada.co.id/products/pdp-i8712982943.html,kacang Bogor/kacang koro kupas rasa asin gurih,kacang kacang koro kupas rasa asin gurih,Makanan,Camilan & Snack,lazada,Kota Bekasi,Bekasi,Tidak Diketahui,15000.0,9.0,4.8,0.6293339795923376,0.28705512202352834,0.95,11.813037464800539,11.05240844637142,1,2,0,0,True,False,False,True,False,False,False,False,False,0,1,0,0,0,0
https://www.lazada.co.id/products/pdp-i8666024720.html,keripik singkong khas bogor,keripik singkong,Makanan,Camilan & Snack,lazada,Kab. Bogor,Bogor,Tidak Diketahui,8200.0,194.0,4.8,0.5175362870702513,0.8168504501235041,0.95,14.279748220930008,25.310397881105985,1,2,0,1,True,False,False,False,True,False,False,False,False,1,1,0,0,0,0
https://www.lazada.co.id/products/pdp-i7446618269.html,KAOS DISTRO KATA KATA BIARIN PUTUS YANG PENTING UDAH PERNAH GUA NAIKIN  24S (LEBIH TEBAL DARI 30S) ADEM NYAMAN DI PAKAI DAYA SERAP KERINGAT TINGGI 109/255,kaos distro kata kata biarin putus penting udah pernah gua naikin 24s lebih tebal 30s adem nyaman pakai daya serap keringat tinggi,Makanan,Camilan & Snack,lazada,Kota Tangerang,Tangerang,Tidak Diketahui,69000.0,194.0,4.8,0.9118556300906138,0.8168504501235041,0.95,16.409720017347638,25.310397881105985,1,2,0,5,True,False,False,False,False,False,False,False,True,0,1,0,0,0,1
https://www.lazada.co.id/products/pdp-i18855912330.html,Opak Singkong Enye Mentah Original Gurih (isi 40 pcs) Asli Bogor - Tam Snack,opak singkong enye mentah original gurih isi pcs asli tam snack,Makanan,Camilan & Snack,lazada,Kota Tangerang Selatan,Tangerang,Tidak Diketahui,17000.0,194.0,4.8,0.6525050059856217,0.8168504501235041,0.95,15.008827085315705,25.310397881105985,1,2,0,5,True,False,False,False,False,False,False,False,True,0,1,0,0,0,0
https://www.lazada.co.id/products/pdp-i8283692177.html,DODOL BETAWI KETAN HITAM ASLI (500GR) DODOL BETAWI DODOL MPOK IYEK ENAK GURIH DAN LEZAT BISA COD DODOL ASLI BOGOR DODOL KUE LEBARAN DODOL ACARA PERNIKAHAN,dodol betawi ketan hitam asli 500gr dodol betawi dodol mpok iyek enak gurih lezat bisa cod dodol asli dodol kue lebaran dodol acara pernikahan,Makanan,Camilan & Snack,lazada,Kab. Bogor,Bogor,Tidak Diketahui,17000.0,194.0,4.8,0.6525050059856217,0.8168504501235041,0.95,15.008827085315705,25.310397881105985,1,2,0,1,True,False,False,False,True,False,False,False,False,1,1,0,0,0,0
https://www.lazada.co.id/products/pdp-i18853522513.html,Opak Singkong Enye Mentah Pedas Balado (isi 40 pcs) Asli Bogor - Tam Snack,opak singkong enye mentah pedas balado isi pcs asli tam snack,Makanan,Camilan & Snack,lazada,Kota Tangerang Selatan,Tangerang,Tidak Diketahui,18000.0,194.0,4.8,0.6630866065605672,0.8168504501235041,0.95,15.065985482310431,25.310397881105985,1,2,0,5,True,False,False,False,False,False,False,False,True,0,1,0,0,0,0
https://www.lazada.co.id/products/pdp-i7348972441.html,keripik singkong renyah gurih asli kab Bogor,keripik singkong renyah gurih asli kab,Makanan,Camilan & Snack,lazada,Kab. Bogor,Bogor,Tidak Diketahui,27000.0,194.0,4.8,0.7381502564829485,0.8168504501235041,0.95,15.471450494962339,25.310397881105985,1,2,0,1,True,False,False,False,True,False,False,False,False,1,1,0,0,0,0
https://www.lazada.co.id/products/pdp-i7349044288.html,keripik singkong tipis renyah dan gurih dijamin enak asli kab Bogor,keripik singkong tipis renyah gurih dijamin enak asli kab,Makanan,Camilan & Snack,lazada,Kab. Bogor,Bogor,Tidak Diketahui,28000.0,194.0,4.8,0.7448830515980944,0.8168504501235041,0.95,15.507818132314908,25.310397881105985,1,2,0,1,True,False,False,False,True,False,False,False,False,1,1,0,0,0,0
https://www.lazada.co.id/products/pdp-i7551288090.html,"Dodol Khas Bogor Hitam ,kuning ketan kelapa pulen khas Bogor per biji pernampan",dodol hitam kuning ketan kelapa pulen per biji pernampan,Makanan,Camilan & Snack,lazada,Kab. Bogor,Bogor,Tidak Diketahui,60000.0,194.0,4.8,0.8859807588182942,0.8168504501235041,0.95,16.269958086178214,25.310397881105985,1,2,0,1,True,False,False,False,True,False,False,False,False,1,1,0,0,0,1
https://www.lazada.co.id/products/pdp-i8344986904.html,teng teng gepok/Ting Ting gepok/Enting Klenteng,teng teng gepok ting ting gepok enting klenteng,Makanan,Camilan & Snack,lazada,Kota Jakarta Selatan,Jakarta,Tidak Diketahui,18000.0,194.0,4.8,0.6630866065605672,0.8168504501235041,0.95,15.065985482310431,25.310397881105985,1,2,0,3,True,False,False,False,False,False,True,False,False,0,1,0,0,0,0
https://www.lazada.co.id/products/pdp-i8318356105.html,oleh-oleh khas Bogor,oleh oleh khas bogor,Makanan,Camilan & Snack,lazada,Kab. Bogor,Bogor,Tidak Diketahui,35000.0,194.0,4.8,0.786194123540094,0.8168504501235041,0.95,15.730961646810274,25.310397881105985,1,2,0,1,True,False,False,False,True,False,False,False,False,1,1,0,0,0,1
https://www.lazada.co.id/products/pdp-i8713082697.html,kacang Bogor/ kacang koro kupas pedas manis,kacang kacang koro kupas pedas manis,Makanan,Camilan & Snack,lazada,Kota Bekasi,Bekasi,Tidak Diketahui,15000.0,194.0,4.8,0.6293339795923376,0.8168504501235041,0.95,14.883663982790228,25.310397881105985,1,2,0,0,True,False,False,True,False,False,False,False,False,0,1,0,0,0,0
https://www.lazada.co.id/products/pdp-i8631434327.html,Rengginang Mini mentah khas Bogor ketan Asli isi 60pcs berat 500gram,rengginang mini mentah ketan asli isi 60pcs berat 500gram,Makanan,Camilan & Snack,lazada,Kab. Bogor,Bogor,Tidak Diketahui,20000.0,194.0,4.8,0.6825918337619945,0.8168504501235041,0.95,15.171345969331382,25.310397881105985,1,2,0,1,True,False,False,False,True,False,False,False,False,1,1,0,0,0,0
https://www.lazada.co.id/products/pdp-i8008010362.html,250GR KACANG KORO PEDES / KORO KUPAS BALADO SUPER / BOGOR KECIL BALADO,250gr kacang koro pedes koro kupas balado super kecil balado,Makanan,Camilan & Snack,lazada,Kota Jakarta Pusat,Jakarta,Tidak Diketahui,14999.0,194.0,4.8,0.6293216374574047,0.8168504501235041,0.95,14.88359731392415,25.310397881105985,1,2,0,3,True,False,False,False,False,False,True,False,False,0,1,0,0,0,0
https://www.lazada.co.id/products/pdp-i7580044528.html,Rengginang khas Bogor Jawa Barat Indonesia Renyahh bisa COD,rengginang jawa barat indonesia renyahh bisa cod,Makanan,Camilan & Snack,lazada,Kab. Bogor,Bogor,Tidak Diketahui,17900.0,194.0,4.8,0.6620552507933162,0.8168504501235041,0.95,15.060414438860802,25.310397881105985,1,2,0,1,True,False,False,False,True,False,False,False,False,1,1,0,0,0,0
https://www.lazada.co.id/products/pdp-i8280178137.html,Kacang Bogor Super 500 Gram,kacang super gram,Makanan,Camilan & Snack,lazada,Kota Jakarta Utara,Jakarta,Tidak Diketahui,105000.0,194.0,4.8,0.9895856932892182,0.8168504501235041,0.95,16.829573837294788,25.310397881105985,1,2,0,3,True,False,False,False,False,False,True,False,False,0,1,0,0,0,2
https://www.lazada.co.id/products/pdp-i8280154746.html,Kacang Bogor Asli 250 Gram,kacang asli gram,Makanan,Camilan & Snack,lazada,Kota Jakarta Utara,Jakarta,Tidak Diketahui,55000.0,194.0,4.8,0.8698719100459005,0.8168504501235041,0.95,16.182946716998643,25.310397881105985,1,2,0,3,True,False,False,False,False,False,True,False,False,0,1,0,0,0,1
https://www.lazada.co.id/products/pdp-i8344758856.html,Kacang Bogor,kacang,Makanan,Camilan & Snack,lazada,Kota Jakarta Selatan,Jakarta,Tidak Diketahui,25000.0,194.0,4.8,0.723902376778526,0.8168504501235041,0.95,15.394489469099211,25.310397881105985,1,2,0,3,True,False,False,False,False,False,True,False,False,0,1,0,0,0,0
https://www.lazada.co.id/products/pdp-i1924656426.html,kripik singkong asli Bogor,kripik singkong asli,Makanan,Camilan & Snack,lazada,Kota Tangerang Selatan,Tangerang,Tidak Diketahui,12500.0,194.0,4.8,0.595581763987012,0.8168504501235041,0.95,14.70134249472477,25.310397881105985,1,2,0,5,True,False,False,False,False,False,False,False,True,0,1,0,0,0,0
https://www.lazada.co.id/products/pdp-i7729086104.html,basreng pedas khas bogor,basreng pedas,Makanan,Camilan & Snack,lazada,Kab. Bogor,Bogor,Tidak Diketahui,49500.0,194.0,4.8,0.8503660283626047,0.8168504501235041,0.95,16.07758621175423,25.310397881105985,1,2,0,1,True,False,False,False,True,False,False,False,False,1,1,0,0,0,1
https://www.lazada.co.id/products/pdp-i8752082913.html,RENGGINANG BOGOR ISI 60 PCS MINI,rengginang isi pcs mini,Makanan,Camilan & Snack,lazada,Kab. Bogor,Bogor,Tidak Diketahui,27000.0,194.0,4.8,0.7381502564829485,0.8168504501235041,0.95,15.471450494962339,25.310397881105985,1,2,0,1,True,False,False,False,True,False,False,False,False,1,1,0,0,0,0
https://www.lazada.co.id/products/pdp-i18862395533.html,Kerupuk ASOY Mentah Gurih Renyah / Krupuk Asoy Khas Bogor - Duo Bocil Snack,kerupuk asoy mentah gurih renyah krupuk asoy duo bocil snack,Makanan,Camilan & Snack,lazada,Kota Depok,Depok,Tidak Diketahui,18000.0,194.0,4.8,0.6630866065605672,0.8168504501235041,0.95,15.065985482310431,25.310397881105985,1,2,0,2,True,False,False,False,False,True,False,False,False,0,1,0,0,0,0
https://www.lazada.co.id/products/pdp-i8239116664.html,Aneka Macam Camilan Pedas Gurih Manis Khas Bogor SE000A 500Gram Termurah,aneka macam camilan pedas gurih manis se000a 500gram termurah,Makanan,Camilan & Snack,lazada,Kab. Bogor,Bogor,Tidak Diketahui,25000.0,194.0,4.8,0.723902376778526,0.8168504501235041,0.95,15.394489469099211,25.310397881105985,1,2,0,1,True,False,False,False,True,False,False,False,False,1,1,0,0,0,0
https://www.lazada.co.id/products/pdp-i7358118181.html,Cemilan keripik singkong ( 500gr ) mentah original Bogor - keripik singkong asli bogor,cemilan keripik singkong 500gr mentah original keripik singkong asli,Makanan,Camilan & Snack,lazada,Kab. Bogor,Bogor,Tidak Diketahui,15550.0,194.0,4.8,0.6360004504718473,0.8168504501235041,0.95,14.919674408158704,25.310397881105985,1,2,0,1,True,False,False,False,True,False,False,False,False,1,1,0,0,0,0
https://www.lazada.co.id/products/pdp-i8699190086.html,talas bogor segar fresh di panen saat mau di kirim pet kg,talas segar fresh panen saat mau kirim pet kg,Makanan,Kue & Roti,lazada,Kab. Bogor,Bogor,Tidak Diketahui,15000.0,11.0,4.9,0.6293339795923376,0.3195735163826218,0.9750000000000001,12.013706813470414,12.176042583961202,1,4,0,1,True,False,False,False,True,False,False,False,False,1,1,0,0,0,0
https://www.lazada.co.id/products/pdp-i7705504291.html,Lapis Bogor Kabayan - Cocopandan,lapis kabayan cocopandan,Makanan,Kue & Roti,lazada,Kota Jakarta Utara,Jakarta,Tidak Diketahui,42000.0,12.0,4.9,0.8199479258863125,0.3338497236477849,0.9750000000000001,13.130333531178522,12.56825185156153,1,4,0,3,True,False,False,False,False,False,True,False,False,0,1,0,0,0,1
https://www.lazada.co.id/products/pdp-i7953234046.html,pie susu Lembang mix | oleh oleh jakarta Bogor bandung,pie susu lembang mix jakarta bandung,Makanan,Kue & Roti,lazada,Kota Jakarta Utara,Jakarta,Tidak Diketahui,28000.0,13.0,4.9,0.7448830515980944,0.3470674270615996,0.9750000000000001,12.804911893867851,12.931380915114769,1,4,0,3,True,False,False,False,False,False,True,False,False,0,1,0,0,0,0
https://www.lazada.co.id/products/pdp-i8014606525.html,Talas bogor segar 1 iket (3 bonggol)asli bogor oleh oleh bogor,talas segar iket bonggol asli,Makanan,Kue & Roti,lazada,Kab. Bogor,Bogor,Tidak Diketahui,38000.0,139.0,4.9,0.8014191190140494,0.7577504610155589,0.9750000000000001,15.479815561161423,24.214047870785592,1,4,0,1,True,False,False,False,True,False,False,False,False,1,1,0,0,0,1
https://www.lazada.co.id/products/pdp-i7920708856.html,Oleh Oleh khas Bogor Roti Gambang Nostalgia,roti gambang nostalgia,Makanan,Kue & Roti,lazada,Kota Bogor,Bogor,Tidak Diketahui,19000.0,152.0,4.9,0.6730959730044923,0.7735877931309569,0.9750000000000001,14.876075125255182,24.649145814822933,1,4,0,1,True,False,False,False,True,False,False,False,False,1,1,0,0,0,0
https://www.lazada.co.id/products/pdp-i5831050679.html,talas ketan / talas bogor ungu per pcs,talas ketan talas ungu per pcs,Makanan,Kue & Roti,lazada,Kota Tangerang Selatan,Tangerang,Tidak Diketahui,18000.0,198.0,4.9,0.6630866065605672,0.8204720441039005,0.9750000000000001,15.08639434815641,25.937193641150014,1,4,0,5,True,False,False,False,False,False,False,False,True,0,1,0,0,0,0
https://www.lazada.co.id/products/pdp-i5554604247.html,Lapis Talas Bogor | Kabayan lapis bogor oleh oleh jakarta bogor nusantara brownies kukus bolu talas,lapis talas kabayan lapis jakarta nusantara brownies kukus bolu talas,Makanan,Kue & Roti,lazada,Kab. Tangerang,Tangerang,Tidak Diketahui,45000.0,543.5,4.9,0.832720847717568,1.0,0.9750000000000001,17.012447516200975,30.869352917627776,1,4,0,5,True,False,False,False,False,False,False,False,True,0,1,0,0,0,1
https://www.lazada.co.id/products/pdp-i7953220096.html,pie susu Lembang cokelat / coklat | oleh oleh jakarta Bogor bandung,pie susu lembang cokelat coklat jakarta bandung,Makanan,Kue & Roti,lazada,Kota Jakarta Utara,Jakarta,Tidak Diketahui,28000.0,20.0,4.9,0.7448830515980944,0.4193851195833594,0.9750000000000001,13.235693848424024,14.918159944844774,1,4,0,3,True,False,False,False,False,False,True,False,False,0,1,0,0,0,0
https://www.lazada.co.id/products/pdp-i7982464205.html,talas bogor 1kg / tales ketan asli bogor sangat lembut dan khas,talas 1kg tales ketan asli sangat lembut,Makanan,Kue & Roti,lazada,Kota Jakarta Timur,Jakarta,Tidak Diketahui,31000.0,22.0,4.9,0.7637262760475965,0.43561060718483363,0.9750000000000001,13.432786403100184,15.363921658052835,1,4,0,3,True,False,False,False,False,False,True,False,False,0,1,0,0,0,1
https://www.lazada.co.id/products/pdp-i7705512095.html,Lapis Bogor Kabayan - Full Talas,lapis kabayan full talas,Makanan,Kue & Roti,lazada,Kota Jakarta Utara,Jakarta,Tidak Diketahui,42000.0,23.0,4.9,0.8199479258863125,0.4432014283130529,0.9750000000000001,13.780920148390807,15.572463768704935,1,4,0,3,True,False,False,False,False,False,True,False,False,0,1,0,0,0,1
https://www.lazada.co.id/products/pdp-i7221202156.html,Lapis Bogor Sangkuriang Asli,lapis sangkuriang asli,Makanan,Kue & Roti,lazada,Kota Bogor,Bogor,Tidak Diketahui,52999.0,290.0,4.9,0.8630107897482675,0.8882511361241908,0.9750000000000001,16.547909312475284,27.799284009140315,1,4,0,1,True,False,False,False,True,False,False,False,False,1,1,0,0,0,1
https://www.lazada.co.id/products/pdp-i7225562105.html,Lapis Bogor Mini Pack,lapis mini pack,Makanan,Kue & Roti,lazada,Kota Bogor,Bogor,Tidak Diketahui,30999.0,39.0,4.9,0.7637203039440816,0.5343109458843904,0.9750000000000001,14.00527269816831,18.07550932515829,1,4,0,1,True,False,False,False,True,False,False,False,False,1,1,0,0,0,1
https://www.lazada.co.id/products/pdp-i8014638234.html,Talas bogor fresh 3 1iket tanpa bonggol asli bogor buah khas bogor,talas fresh 1iket tanpa bonggol asli buah,Makanan,Kue & Roti,lazada,Kab. Bogor,Bogor,Tidak Diketahui,38000.0,43.0,4.9,0.8014191190140494,0.5513102194086713,0.9750000000000001,14.306542166397001,18.54252920619948,1,4,0,1,True,False,False,False,True,False,False,False,False,1,1,0,0,0,1
https://www.lazada.co.id/products/pdp-i7705464563.html,Lapis Talas Bogor Kabayan - Original | oleh-oleh Nusantara jakarta Bogor brownies kukus,lapis talas kabayan original nusantara jakarta brownies kukus,Makanan,Kue & Roti,lazada,Kota Jakarta Utara,Jakarta,Tidak Diketahui,42000.0,52.0,4.9,0.8199479258863125,0.5845029335708227,0.9750000000000001,14.596669073722286,19.454430376405398,1,4,0,3,True,False,False,False,False,False,True,False,False,0,1,0,0,0,1
https://www.lazada.co.id/products/pdp-i7705488482.html,Lapis Bogor Kabayan - Ketan Hitam,lapis kabayan ketan hitam,Makanan,Kue & Roti,lazada,Kota Jakarta Utara,Jakarta,Tidak Diketahui,42000.0,55.0,4.9,0.8199479258863125,0.5943232509224617,0.9750000000000001,14.652758515398315,19.724223284602235,1,4,0,3,True,False,False,False,False,False,True,False,False,0,1,0,0,0,1
https://www.lazada.co.id/products/pdp-i7898596584.html,"kripik talas bogor 200 gr, enak gurih dan renyah,",kripik talas gr enak gurih renyah,Makanan,Kue & Roti,lazada,Kab. Bogor,Bogor,Tidak Diketahui,15000.0,36.5,4.9,0.6293339795923376,0.5228000246383855,0.9750000000000001,13.213119567155143,17.759270571584192,1,4,0,1,True,False,False,False,True,False,False,False,False,1,1,0,0,0,0
https://www.lazada.co.id/products/pdp-i8774434373.html,Talas Bogor [1 Ikat],talas ikat,Makanan,Kue & Roti,lazada,Kota Depok,Depok,Tidak Diketahui,48400.0,36.5,4.9,0.8462055293957889,0.5228000246383855,0.9750000000000001,14.384567919352106,17.759270571584192,1,4,0,2,True,False,False,False,False,True,False,False,False,0,1,0,0,0,1
https://www.lazada.co.id/products/pdp-i8173558303.html,Bonya(bogor enye),bonya enye,Makanan,Kue & Roti,lazada,Kab. Bogor,Bogor,Tidak Diketahui,3000.0,36.5,4.9,0.33141490984070643,0.5228000246383855,0.9750000000000001,11.603688960617083,17.759270571584192,1,4,0,1,True,False,False,False,True,False,False,False,False,1,1,0,0,0,0
https://www.lazada.co.id/products/pdp-i7953206239.html,pie susu Lembang original | oleh oleh jakarta Bogor Bandung,pie susu lembang original jakarta bandung,Makanan,Kue & Roti,lazada,Kota Jakarta Utara,Jakarta,Tidak Diketahui,28000.0,36.5,4.9,0.7448830515980944,0.5228000246383855,0.9750000000000001,13.83727302821889,17.759270571584192,1,4,0,3,True,False,False,False,False,False,True,False,False,0,1,0,0,0,0
https://www.lazada.co.id/products/pdp-i7792526984.html,Kue Rengginang Ketan/Khas Bogor/kue Rengginang mentah,kue rengginang ketan kue rengginang mentah,Makanan,Lauk & Bahan Makanan,lazada,Kab. Bogor,Bogor,Tidak Diketahui,1500.0,10.0,4.9,0.20314857385698692,0.3040543955478092,0.9750000000000001,9.61587214452889,11.749686836712018,1,5,0,1,True,False,False,False,True,False,False,False,False,1,1,0,0,0,0
https://www.lazada.co.id/products/pdp-i7375866132.html,Lapis Bogor Brownies Caramel Kukus 550gram,lapis brownies caramel kukus 550gram,Makanan,Lauk & Bahan Makanan,lazada,Kota Bogor,Bogor,Tidak Diketahui,52999.0,19.0,4.9,0.8630107897482675,0.4106830339539594,0.9750000000000001,13.822468296665074,14.679088140414557,1,5,0,1,True,False,False,False,True,False,False,False,False,1,1,0,0,0,1
https://www.lazada.co.id/products/pdp-i6970348641.html,talas bogor asli mentah pulen 1 ikat (isi 3/6 buah) tergantung ukuran,talas asli mentah pulen ikat isi buah tergantung ukuran,Makanan,Lauk & Bahan Makanan,lazada,Kota Bogor,Bogor,Tidak Diketahui,60000.0,24.0,4.9,0.8859807588182942,0.45048233211662564,0.9750000000000001,14.180154365996387,15.772491541854183,1,5,0,1,True,False,False,False,True,False,False,False,False,1,1,0,0,0,1
https://www.lazada.co.id/products/pdp-i8149610805.html,Kerupuk mie kuning khas Bogor/ukuran besar,kerupuk mie kuning ukuran besar,Makanan,Lauk & Bahan Makanan,lazada,Kab. Bogor,Bogor,Tidak Diketahui,16000.0,28.0,4.9,0.6412817535440904,0.47695413469490816,0.9750000000000001,13.012550743537489,16.499749566933726,1,5,0,1,True,False,False,False,True,False,False,False,False,1,1,0,0,0,0
https://www.lazada.co.id/products/pdp-i8014694605.html,1 kajang oncom hitam khas bogor..makanan sehat..tanpa pengawet,kajang oncom hitam makanan sehat tanpa pengawet,Makanan,Lauk & Bahan Makanan,lazada,Kab. Bogor,Bogor,Tidak Diketahui,19000.0,97.0,4.9,0.6730959730044923,0.6941348541231992,0.9750000000000001,14.426905779245411,22.466340645485808,1,5,0,1,True,False,False,False,True,False,False,False,False,1,1,0,0,0,0
https://www.lazada.co.id/products/pdp-i8014674809.html,1 Kajang Oncom Hitam Khas Bogor Makanan Sehat Tanpa Pengawet Te000uat Dari Kacang Tanah Untuk Masakan,kajang oncom hitam makanan sehat tanpa pengawet te000uat kacang tanah masakan,Makanan,Lauk & Bahan Makanan,lazada,Kab. Bogor,Bogor,Tidak Diketahui,17000.0,97.0,4.9,0.6525050059856217,0.6941348541231992,0.9750000000000001,14.31568020796969,22.466340645485808,1,5,0,1,True,False,False,False,True,False,False,False,False,1,1,0,0,0,0
https://www.lazada.co.id/products/pdp-i7789684464.html,Opak Singkong/Kerupuk Singkong/Enye-Enye Singkong Khas Bogor Original/Camilan Sunda/Tipis/Mentah Siap Goreng,opak singkong kerupuk singkong enye enye singkong original camilan sunda tipis mentah siap goreng,Makanan,Lauk & Bahan Makanan,lazada,Kab. Bogor,Bogor,Tidak Diketahui,12500.0,97.0,4.9,0.595581763987012,0.6941348541231992,0.9750000000000001,14.008195726535703,22.466340645485808,1,5,0,1,True,False,False,False,True,False,False,False,False,1,1,0,0,0,0
https://www.lazada.co.id/products/pdp-i8643544312.html,talas bogor satu ieket isi 3.asli enak dan renyah bisa di goreng bisa juga di kukus,talas satu ieket isi asli enak renyah bisa goreng bisa kukus,Makanan,Lauk & Bahan Makanan,lazada,Kab. Bogor,Bogor,Tidak Diketahui,35000.0,97.0,4.9,0.786194123540094,0.6941348541231992,0.9750000000000001,15.0378146135257,22.466340645485808,1,5,0,1,True,False,False,False,True,False,False,False,False,1,1,0,0,0,1
https://www.lazada.co.id/products/pdp-i7911882581.html,Snack Krupuk Mie Khas Bogor Kantong Jumbo,snack krupuk mie kantong jumbo,Makanan,Lauk & Bahan Makanan,lazada,Kota Tangerang,Tangerang,Tidak Diketahui,32500.0,97.0,4.9,0.7724743142258448,0.6941348541231992,0.9750000000000001,14.963706664029726,22.466340645485808,1,5,0,5,True,False,False,False,False,False,False,False,True,0,1,0,0,0,1
https://www.lazada.co.id/products/pdp-i8178346460.html,Enye kerupuk singkong khas bogor - 250 GR - BONYE,enye kerupuk singkong gr bonye,Makanan,Lauk & Bahan Makanan,lazada,Kab. Bogor,Bogor,Tidak Diketahui,5755.0,97.0,4.9,0.45199490203224957,0.6941348541231992,0.9750000000000001,13.232537091018031,22.466340645485808,1,5,0,1,True,False,False,False,True,False,False,False,False,1,1,0,0,0,0
https://www.lazada.co.id/products/pdp-i7749154078.html,basreng pedas daun jeruk khas bogor,basreng pedas daun jeruk,Makanan,Lauk & Bahan Makanan,lazada,Kab. Bogor,Bogor,Tidak Diketahui,18500.0,97.0,4.9,0.6681589252164364,0.6941348541231992,0.9750000000000001,14.400237546827933,22.466340645485808,1,5,0,1,True,False,False,False,True,False,False,False,False,1,1,0,0,0,0
https://www.lazada.co.id/products/pdp-i8632562401.html,Baso Aci Mini Hot Jeletot Khas Bogor /Baso Viral/Boci Bogor asli/1 bungkus/bociwi online sho,baso aci mini hot jeletot baso viral boci asli bungkus bociwi online sho,Makanan,Makanan Tradisional,lazada,Kota Bogor,Bogor,Tidak Diketahui,4000.0,18.0,4.9,0.38466042578261095,0.4015344965884274,0.9750000000000001,11.184435286790631,14.427750997915558,1,6,0,1,True,False,False,False,True,False,False,False,False,1,1,0,0,0,0
https://www.lazada.co.id/products/pdp-i8407764767.html,seblak instan termurah khas Bogor /1 bungkus seblak instan siap saji,seblak instan termurah bungkus seblak instan siap saji,Makanan,Makanan Tradisional,lazada,Kota Bogor,Bogor,Tidak Diketahui,4000.0,54.0,4.9,0.38466042578261095,0.5911095175713377,0.9750000000000001,12.283038316285214,19.63593260763911,1,6,0,1,True,False,False,False,True,False,False,False,False,1,1,0,0,0,0
https://www.lazada.co.id/products/pdp-i7692906977.html,Bamboe Bumbu Bebek Ungkep Goreng / Laksa / Bakmoy / Sop Konro,bamboe bumbu bebek ungkep goreng laksa bakmoy sop konro,Makanan,Makanan Tradisional,lazada,Kota Jakarta Barat,Jakarta,Tidak Diketahui,27900.0,543.5,4.9,0.7442206839100889,1.0,0.9750000000000001,16.534411740317903,30.869352917627776,1,6,0,3,True,False,False,False,False,False,True,False,False,0,1,0,0,0,0
https://www.lazada.co.id/products/pdp-i8625904353.html,Bakso aci khas bogor,bakso aci,Makanan,Makanan Tradisional,lazada,Kota Jakarta Timur,Jakarta,Tidak Diketahui,12000.0,543.5,4.9,0.5880246706823424,1.0,0.9750000000000001,15.69069178865859,30.869352917627776,1,6,0,3,True,False,False,False,False,False,True,False,False,0,1,0,0,0,0
https://www.lazada.co.id/products/pdp-i8625196879.html,seblak instan khas Bogor /seblak kuah/seblak pedas /seblak termurah,seblak instan seblak kuah seblak pedas seblak termurah,Makanan,Makanan Tradisional,lazada,Kota Bogor,Bogor,Tidak Diketahui,4000.0,543.5,4.9,0.38466042578261095,1.0,0.9750000000000001,14.592079806644787,30.869352917627776,1,6,0,1,True,False,False,False,True,False,False,False,False,1,1,0,0,0,0
https://www.lazada.co.id/products/pdp-i8335410191.html,Baso Aci jeletot instan gurih khas bogor,baso aci jeletot instan gurih,Makanan,Makanan Tradisional,lazada,Kota Bogor,Bogor,Tidak Diketahui,4000.0,543.5,4.9,0.38466042578261095,1.0,0.9750000000000001,14.592079806644787,30.869352917627776,1,6,0,1,True,False,False,False,True,False,False,False,False,1,1,0,0,0,0
https://www.lazada.co.id/products/pdp-i5549052928.html,Kopi Liong Bulan Plus Gula Oleh Oleh Bogor Murah 20 Sachet 28 Gr,kopi liong bulan plus gula murah sachet gr,Minuman,Kopi,lazada,Kota Bogor,Bogor,Tidak Diketahui,42800.0,543.5,4.9,0.823441120621168,1.0,0.9750000000000001,16.962323131120087,30.869352917627776,2,3,0,1,True,False,False,False,True,False,False,False,False,1,0,1,0,0,1
https://www.lazada.co.id/products/pdp-i5818566981.html,Kopi Liong Bulan 200 gr Tanpa Gula oleh oleh Bogor - Kopi bubuk Liong Bulan - 200 gr - Minuman kopi giling tanpa gula.,kopi liong bulan gr tanpa gula kopi bubuk liong bulan gr minuman kopi giling tanpa gula,Minuman,Kopi,lazada,Kota Bogor,Bogor,Tidak Diketahui,65800.0,543.5,4.9,0.9030641648979769,1.0,0.9750000000000001,17.392404851837078,30.869352917627776,2,3,0,1,True,False,False,False,True,False,False,False,False,1,0,1,0,0,1
https://www.lazada.co.id/products/pdp-i5581512746.html,"Kopi Cap Teko Toko Agus Tanpa Gula Kopi Legendaris Kota Bogor, Oleh oleh Bogor",kopi cap teko toko agus tanpa gula kopi legendaris kota,Minuman,Kopi,lazada,Kota Bogor,Bogor,Tidak Diketahui,33200.0,543.5,4.9,0.7764194495457202,1.0,0.9750000000000001,16.708334916885313,30.869352917627776,2,3,0,1,True,False,False,False,True,False,False,False,False,1,0,1,0,0,1
https://www.lazada.co.id/products/pdp-i1003480092.html,Kopi Cap Teko Kopi Asli Bogor,kopi cap teko kopi asli,Minuman,Kopi,lazada,Kab. Bogor,Bogor,Tidak Diketahui,42000.0,21.0,4.9,0.8199479258863125,0.42768230747824026,0.9750000000000001,13.689948468775134,15.146108021455749,2,3,0,1,True,False,False,False,True,False,False,False,False,1,0,1,0,0,1
https://www.lazada.co.id/products/pdp-i4765894140.html,Kopi Cap Teko Asli Bogor Kecil (Bungkus Kertas) 1 Pak Isi 30 Bks X 8gr Giling Kasar Lebih Harum Tanpa Gula,kopi cap teko asli kecil bungkus kertas pak isi bks 8gr giling kasar lebih harum tanpa gula,Minuman,Kopi,lazada,Kota Bogor,Bogor,Tidak Diketahui,39900.0,543.5,4.9,0.8104518099451157,1.0,0.9750000000000001,16.892161355552663,30.869352917627776,2,3,0,1,True,False,False,False,True,False,False,False,False,1,0,1,0,0,1
https://www.lazada.co.id/products/pdp-i2295866265.html,Kopi Cap Teko ASLI Bogor Toko Agus Tanpa Gula Kopi Legen Khas Kota Bogor 250 Gram 80 Gram dan 40 Gram Kopi Murah Kopi Enak,kopi cap teko asli toko agus tanpa gula kopi legen kota gram gram gram kopi murah kopi enak,Minuman,Kopi,lazada,Kota Bogor,Bogor,Tidak Diketahui,37200.0,543.5,4.9,0.7974799646439705,1.0,0.9750000000000001,16.82209379628289,30.869352917627776,2,3,0,1,True,False,False,False,True,False,False,False,False,1,0,1,0,0,1
https://www.lazada.co.id/products/pdp-i5592078714.html,Kopi Gula Liong Bulan oleh oleh Bogor,kopi gula liong bulan,Minuman,Kopi,lazada,Kota Bogor,Bogor,Tidak Diketahui,39700.0,543.5,4.9,0.8095214886739517,1.0,0.9750000000000001,16.8871362195823,30.869352917627776,2,3,0,1,True,False,False,False,True,False,False,False,False,1,0,1,0,0,1
https://www.lazada.co.id/products/pdp-i7572834825.html,Kopi Piala 250 gram Tanpa Gula kopi khas oleh oleh kota bogor,kopi piala gram tanpa gula kopi kota,Minuman,Kopi,lazada,Kota Bogor,Bogor,Tidak Diketahui,38500.0,51.0,4.9,0.8038391973284382,0.5811055475086471,0.9750000000000001,14.490239662294698,19.361094221048997,2,3,0,1,True,False,False,False,True,False,False,False,False,1,0,1,0,0,1
https://www.lazada.co.id/products/pdp-i8264020366.html,Kopi Cap Teko Asli Bogor kopi tradisional instan rasanya enak dan harum asli bogor,kopi cap teko asli kopi tradisional instan rasanya enak harum asli,Minuman,Kopi,lazada,Kota Tangerang Selatan,Tangerang,Tidak Diketahui,16500.0,76.0,4.9,0.6469784122677282,0.6511218226094089,0.9750000000000001,14.04184979762285,21.284646567083055,2,3,0,5,True,False,False,False,False,False,False,False,True,0,0,1,0,0,0
https://www.lazada.co.id/products/pdp-i8752584660.html,Kaos Kopi Liong Bulan - Raja Liong - Kopi Khas Bogor Liong Bulan Bisa Cod Part2,kaos kopi liong bulan raja liong kopi liong bulan bisa cod part2,Minuman,Kopi,lazada,Kota Jakarta Barat,Jakarta,Tidak Diketahui,50900.0,224.0,4.9,0.8555294767718904,0.8423735410210074,0.9750000000000001,16.249264342100638,26.53889197080166,2,3,0,3,True,False,False,False,False,False,True,False,False,0,0,1,0,0,1
https://www.lazada.co.id/products/pdp-i8753972248.html,Promo Kopi Liong Bulan Nikmat Asli Khas Bogor Oleh Oleh Murah,promo kopi liong bulan nikmat asli murah,Minuman,Kopi,lazada,Kab. Bogor,Bogor,Tidak Diketahui,38500.0,224.0,4.9,0.8038391973284382,0.8423735410210074,0.9750000000000001,15.970059688086382,26.53889197080166,2,3,0,1,True,False,False,False,True,False,False,False,False,1,0,1,0,0,1
https://www.lazada.co.id/products/pdp-i8753892948.html,PROMO KOPI LIONG BULAN PLUS GULA ASLI BOGOR OLEH - OLEH MURAH,promo kopi liong bulan plus gula asli murah,Minuman,Kopi,lazada,Kab. Bogor,Bogor,Tidak Diketahui,38500.0,224.0,4.9,0.8038391973284382,0.8423735410210074,0.9750000000000001,15.970059688086382,26.53889197080166,2,3,0,1,True,False,False,False,True,False,False,False,False,1,0,1,0,0,1
https://www.lazada.co.id/products/pdp-i8209266818.html,Kopi Cap Piala Isi 15 Sachet Oleh-Oleh Khas Kota Bogor,kopi cap piala isi sachet kota,Minuman,Kopi,lazada,Kota Bogor,Bogor,Tidak Diketahui,17999.0,224.0,4.9,0.6630763213909865,0.8423735410210074,0.9750000000000001,15.20971777966414,26.53889197080166,2,3,0,1,True,False,False,False,True,False,False,False,False,1,0,1,0,0,0
https://www.lazada.co.id/products/pdp-i8664820204.html,kopi pait oplet khas bogor kemasan 1 pak isi 30 pcs2 pak isi 60 pcs,kopi pait oplet kemasan pak isi pcs2 pak isi pcs,Minuman,Kopi,lazada,Kab. Bogor,Bogor,Tidak Diketahui,35500.0,224.0,4.9,0.7888201667589949,0.8423735410210074,0.9750000000000001,15.888934153073066,26.53889197080166,2,3,0,1,True,False,False,False,True,False,False,False,False,1,0,1,0,0,1
https://www.lazada.co.id/products/pdp-i7047716643.html,Te000aru green tea cap pucuk mas/ teh hijau cap pucuk mas/ teh hijau berkhasiat/ teh hijau pelangsing/ diet/ oleh oleh puncak/ oleh oleh gunung mas/ oleh oleh bogor/ big promo/terlaris/ green tea alami / teh kesehatan/ teh hijau termurah,te000aru green tea cap pucuk mas teh hijau cap pucuk mas teh hijau berkhasiat teh hijau pelangsing diet puncak gunung mas big promo terlaris green tea alami teh kesehatan teh hijau termurah,Minuman,Teh,lazada,Kab. Bogor,Bogor,Tidak Diketahui,25000.0,36.0,4.9,0.723902376778526,0.5204059299612324,0.9750000000000001,13.710151153416941,17.6934977719567,2,9,0,1,True,False,False,False,True,False,False,False,False,1,0,1,0,0,0
https://www.lazada.co.id/products/pdp-i7062684877.html,black tea cap pucuk mas/ teh hitam berkhasiat/ teh sehat/ teh tubruk/ teh puncak/ teh hitam alami/ te000aru teh hitam pucuk mas/ oleh oleh puncak/ oleh oleh bogor/ oleh oleh gunung mas,black tea cap pucuk mas teh hitam berkhasiat teh sehat teh tubruk teh puncak teh hitam alami te000aru teh hitam pucuk mas puncak gunung mas,Minuman,Teh,lazada,Kab. Bogor,Bogor,Tidak Diketahui,25000.0,5.0,4.9,0.723902376778526,0.19594560445219078,0.9750000000000001,11.736077016252437,8.77962139921747,2,9,0,1,True,False,False,False,True,False,False,False,False,1,0,1,0,0,0
https://www.lazada.co.id/products/pdp-i7923746099.html,Sirup pala Cielo isi 630 ml asli buah pala oleh oleh kota bogor (Packing DUS),sirup pala cielo isi ml asli buah pala kota packing dus,Minuman,Minuman Tradisional,lazada,Kota Bogor,Bogor,Tidak Diketahui,35900.0,160.0,5.0,0.7908945078898744,0.7826780342464333,1.0,15.56366656380489,25.407021824922317,2,7,0,1,True,False,False,False,True,False,False,False,False,1,0,1,0,0,1
https://www.lazada.co.id/products/pdp-i7923762276.html,Sirup pala Cielo isi 630 ml asli buah pala oleh oleh kota bogor (Packing DUS),sirup pala cielo isi ml asli buah pala kota packing dus,Minuman,Minuman Tradisional,lazada,Kota Bogor,Bogor,Tidak Diketahui,30000.0,33.0,5.0,0.7576558265027287,0.5053244961570065,1.0,13.805461232211272,17.63180262308081,2,7,0,1,True,False,False,False,True,False,False,False,False,1,0,1,0,0,0
https://www.lazada.co.id/products/pdp-i8364262185.html,Sevenday.id - KAOS BUITENZORG BOGOR - KAOS BOGOR PRIDE - DISTRO PRIA DAN WANITA - KAOS VIRAL -TREND (COD),sevenday id kaos buitenzorg kaos pride distro pria wanita kaos viral trend cod,Pakaian & Fashion,Atasan & Pakaian Kasual,lazada,Kab. Bogor,Bogor,Tidak Diketahui,44520.0,11.0,5.0,0.8307354768541177,0.3195735163826218,1.0,13.10159112016894,12.424533248940001,3,1,0,1,True,False,False,False,True,False,False,False,False,1,0,0,1,0,1
https://www.lazada.co.id/products/pdp-i7273424355.html,KAOS PUTRI BOGOR COTTON COMBED 24S (LEBIH TEBAL DARI 30S) ADEM NYAMAN DI PAKAI DAYA SERAP KERINGAT TINGGI,kaos putri cotton combed 24s lebih tebal 30s adem nyaman pakai daya serap keringat tinggi,Pakaian & Fashion,Atasan & Pakaian Kasual,lazada,Kota Tangerang,Tangerang,Tidak Diketahui,69000.0,11.0,5.0,0.9118556300906138,0.3195735163826218,1.0,13.539758373899955,12.424533248940001,3,1,0,5,True,False,False,False,False,False,False,False,True,0,0,0,1,0,1
https://www.lazada.co.id/products/pdp-i8364260236.html,Sevenday.id - KAOS BOGOR RAIN CITY- BOGOR KOTA HUJAN- DISTRO PRIA DAN WANITA - VIRAL -TREND (COD),sevenday id kaos rain city kota hujan distro pria wanita viral trend cod,Pakaian & Fashion,Atasan & Pakaian Kasual,lazada,Kab. Bogor,Bogor,Tidak Diketahui,44520.0,12.0,5.0,0.8307354768541177,0.3338497236477849,1.0,13.188602326993639,12.824746787307683,3,1,0,1,True,False,False,False,True,False,False,False,False,1,0,0,1,0,1
https://www.lazada.co.id/products/pdp-i8631792447.html,Kaos Truck Pribumi Bogor Baju Combed Keren Pria Dewasa Distro Simple,kaos truck pribumi baju combed keren pria dewasa distro simple,Pakaian & Fashion,Atasan & Pakaian Kasual,lazada,Kab. Bogor,Bogor,Tidak Diketahui,39999.0,12.0,5.0,0.8109105949586692,0.3338497236477849,1.0,13.081518465954817,12.824746787307683,3,1,0,1,True,False,False,False,True,False,False,False,False,1,0,0,1,0,1
https://www.lazada.co.id/products/pdp-i8382006275.html,Kaos Truck Pribumi Bogor Baju Combed Keren Pria Dewasa Distro Simple,kaos truck pribumi baju combed keren pria dewasa distro simple,Pakaian & Fashion,Atasan & Pakaian Kasual,lazada,Kota Bogor,Bogor,Tidak Diketahui,46050.0,12.0,5.0,0.8369910169084369,0.3338497236477849,1.0,13.222391501097032,12.824746787307683,3,1,0,1,True,False,False,False,True,False,False,False,False,1,0,0,1,0,1
https://www.lazada.co.id/products/pdp-i6504106282.html,KAOS STM SEKAY DESAIN TERBARU 2022-VOL1 / stm SEKAY BOGOR terbaru bahan coombet,kaos stm sekay desain terbaru vol1 stm sekay terbaru bahan coombet,Pakaian & Fashion,Atasan & Pakaian Kasual,lazada,Kab. Bogor,Bogor,Tidak Diketahui,59999.0,13.0,5.0,0.8859776732074243,0.3470674270615996,1.0,13.567033813932046,13.195286648076294,3,1,0,1,True,False,False,False,True,False,False,False,False,1,0,0,1,0,1
https://www.lazada.co.id/products/pdp-i6895016163.html,KAWKAWSTORE Kaos / Tshirt - Bobotoh Persib Bandung- Kaos Bobotoh Viking Bogor Ciapus - Kaos Viking Bogor - Kaos Pria - Kaos Wanita / Botleg / Vintage 90s KAOS BISA COD BAJU KAOS PRIA DEWASA KAOS PRIA DISTRO ORIGINAL,kawkawstore kaos tshirt bobotoh persib bandung kaos bobotoh viking ciapus kaos viking kaos pria kaos wanita botleg vintage 90s kaos bisa cod baju kaos pria dewasa kaos pria distro original,Pakaian & Fashion,Atasan & Pakaian Kasual,lazada,Kab. Bogor,Bogor,Tidak Diketahui,45000.0,13.0,5.0,0.832720847717568,0.3470674270615996,1.0,13.279368835614243,13.195286648076294,3,1,0,1,True,False,False,False,True,False,False,False,False,1,0,0,1,0,1
https://www.lazada.co.id/products/pdp-i8676320513.html,(TERMURAH) Kaos Merchandise 1Dekade BOGOR CB GARDATALA BERSATU - BAJU Acara Satu Dekade BOGOR GARDATALA CB Bersatu Acara Tanggal 26 Juli 2025,termurah kaos merchandise 1dekade cb gardatala bersatu baju acara satu dekade gardatala cb bersatu acara tanggal juli,Pakaian & Fashion,Atasan & Pakaian Kasual,lazada,Kota Bogor,Bogor,Tidak Diketahui,38119.0,15.0,5.0,0.8019979727640552,0.3708837357912931,1.0,13.256520074485264,13.862943611198906,3,1,0,1,True,False,False,False,True,False,False,False,False,1,0,0,1,0,1
https://www.lazada.co.id/products/pdp-i7017362792.html,kaos ANTCUSTOM kaos persikabo bogor/kaos jackal/kaos persija jakarta/jakarta vs bogor/kaos anak bogor/kaos bola indonesia/kaos anime/kaos oversize/kaos unisex/kaos trendy/kaos distro murah/kaos digital printing,kaos antcustom kaos persikabo kaos jackal kaos persija jakarta jakarta vs kaos anak kaos bola indonesia kaos anime kaos oversize kaos unisex kaos trendy kaos distro murah kaos digital printing,Pakaian & Fashion,Atasan & Pakaian Kasual,lazada,Kota Jakarta Barat,Jakarta,Tidak Diketahui,39999.0,158.0,5.0,0.8109105949586692,0.7804485380230135,1.0,15.659204924042326,25.344521011101158,3,1,0,3,True,False,False,False,False,False,True,False,False,0,0,0,1,0,1
https://www.lazada.co.id/products/pdp-i8098118206.html,Baju Kaos Printing Tulisan Nama Daerah BOGOR Kualitas Bagus Warna Warni,baju kaos printing tulisan nama daerah kualitas bagus warna warni,Pakaian & Fashion,Atasan & Pakaian Kasual,lazada,Kota Jakarta Barat,Jakarta,Tidak Diketahui,27900.0,16.0,5.0,0.7442206839100889,0.3816965842265753,1.0,13.0089729301901,14.16606672028108,3,1,0,3,True,False,False,False,False,False,True,False,False,0,0,0,1,0,0
https://www.lazada.co.id/products/pdp-i5801842127.html,KAOS TRI DHARMA / KAOS STM TRIDHARMA BOGOR /BISA PILIH WARNA BAJU,kaos tri dharma kaos stm tridharma bisa pilih warna baju,Pakaian & Fashion,Atasan & Pakaian Kasual,lazada,Kab. Bogor,Bogor,Tidak Diketahui,59999.0,16.0,5.0,0.8859776732074243,0.3816965842265753,1.0,13.774672938321947,14.16606672028108,3,1,0,1,True,False,False,False,True,False,False,False,False,1,0,0,1,0,1
https://www.lazada.co.id/products/pdp-i7301574874.html,Kaos - Tshirt - Bogor Raincity - Kaos Bogor - Kaos Distro - Kaos Katun Combed - Cotton 30s - Pakaian Pria - Pakaian Wanita - Unisex,kaos tshirt raincity kaos kaos distro kaos katun combed cotton 30s pakaian pria pakaian wanita unisex,Pakaian & Fashion,Atasan & Pakaian Kasual,lazada,Kab. Bogor,Bogor,Tidak Diketahui,54000.0,166.0,5.0,0.8664748459680991,0.7892040320598968,1.0,16.008727225460287,25.589969062083778,3,1,0,1,True,False,False,False,True,False,False,False,False,1,0,0,1,0,1
https://www.lazada.co.id/products/pdp-i7014202163.html,kaos ANTCUSTOM kaos persikabo bogor/kaos anak bogor/kaos bola indonesia/kaos anime/kaos oversize/kaos unisex/kaos trendy/kaos distro murah/kaos digital printing,kaos antcustom kaos persikabo kaos anak kaos bola indonesia kaos anime kaos oversize kaos unisex kaos trendy kaos distro murah kaos digital printing,Pakaian & Fashion,Atasan & Pakaian Kasual,lazada,Kota Jakarta Barat,Jakarta,Tidak Diketahui,39999.0,17.0,5.0,0.8109105949586692,0.3918912089043816,1.0,13.429824547463705,14.451858789480823,3,1,0,3,True,False,False,False,False,False,True,False,False,0,0,0,1,0,1
https://www.lazada.co.id/products/pdp-i7222124790.html,KAOS PRIA PERSIKABO BOGOR / Ultras Persikabo Curva Sud / Persikabo Till i Die / Persikabo1973 / Kaos Persikab / Kaos Distro T-shirt / Kaos Lengan Pendek / Kaos Pria Kekinian / Kaos Pria Keren / Bebas Request / Kaos Cotton Combads / Kaos Murah / AIGO STORE,kaos pria persikabo ultras persikabo curva sud persikabo till die persikabo1973 kaos persikab kaos distro shirt kaos lengan pendek kaos pria kekinian kaos pria keren bebas request kaos cotton combads kaos murah aigo store,Pakaian & Fashion,Atasan & Pakaian Kasual,lazada,Kota Jakarta Barat,Jakarta,Tidak Diketahui,45000.0,17.0,5.0,0.832720847717568,0.3918912089043816,1.0,13.547632419997361,14.451858789480823,3,1,0,3,True,False,False,False,False,False,True,False,False,0,0,0,1,0,1
https://www.lazada.co.id/products/pdp-i5901756354.html,kaos STM Aoet dan KN kota bogor bahan catton combed 30s terlaris,kaos stm aoet kn kota bahan catton combed 30s terlaris,Pakaian & Fashion,Atasan & Pakaian Kasual,lazada,Kab. Bogor,Bogor,Tidak Diketahui,59999.0,17.0,5.0,0.8859776732074243,0.3918912089043816,1.0,13.835297498862912,14.451858789480823,3,1,0,1,True,False,False,False,True,False,False,False,False,1,0,0,1,0,1
https://www.lazada.co.id/products/pdp-i738618756.html,jas koko pria../ jasco hitam bordil merah./jasco bogor../COD../bisa bayar di tempat...!!!,jas koko pria jasco hitam bordil merah jasco cod bisa bayar tempat,Pakaian & Fashion,Atasan & Pakaian Kasual,lazada,Kab. Bogor,Bogor,Tidak Diketahui,95000.0,17.0,5.0,0.9710566080234229,0.3918912089043816,1.0,14.29484613383375,14.451858789480823,3,1,0,1,True,False,False,False,True,False,False,False,False,1,0,0,1,0,2
https://www.lazada.co.id/products/pdp-i1075200277.html,Kaos Urang sunda bandung sukabumi bogor gotong royong bageur someah Cotton Combed 24s Katun Kaos distro kasual fashion tshirt murah baju T-Shirt Pria / Atasan pria / Fashion Pria / Kaos Pria / Kaos Distro / Kaos polos / T-Shirt THANKS MOTHER,kaos urang sunda bandung sukabumi gotong royong bageur someah cotton combed 24s katun kaos distro kasual fashion tshirt murah baju shirt pria atasan pria fashion pria kaos pria kaos distro kaos polos shirt thanks mother,Pakaian & Fashion,Atasan & Pakaian Kasual,lazada,Kota Tangerang,Tangerang,Tidak Diketahui,47000.0,178.0,5.0,0.8407714277834921,0.8015806058847648,1.0,15.939686550515711,25.936929029203775,3,1,0,5,True,False,False,False,False,False,False,False,True,0,0,0,1,0,1
https://www.lazada.co.id/products/pdp-i6208618176.html,Kaos Distro Pria / Kaos Bogor Raincity / Kaos Distro Bandung / Kaos Terbaru 2021/ Atasan Pria / Kaos Murah / Baju Anak Laki Laki / Baju keren / Kaos Kekinian / Kaos Lengan Pendek / Fashion Pria / Kaos Unisex / Kaos Gratis Ongkir - Bisa Cod,kaos distro pria kaos raincity kaos distro bandung kaos terbaru atasan pria kaos murah baju anak laki laki baju keren kaos kekinian kaos lengan pendek fashion pria kaos unisex kaos gratis ongkir bisa cod,Pakaian & Fashion,Atasan & Pakaian Kasual,lazada,Kab. Bogor,Bogor,Tidak Diketahui,55000.0,18.0,5.0,0.8698719100459005,0.4015344965884274,1.0,13.805461232211272,14.722194895832201,3,1,0,1,True,False,False,False,True,False,False,False,False,1,0,0,1,0,1
https://www.lazada.co.id/products/pdp-i8074350684.html,KAOS SBYM ALLBASE VOL1 /KAOS SMK BOGOR/KAOS STM BOGOR,kaos sbym allbase vol1 kaos smk kaos stm,Pakaian & Fashion,Atasan & Pakaian Kasual,lazada,Kota Jakarta Barat,Jakarta,Tidak Diketahui,54999.0,19.0,5.0,0.8698685439275009,0.4106830339539594,1.0,13.859510218352316,14.978661367769954,3,1,0,3,True,False,False,False,False,False,True,False,False,0,0,0,1,0,1
https://www.lazada.co.id/products/pdp-i6970470446.html,KAWKAWSTORE KAOS VIKING SUKABUMI RAYA DISTRO - KAOS VIKING BANDUNG - KAOS PERSIB BANDUNG - KAOS BOBOTOH PERSIB - Kaos / Tshirt - Bobotoh Persib Bandung- Kaos Bobotoh Viking Bogor Selatan - Kaos Pria - Kaos Wanita / Botleg / Vintage 90s,kawkawstore kaos viking sukabumi raya distro kaos viking bandung kaos persib bandung kaos bobotoh persib kaos tshirt bobotoh persib bandung kaos bobotoh viking selatan kaos pria kaos wanita botleg vintage 90s,Pakaian & Fashion,Atasan & Pakaian Kasual,lazada,Kab. Bogor,Bogor,Tidak Diketahui,45000.0,219.0,5.0,0.832720847717568,0.8383653414321995,1.0,16.103489600040287,26.968137731761807,3,1,0,1,True,False,False,False,True,False,False,False,False,1,0,0,1,0,1
https://www.lazada.co.id/products/pdp-i7291966423.html,Tshirt / Kaos Pria - Kaos Distro - Kaos Streetwear - Bogor Buitenzorg - Cotton Combed 30s,tshirt kaos pria kaos distro kaos streetwear buitenzorg cotton combed 30s,Pakaian & Fashion,Atasan & Pakaian Kasual,lazada,Kab. Bogor,Bogor,Tidak Diketahui,54000.0,22.0,5.0,0.8664748459680991,0.43561060718483363,1.0,13.987782620655215,15.677471079645748,3,1,0,1,True,False,False,False,True,False,False,False,False,1,0,0,1,0,1
https://www.lazada.co.id/products/pdp-i6504136881.html,KAOS STM SEKAY BOGOR DESAIN TERBARU 2022 / koas STM SEKAY TERBARU bahan coombet,kaos stm sekay desain terbaru koas stm sekay terbaru bahan coombet,Pakaian & Fashion,Atasan & Pakaian Kasual,lazada,Kab. Bogor,Bogor,Tidak Diketahui,59999.0,23.0,5.0,0.8859776732074243,0.4432014283130529,1.0,14.137578114977327,15.890269151739728,3,1,0,1,True,False,False,False,True,False,False,False,False,1,0,0,1,0,1
https://www.lazada.co.id/products/pdp-i5850376235.html,kaos plat f bogor cianjur sukabumi/kaos pria wanita/kaos distro,kaos plat cianjur sukabumi kaos pria wanita kaos distro,Pakaian & Fashion,Atasan & Pakaian Kasual,lazada,Kab. Bogor,Bogor,Tidak Diketahui,35500.0,24.0,5.0,0.7888201667589949,0.45048233211662564,1.0,13.655342979519684,16.094379124341003,3,1,0,1,True,False,False,False,True,False,False,False,False,1,0,0,1,0,1
https://www.lazada.co.id/products/pdp-i7470138297.html,KAOS KATA - BOGOR RAIN CITY / KAOS MURAH / KAOS DISTRO / KAOS PRIA / KAOS WANITA / KAOS SUNDA,kaos kata rain city kaos murah kaos distro kaos pria kaos wanita kaos sunda,Pakaian & Fashion,Atasan & Pakaian Kasual,lazada,Kab. Bogor,Bogor,Tidak Diketahui,47500.0,26.0,5.0,0.8427305389407478,0.4642089014261414,1.0,14.026582337760486,16.479184330021646,3,1,0,1,True,False,False,False,True,False,False,False,False,1,0,0,1,0,1
https://www.lazada.co.id/products/pdp-i7470110865.html,KAOS BOGOR TUGU KUJANG - KAOS BUITENZORG - KAOS BOGOR RAIN CITY - Tshirt Kaos Bogor Distro,kaos tugu kujang kaos buitenzorg kaos rain city tshirt kaos distro,Pakaian & Fashion,Atasan & Pakaian Kasual,lazada,Kab. Bogor,Bogor,Tidak Diketahui,47500.0,28.0,5.0,0.8427305389407478,0.47695413469490816,1.0,14.100690252077353,16.83647914993237,3,1,0,1,True,False,False,False,True,False,False,False,False,1,0,0,1,0,1
https://www.lazada.co.id/products/pdp-i6796026624.html,Kaos Bobotoh Persib Bandung- Kaos Bobotoh Viking Bogor Selatan - Bobotoh Bandung - Kaos Pria - Kaos Wanita / Botleg / Vintage 90s,kaos bobotoh persib bandung kaos bobotoh viking selatan bobotoh bandung kaos pria kaos wanita botleg vintage 90s,Pakaian & Fashion,Atasan & Pakaian Kasual,lazada,Kab. Bogor,Bogor,Tidak Diketahui,42500.0,30.0,5.0,0.8221388841556172,0.488849033216144,1.0,14.058457520888082,17.16993602242573,3,1,0,1,True,False,False,False,True,False,False,False,False,1,0,0,1,0,1
https://www.lazada.co.id/products/pdp-i7291906970.html,Tshirt / Kaos Pria - Kaos Distro - Bogor Raincity Is Wonderfull - Cotton Combed 30s,tshirt kaos pria kaos distro raincity is wonderfull cotton combed 30s,Pakaian & Fashion,Atasan & Pakaian Kasual,lazada,Kab. Bogor,Bogor,Tidak Diketahui,54000.0,31.0,5.0,0.8664748459680991,0.4945116477217241,1.0,14.330727127402945,17.328679513998633,3,1,0,1,True,False,False,False,True,False,False,False,False,1,0,0,1,0,1
https://www.lazada.co.id/products/pdp-i7301650300.html,KAOS DISTRO BOGOR BUITENZORG / KAOS BOGOR TUGU KUJANG / KAOS DISTRO BTZRG TERBARU - KATUN COMBED 30S,kaos distro buitenzorg kaos tugu kujang kaos distro btzrg terbaru katun combed 30s,Pakaian & Fashion,Atasan & Pakaian Kasual,lazada,Kab. Bogor,Bogor,Tidak Diketahui,54000.0,32.0,5.0,0.8664748459680991,0.5000000000000001,1.0,14.362475807049675,17.482537807332402,3,1,0,1,True,False,False,False,True,False,False,False,False,1,0,0,1,0,1
https://www.lazada.co.id/products/pdp-i673278266.html,"PAKAIAN BAJU PRIA UNIK, KAOS PERSIKABO SUPPORT LOCAL TEAM BAJU TIRA KABO BOGOR KABOMANIA",pakaian baju pria unik kaos persikabo support local team baju tira kabo kabomania,Pakaian & Fashion,Atasan & Pakaian Kasual,lazada,Kota Jakarta Barat,Jakarta,Tidak Diketahui,69000.0,34.0,5.0,0.9118556300906138,0.5104946371546969,1.0,14.668222734452927,17.776740307447067,3,1,0,3,True,False,False,False,False,False,True,False,False,0,0,0,1,0,1
https://www.lazada.co.id/products/pdp-i7470112786.html,KAOS BAJU T-SHIRT BOGOR OUR PRIDE BOGOR BUITENZORG BOGOR KOTA HUJAN,kaos baju shirt our pride buitenzorg kota hujan,Pakaian & Fashion,Atasan & Pakaian Kasual,lazada,Kab. Bogor,Bogor,Tidak Diketahui,47500.0,35.0,5.0,0.8427305389407478,0.5155191208348127,1.0,14.323833653015726,17.91759469228055,3,1,0,1,True,False,False,False,True,False,False,False,False,1,0,0,1,0,1
https://www.lazada.co.id/products/pdp-i673266403.html,"PAKAIAN BAJU PRIA UNIK, KAOS PERSIKABO LASKAR 1973 BAJU TSHIRT TIRA KABO BOGOR KABOMANIA",pakaian baju pria unik kaos persikabo laskar baju tshirt tira kabo kabomania,Pakaian & Fashion,Atasan & Pakaian Kasual,lazada,Kota Jakarta Barat,Jakarta,Tidak Diketahui,69900.0,36.0,5.0,0.9142548281917555,0.5204059299612324,1.0,14.738340264071034,18.05458956322112,3,1,0,3,True,False,False,False,False,False,True,False,False,0,0,0,1,0,1
https://www.lazada.co.id/products/pdp-i6970410583.html,KAWKAWSTORE KAOS ANNIVERSARY VIKING BANTEN SELATAN - KAOS VIKING BANDUNG - KAOS PERSIB BANDUNG - KAOS BOBOTOH PERSIB - Kaos / Tshirt - Bobotoh Persib Bandung- Kaos Bobotoh Viking Bogor Selatan - Kaos Pria - Kaos Wanita / Botleg / Vintage 90s,kawkawstore kaos anniversary viking banten selatan kaos viking bandung kaos persib bandung kaos bobotoh persib kaos tshirt bobotoh persib bandung kaos bobotoh viking selatan kaos pria kaos wanita botleg vintage 90s,Pakaian & Fashion,Atasan & Pakaian Kasual,lazada,Kab. Bogor,Bogor,Tidak Diketahui,45000.0,39.0,5.0,0.832720847717568,0.5343109458843904,1.0,14.377979984682511,18.44439727056968,3,1,0,1,True,False,False,False,True,False,False,False,False,1,0,0,1,0,1
https://www.lazada.co.id/products/pdp-i6739700127.html,Kaos Baju Racing Bogor Mothai Style Cotton Combed 30s - T-Shirt Pria -Atasan pria - Fashion Pria -Kaos Pria - Kaos Distro - Kaos polos - T-Shirt Distro - Kaos Termurah - Cotton Combed 30s -Kaos Terlaris - Kaos Viral - Kaos Sablon BossCustom,kaos baju racing mothai style cotton combed 30s shirt pria atasan pria fashion pria kaos pria kaos distro kaos polos shirt distro kaos termurah cotton combed 30s kaos terlaris kaos viral kaos sablon bosscustom,Pakaian & Fashion,Atasan & Pakaian Kasual,lazada,Kota Bogor,Bogor,Tidak Diketahui,44750.0,39.0,5.0,0.8316894574766194,0.5343109458843904,1.0,14.372408942816296,18.44439727056968,3,1,0,1,True,False,False,False,True,False,False,False,False,1,0,0,1,0,1
https://www.lazada.co.id/products/pdp-i7576766789.html,SATSET.KAOS Kaos / Tshirt - Bobotoh Persib Bandung- Kaos Bobotoh Viking Bogor - Kaos Viking Bogor - Kaos Pria - Kaos Wanita / Botleg / Vintage 90s,satset kaos kaos tshirt bobotoh persib bandung kaos bobotoh viking kaos viking kaos pria kaos wanita botleg vintage 90s,Pakaian & Fashion,Atasan & Pakaian Kasual,lazada,Kab. Bogor,Bogor,Tidak Diketahui,60789.0,40.0,5.0,0.8883994177147929,0.5387150554591977,1.0,14.704043995905906,18.56786033352154,3,1,0,1,True,False,False,False,True,False,False,False,False,1,0,0,1,0,1
https://www.lazada.co.id/products/pdp-i8352192566.html,T-SHIRT KAOS VIKING BOGOR KAOS MURAH/DISTRO /KAOS PRIA/ KAOS WANITA/COD BAYAR DI TEMPAT,shirt kaos viking kaos murah distro kaos pria kaos wanita cod bayar tempat,Pakaian & Fashion,Atasan & Pakaian Kasual,lazada,Kota Jakarta Barat,Jakarta,Tidak Diketahui,35000.0,42.0,5.0,0.786194123540094,0.5472098692750819,1.0,14.200773639026796,18.806000578467813,3,1,0,3,True,False,False,False,False,False,True,False,False,0,0,0,1,0,1
https://www.lazada.co.id/products/pdp-i8079876482.html,KAOS BOGOR STREET CULTURE KOTA HUJAN BUITENZORG RAIN CITY,kaos street culture kota hujan buitenzorg rain city,Pakaian & Fashion,Atasan & Pakaian Kasual,lazada,Kab. Bogor,Bogor,Tidak Diketahui,75000.0,5.0,5.0,0.9272925360154078,0.19594560445219078,1.0,12.834683971615659,8.958797346140274,3,1,0,1,True,False,False,False,True,False,False,False,False,1,0,0,1,0,1
https://www.lazada.co.id/products/pdp-i6964656884.html,BAJU T-SHIRT CASUAL PERSIKABO BOGOR KAOS SEPORTER PERSIKABO 1973 BOGOR,baju shirt casual persikabo kaos seporter persikabo,Pakaian & Fashion,Atasan & Pakaian Kasual,lazada,Kota Depok,Depok,Tidak Diketahui,55000.0,5.0,5.0,0.8698719100459005,0.19594560445219078,1.0,12.524530013005734,8.958797346140274,3,1,0,2,True,False,False,False,False,True,False,False,False,0,0,0,1,0,1
https://www.lazada.co.id/products/pdp-i6993254427.html,KAWKAWSTORE Kaos Persikabo Fans Bogor Kota / BAJU KAOS PRIA DEWASA - KAOS PRIA DISTRO ORIGINAL Kaos BAJU DISTRO Persikabo / Persikabo laskar pajajaran / bola terlaris / KABO MANIA / pria wanita terlaris,kawkawstore kaos persikabo fans kota baju kaos pria dewasa kaos pria distro original kaos baju distro persikabo persikabo laskar pajajaran bola terlaris kabo mania pria wanita terlaris,Pakaian & Fashion,Atasan & Pakaian Kasual,lazada,Kab. Bogor,Bogor,Tidak Diketahui,45600.0,5.0,5.0,0.8351729909575913,0.19594560445219078,1.0,12.337105293891872,8.958797346140274,3,1,0,1,True,False,False,False,True,False,False,False,False,1,0,0,1,0,1
https://www.lazada.co.id/products/pdp-i6796064430.html,Kaos Bobotoh Persib Bandung- Kaos Bobotoh Viking Bogor Timur - Bobotoh Bandung - Kaos Pria - Kaos Wanita / Botleg / Vintage 90s,kaos bobotoh persib bandung kaos bobotoh viking timur bobotoh bandung kaos pria kaos wanita botleg vintage 90s,Pakaian & Fashion,Atasan & Pakaian Kasual,lazada,Kab. Bogor,Bogor,Tidak Diketahui,42500.0,50.0,5.0,0.8221388841556172,0.5776421886787662,1.0,14.56928283092878,19.659128163621627,3,1,0,1,True,False,False,False,True,False,False,False,False,1,0,0,1,0,1
https://www.lazada.co.id/products/pdp-i6817104372.html,KAOS DISTRO BOGOR BUITENZORG / KAOS BOGOR TUGU KUJANG / KAOS DISTRO BTZRG TERBARU 2023,kaos distro buitenzorg kaos tugu kujang kaos distro btzrg terbaru,Pakaian & Fashion,Atasan & Pakaian Kasual,lazada,Kab. Bogor,Bogor,Tidak Diketahui,42000.0,534.0,5.0,0.8199479258863125,0.9968606969698065,1.0,16.925820780812824,31.41133373448003,3,1,0,1,True,False,False,False,True,False,False,False,False,1,0,0,1,0,1
https://www.lazada.co.id/products/pdp-i6480768785.html,BULLY Kaos T-shirt Distro Pria   - Kaos Distro Bogor  - Tshirt Pria Dan Wanita (08) - Kaos Distro Terbaru - Kaos Murah - Kaos Anak laki laki - Cotton Combed 30s - Kaos Terbaru - Polka Fashion - Baju Atasan Pria - Kaos Keren - Bisa Cod,bully kaos shirt distro pria kaos distro tshirt pria wanita kaos distro terbaru kaos murah kaos anak laki laki cotton combed 30s kaos terbaru polka fashion baju atasan pria kaos keren bisa cod,Pakaian & Fashion,Atasan & Pakaian Kasual,lazada,Kab. Bogor,Bogor,Tidak Diketahui,55000.0,55.0,5.0,0.8698719100459005,0.5943232509224617,1.0,14.922421980025536,20.12675845367575,3,1,0,1,True,False,False,False,True,False,False,False,False,1,0,0,1,0,1
https://www.lazada.co.id/products/pdp-i7810978981.html,Baju kaos Atasan I love bogor anak Dan Dewasa,baju kaos atasan love anak dewasa,Pakaian & Fashion,Atasan & Pakaian Kasual,lazada,Kota Jakarta Barat,Jakarta,Tidak Diketahui,21500.0,58.0,5.0,0.6959805047079692,0.6036309648942371,1.0,14.036252026586471,20.387687219528598,3,1,0,3,True,False,False,False,False,False,True,False,False,0,0,0,1,0,0
https://www.lazada.co.id/products/pdp-i7833268982.html,(15) KAOS DISTRO FASHION JLIES MOTIF KOTA BOGOR BISA COD  KAOS PRIA/WANITA KAOS MURAH STREETWEAR T-SHIRT,kaos distro fashion jlies motif kota bisa cod kaos pria wanita kaos murah streetwear shirt,Pakaian & Fashion,Atasan & Pakaian Kasual,lazada,Kota Jakarta Barat,Jakarta,Tidak Diketahui,48000.0,6.0,5.0,0.8446691358978033,0.2234395151311685,1.0,12.570719231334277,9.729550745276565,3,1,0,3,True,False,False,False,False,False,True,False,False,0,0,0,1,0,1
https://www.lazada.co.id/products/pdp-i7470110880.html,KAOS PRIA PERSIKABO BOGOR / Malang Disaster / Pray For Kanjuruhan / Kaos Distro T-shirt / Kaos Lengan Pendek / Kaos Pria Kekinian / Kaos Pria Keren / Bebas Request / Kaos Cotton Combads / Kaos Murah / AIGO STORE,kaos pria persikabo malang disaster pray for kanjuruhan kaos distro shirt kaos lengan pendek kaos pria kekinian kaos pria keren bebas request kaos cotton combads kaos murah aigo store,Pakaian & Fashion,Atasan & Pakaian Kasual,lazada,Kab. Bogor,Bogor,Tidak Diketahui,47500.0,6.0,5.0,0.8427305389407478,0.2234395151311685,1.0,12.560247968016562,9.729550745276565,3,1,0,1,True,False,False,False,True,False,False,False,False,1,0,0,1,0,1
https://www.lazada.co.id/products/pdp-i7222154967.html,[COD] KAOS PERSIKABO BOGOR / KAOS KABOMANIA / KAOS KABONITA / KAOS UPCS / KAOS VIRAL / KAOS LEMBUT / KAOS MURAH / KAOS REQUEST,cod kaos persikabo kaos kabomania kaos kabonita kaos upcs kaos viral kaos lembut kaos murah kaos request,Pakaian & Fashion,Atasan & Pakaian Kasual,lazada,Kota Jakarta Barat,Jakarta,Tidak Diketahui,45000.0,6.0,5.0,0.832720847717568,0.2234395151311685,1.0,12.506180941677357,9.729550745276565,3,1,0,3,True,False,False,False,False,False,True,False,False,0,0,0,1,0,1
https://www.lazada.co.id/products/pdp-i6975518044.html,Kaos Viking Persib Terbaru 2022 Viking Purworejo - Kaos / Tshirt Bobotoh Persib Bandung- Kaos Bobotoh Viking Purworejo - Kaos Viking Bogor - Kaos Pria - Kaos Wanita / Botleg / Vintage 90s,kaos viking persib terbaru viking purworejo kaos tshirt bobotoh persib bandung kaos bobotoh viking purworejo kaos viking kaos pria kaos wanita botleg vintage 90s,Pakaian & Fashion,Atasan & Pakaian Kasual,lazada,Kab. Bogor,Bogor,Tidak Diketahui,40500.0,6.0,5.0,0.8132150491455179,0.2234395151311685,1.0,12.400820837540556,9.729550745276565,3,1,0,1,True,False,False,False,True,False,False,False,False,1,0,0,1,0,1
https://www.lazada.co.id/products/pdp-i6895008693.html,KAWKAWSTORE KAOS Bobotoh Persib Bandung- Kaos Bobotoh Viking Bogor IPB - Kaos Viking Bogor - Kaos Pria - Kaos Wanita / Botleg / Vintage 90s KAOS BISA COD BAJU KAOS PRIA DEWASA KAOS PRIA DISTRO ORIGINAL,kawkawstore kaos bobotoh persib bandung kaos bobotoh viking ipb kaos viking kaos pria kaos wanita botleg vintage 90s kaos bisa cod baju kaos pria dewasa kaos pria distro original,Pakaian & Fashion,Atasan & Pakaian Kasual,lazada,Kab. Bogor,Bogor,Tidak Diketahui,45000.0,63.0,5.0,0.832720847717568,0.6181395596521552,1.0,14.857552847877614,20.79441541679836,3,1,0,1,True,False,False,False,True,False,False,False,False,1,0,0,1,0,1
https://www.lazada.co.id/products/pdp-i6875462447.html,KAWKAWSTORE Kaos Baju Distro BOGOR SOCIETY Cotton Combed 30s Premium / Atasan Sablon Pria Wanita Cowok Cewek Unisex Keren Lengan Pendek High Quality Tees T-SHIRT Tulisan Kata Logo Orang Bogor,kawkawstore kaos baju distro society cotton combed 30s premium atasan sablon pria wanita cowok cewek unisex keren lengan pendek high quality tees shirt tulisan kata logo orang,Pakaian & Fashion,Atasan & Pakaian Kasual,lazada,Kab. Bogor,Bogor,Tidak Diketahui,65789.0,67.0,5.0,0.9030332126269298,0.6289524080874375,1.0,15.298900776344368,21.097538525880534,3,1,0,1,True,False,False,False,True,False,False,False,False,1,0,0,1,0,1
https://www.lazada.co.id/products/pdp-i6875454435.html,KAWKAWSTORE Kaos Distro Baju Distro Cowok Cewek Motif Bogor Street Wear T-shirt Combed 30s Premium- Tsuraya Fashion - Kaos murah -Distro Bandung Baju Distro Baju Custom Combed 30s Baju Murah Baju Polos Baju Kekinian Baju Pria Baju Wanita Baju Hits (COD),kawkawstore kaos distro baju distro cowok cewek motif street wear shirt combed 30s premium tsuraya fashion kaos murah distro bandung baju distro baju custom combed 30s baju murah baju polos baju kekinian baju pria baju wanita baju hits cod,Pakaian & Fashion,Atasan & Pakaian Kasual,lazada,Kab. Bogor,Bogor,Tidak Diketahui,42123.0,67.0,5.0,0.8204893110681613,0.6289524080874375,1.0,14.853042162502007,21.097538525880534,3,1,0,1,True,False,False,False,True,False,False,False,False,1,0,0,1,0,1
https://www.lazada.co.id/products/pdp-i7981854703.html,KAOS DISTRO BOGOR BUITENZORG / KAOS BOGOR TUGU KUJANG / KAOS DISTRO BTZRG TERBARU 2023,kaos distro buitenzorg kaos tugu kujang kaos distro btzrg terbaru,Pakaian & Fashion,Atasan & Pakaian Kasual,lazada,Kab. Bogor,Bogor,Tidak Diketahui,58500.0,7.0,5.0,0.8812935446643941,0.24725582386086203,1.0,12.92269462427472,10.39720770839918,3,1,0,1,True,False,False,False,True,False,False,False,False,1,0,0,1,0,1
https://www.lazada.co.id/products/pdp-i8369662485.html,Kaos T shirt DEPOK BOGOR,kaos shirt depok,Pakaian & Fashion,Atasan & Pakaian Kasual,lazada,Kota Jakarta Pusat,Jakarta,Tidak Diketahui,47900.0,7.0,5.0,0.8442830370425238,0.24725582386086203,1.0,12.72278391485369,10.39720770839918,3,1,0,3,True,False,False,False,False,False,True,False,False,0,0,0,1,0,1
https://www.lazada.co.id/products/pdp-i8193418639.html,T-shirt Kaos Bogor  Brand Local Cotton Combed  / Kaos Distro Murah Keren Katun Unisex Hitam Baju Pria Crew Neck Cowok Polos Motif Pendek Panjang  Dewasa Oblong,shirt kaos brand local cotton combed kaos distro murah keren katun unisex hitam baju pria crew neck cowok polos motif pendek panjang dewasa oblong,Pakaian & Fashion,Atasan & Pakaian Kasual,lazada,Kab. Tangerang,Tangerang,Tidak Diketahui,52000.0,8.0,5.0,0.8594878016291434,0.2682632969739506,1.0,12.938442943086665,10.986122886681098,3,1,0,5,True,False,False,False,False,False,False,False,True,0,0,0,1,0,1
https://www.lazada.co.id/products/pdp-i7949306689.html,Kaos Atasan Bogor Bdr Kaos Pria Kaos Wanita Kaos Murah Kaos Distro Bandung Kaos Katun Distro Hitam Putih,kaos atasan bdr kaos pria kaos wanita kaos murah kaos distro bandung kaos katun distro hitam putih,Pakaian & Fashion,Atasan & Pakaian Kasual,lazada,Kota Jakarta Barat,Jakarta,Tidak Diketahui,27900.0,8.0,5.0,0.7442206839100889,0.2682632969739506,1.0,12.315827989765994,10.986122886681098,3,1,0,3,True,False,False,False,False,False,True,False,False,0,0,0,1,0,0
https://www.lazada.co.id/products/pdp-i7201036837.html,KAOS PRIA PERSIKABO BOGOR / Ultras Persikabo / Pray For Kanjuruhan / Kaos Distro T-shirt / Kaos Lengan Pendek / Kaos Pria Kekinian / Kaos Pria Keren / Bebas Request / Kaos Cotton Combads / Kaos Murah / AIGO STORE / JOLERA DRONSTORE POLKA FASHION,kaos pria persikabo ultras persikabo pray for kanjuruhan kaos distro shirt kaos lengan pendek kaos pria kekinian kaos pria keren bebas request kaos cotton combads kaos murah aigo store jolera dronstore polka fashion,Pakaian & Fashion,Atasan & Pakaian Kasual,lazada,Kota Jakarta Barat,Jakarta,Tidak Diketahui,45000.0,8.0,5.0,0.832720847717568,0.2682632969739506,1.0,12.793862088206213,10.986122886681098,3,1,0,3,True,False,False,False,False,False,True,False,False,0,0,0,1,0,1
https://www.lazada.co.id/products/pdp-i7313470008.html,KAOS PRIA PERSIKABO BOGOR / Malang Disaster / Pray For Kanjuruhan / Kaos Distro T-shirt / Kaos Lengan Pendek / Kaos Pria Kekinian / Kaos Pria Keren / Bebas Request / Kaos Cotton Combads / Kaos Murah / JANS CUSTOM,kaos pria persikabo malang disaster pray for kanjuruhan kaos distro shirt kaos lengan pendek kaos pria kekinian kaos pria keren bebas request kaos cotton combads kaos murah jans custom,Pakaian & Fashion,Atasan & Pakaian Kasual,lazada,Kota Bogor,Bogor,Tidak Diketahui,47050.0,8.0,5.0,0.8409682744347453,0.2682632969739506,1.0,12.838410343437973,10.986122886681098,3,1,0,1,True,False,False,False,True,False,False,False,False,1,0,0,1,0,1
https://www.lazada.co.id/products/pdp-i8711872360.html,(TERMURAH) Kaos Merchandise 1Dekade BOGOR CB GARDATALA BERSATU - BAJU Acara Satu Dekade BOGOR GARDATALA CB Bersatu Acara Tanggal 26 Juli 2025,termurah kaos merchandise 1dekade cb gardatala bersatu baju acara satu dekade gardatala cb bersatu acara tanggal juli,Pakaian & Fashion,Atasan & Pakaian Kasual,lazada,Kota Bogor,Bogor,Tidak Diketahui,32400.0,9.0,5.0,0.7719037976269645,0.28705512202352834,1.0,12.58314170846604,11.51292546497023,3,1,0,1,True,False,False,False,True,False,False,False,False,1,0,0,1,0,1
https://www.lazada.co.id/products/pdp-i8192594509.html,Kaos Stm Bastard reuni bogor / Kaos YKTB reuni Gor pakansari bogor / Kaos Stm bogor YKTB Bastard 423,kaos stm bastard reuni kaos yktb reuni gor pakansari kaos stm yktb bastard,Pakaian & Fashion,Atasan & Pakaian Kasual,lazada,Kab. Bogor,Bogor,Tidak Diketahui,59999.0,9.0,5.0,0.8859776732074243,0.28705512202352834,1.0,13.199309603615902,11.51292546497023,3,1,0,1,True,False,False,False,True,False,False,False,False,1,0,0,1,0,1
https://www.lazada.co.id/products/pdp-i6988490475.html,KAWKAWSTORE  Kaos Bobotoh Persib Bandung- Kaos Bobotoh Viking - Kaos Viking Bogor Selatan -  Kaos Pria - Kaos Wanita / Botleg / Vintage KAOS PRIA DISTRO - KAOS PRIA - KAOS DISTRO BANDUNG,kawkawstore kaos bobotoh persib bandung kaos bobotoh viking kaos viking selatan kaos pria kaos wanita botleg vintage kaos pria distro kaos pria kaos distro bandung,Pakaian & Fashion,Atasan & Pakaian Kasual,lazada,Kab. Bogor,Bogor,Tidak Diketahui,49100.0,9.0,5.0,0.8488639151348254,0.28705512202352834,1.0,12.998841154071691,11.51292546497023,3,1,0,1,True,False,False,False,True,False,False,False,False,1,0,0,1,0,1
https://www.lazada.co.id/products/pdp-i6894994448.html,KAWKAWSTORE Kaos / Tshirt - Bobotoh Persib Bandung- Kaos Bobotoh Viking Bogor Selatan - Kaos Viking Bogor - Kaos Pria - Kaos Wanita / Botleg / Vintage 90s KAOS BISA COD BAJU KAOS PRIA DEWASA KAOS PRIA DISTRO,kawkawstore kaos tshirt bobotoh persib bandung kaos bobotoh viking selatan kaos viking kaos pria kaos wanita botleg vintage 90s kaos bisa cod baju kaos pria dewasa kaos pria distro,Pakaian & Fashion,Atasan & Pakaian Kasual,lazada,Kab. Bogor,Bogor,Tidak Diketahui,45000.0,91.0,5.0,0.832720847717568,0.6828664310456958,1.0,15.225277519469522,22.608942885245202,3,1,0,1,True,False,False,False,True,False,False,False,False,1,0,0,1,0,1
https://www.lazada.co.id/products/pdp-i6154586629.html,Kaos Distro Baju Distro Cowok Cewek Motif Bogor Street Wear T-shirt Combed 30s Premium- Tsuraya Fashion - Kaos murah -Distro Bandung Baju Distro Baju Custom Combed 30s Baju Murah Baju Polos Baju Kekinian Baju Pria Baju Wanita Baju Hits (COD),kaos distro baju distro cowok cewek motif street wear shirt combed 30s premium tsuraya fashion kaos murah distro bandung baju distro baju custom combed 30s baju murah baju polos baju kekinian baju pria baju wanita baju hits cod,Pakaian & Fashion,Atasan & Pakaian Kasual,lazada,Kab. Bogor,Bogor,Tidak Diketahui,49500.0,93.0,5.0,0.8503660283626047,0.6867022213649571,1.0,15.342327658936037,22.71647391135002,3,1,0,1,True,False,False,False,True,False,False,False,False,1,0,0,1,0,1
https://www.lazada.co.id/products/pdp-i7912446548.html,KAOS PRIBUMI BOGOR COTTON COMBED 24S (BAHAN LEBIH TEBAL) DAYA SERAP KERINGAT TINGGI NYAMAN DI PAKAI,kaos pribumi cotton combed 24s bahan lebih tebal daya serap keringat tinggi nyaman pakai,Pakaian & Fashion,Atasan & Pakaian Kasual,lazada,Kab. Tangerang,Tangerang,Tidak Diketahui,64999.0,97.0,5.0,0.9007966356286465,0.6941348541231992,1.0,15.656838301254139,22.92483739335286,3,1,0,5,True,False,False,False,False,False,False,False,True,0,0,0,1,0,1
https://www.lazada.co.id/products/pdp-i8614232579.html,Kaos Bogor Tugu Kujang / Buitenzorg - Tshirt Buitenzorg Special Merch Merah Putih - Kaos Katun Combed - Kaos Distro Bogor - HUT RI 77 Kemerdekaan,kaos tugu kujang buitenzorg tshirt buitenzorg special merch merah putih kaos katun combed kaos distro hut ri kemerdekaan,Pakaian & Fashion,Atasan & Pakaian Kasual,lazada,Kab. Bogor,Bogor,Tidak Diketahui,36999.0,11.0,5.0,0.7964769358919088,0.3195735163826218,1.0,12.916543894098314,12.424533248940001,3,1,0,1,True,False,False,False,True,False,False,False,False,1,0,0,1,0,1
https://www.lazada.co.id/products/pdp-i18858601025.html,KAOS PRIA STREET CULTURE BOGOR / Street Culture Bogor / Bogoh Ka Bogor / Kaos Bogor / Kaos Distro T-shirt / Kaos Lengan Pendek 471,kaos pria street culture street culture bogoh ka kaos kaos distro shirt kaos lengan pendek,Pakaian & Fashion,Atasan & Pakaian Kasual,lazada,Kab. Bogor,Bogor,Tidak Diketahui,49500.0,11.0,5.0,0.8503660283626047,0.3195735163826218,1.0,13.207625057900756,12.424533248940001,3,1,0,1,True,False,False,False,True,False,False,False,False,1,0,0,1,0,1
https://www.lazada.co.id/products/pdp-i18856584784.html,KAOS PRIA STREET CULTURE BOGOR / Street Culture Bogor / Bogoh Ka Bogor / Kaos Bogor / Kaos Distro T-shirt / Kaos Lengan Pendek 380,kaos pria street culture street culture bogoh ka kaos kaos distro shirt kaos lengan pendek,Pakaian & Fashion,Atasan & Pakaian Kasual,lazada,Kab. Bogor,Bogor,Tidak Diketahui,49500.0,11.0,5.0,0.8503660283626047,0.3195735163826218,1.0,13.207625057900756,12.424533248940001,3,1,0,1,True,False,False,False,True,False,False,False,False,1,0,0,1,0,1
https://www.lazada.co.id/products/pdp-i8334802037.html,KAOS BOGOR OUR PRIDE LENGAN PANJANG BONUS TOPI,kaos our pride lengan panjang bonus topi,Pakaian & Fashion,Atasan & Pakaian Kasual,lazada,Kota Jakarta Barat,Jakarta,Tidak Diketahui,55000.0,11.0,5.0,0.8698719100459005,0.3195735163826218,1.0,13.312985389904174,12.424533248940001,3,1,0,3,True,False,False,False,False,False,True,False,False,0,0,0,1,0,1
https://www.lazada.co.id/products/pdp-i8334635000.html,KAOS BOGOR THE CITY OF LIGHTNING,kaos the city of lightning,Pakaian & Fashion,Atasan & Pakaian Kasual,lazada,Kota Jakarta Barat,Jakarta,Tidak Diketahui,45000.0,11.0,5.0,0.832720847717568,0.3195735163826218,1.0,13.112315061750808,12.424533248940001,3,1,0,3,True,False,False,False,False,False,True,False,False,0,0,0,1,0,1
https://www.lazada.co.id/products/pdp-i8417750303.html,KAOS BOGOR GAYA BEBAS DTF HIJAU - KAOS DISTRO/KAOS MURAH/KAOS ADEM NYAMAN,kaos gaya bebas dtf hijau kaos distro kaos murah kaos adem nyaman,Pakaian & Fashion,Atasan & Pakaian Kasual,lazada,Kota Jakarta Barat,Jakarta,Tidak Diketahui,48000.0,11.0,5.0,0.8446691358978033,0.3195735163826218,1.0,13.176853456625999,12.424533248940001,3,1,0,3,True,False,False,False,False,False,True,False,False,0,0,0,1,0,1
https://www.lazada.co.id/products/pdp-i8155700674.html,TSHIRT / KAOS BOGOR IS WONDERFULL - BAHAN COTTON 30S - FREE STICKER,tshirt kaos is wonderfull bahan cotton 30s free sticker,Pakaian & Fashion,Atasan & Pakaian Kasual,lazada,Kab. Bogor,Bogor,Tidak Diketahui,50200.0,11.0,5.0,0.8529657528611876,0.3195735163826218,1.0,13.221667389414618,12.424533248940001,3,1,0,1,True,False,False,False,True,False,False,False,False,1,0,0,1,0,1
https://www.lazada.co.id/products/pdp-i8333744953.html,KAOS BOGOR OUR PRIDE CORAK FONT BERGAMBAR,kaos our pride corak font bergambar,Pakaian & Fashion,Atasan & Pakaian Kasual,lazada,Kota Jakarta Barat,Jakarta,Tidak Diketahui,45000.0,11.0,5.0,0.832720847717568,0.3195735163826218,1.0,13.112315061750808,12.424533248940001,3,1,0,3,True,False,False,False,False,False,True,False,False,0,0,0,1,0,1
https://www.lazada.co.id/products/pdp-i8669892802.html,jual kaos bogor kotaku. kaos distro T-Shirts atasan pria wanita dewasa,jual kaos kotaku kaos distro shirts atasan pria wanita dewasa,Pakaian & Fashion,Atasan & Pakaian Kasual,lazada,Kota Jakarta Barat,Jakarta,Tidak Diketahui,34000.0,11.0,5.0,0.7808275788598225,0.3195735163826218,1.0,12.832013750189885,12.424533248940001,3,1,0,3,True,False,False,False,False,False,True,False,False,0,0,0,1,0,1
https://www.lazada.co.id/products/pdp-i7951152140.html,Apple Kaos Bogor The Rain City West Java Kaos Pria Kaos Murah Kaos Pria Dan Wanita Unisex Putih Hitam,apple kaos the rain city west java kaos pria kaos murah kaos pria wanita unisex putih hitam,Pakaian & Fashion,Atasan & Pakaian Kasual,lazada,Kota Jakarta Barat,Jakarta,Tidak Diketahui,27900.0,11.0,5.0,0.7442206839100889,0.3195735163826218,1.0,12.634280498992874,12.424533248940001,3,1,0,3,True,False,False,False,False,False,True,False,False,0,0,0,1,0,0
https://www.lazada.co.id/products/pdp-i7998570399.html,T-SHIRT KAOS BOGOR EVERYBODY/ DISTRO /KAOS PRIA / KAOS WANITA / COD BAYAR DI TEMPAT,shirt kaos everybody distro kaos pria kaos wanita cod bayar tempat,Pakaian & Fashion,Atasan & Pakaian Kasual,lazada,Kota Jakarta Barat,Jakarta,Tidak Diketahui,34999.0,11.0,5.0,0.7861888339529448,0.3195735163826218,1.0,12.860972638906617,12.424533248940001,3,1,0,3,True,False,False,False,False,False,True,False,False,0,0,0,1,0,1
https://www.lazada.co.id/products/pdp-i1521222835.html,Kaos Bogor VS Everybody,kaos vs everybody,Pakaian & Fashion,Atasan & Pakaian Kasual,lazada,Kota Jakarta Barat,Jakarta,Tidak Diketahui,47000.0,11.0,5.0,0.8407714277834921,0.3195735163826218,1.0,13.155800087724673,12.424533248940001,3,1,0,3,True,False,False,False,False,False,True,False,False,0,0,0,1,0,1
https://www.lazada.co.id/products/pdp-i8260034382.html,KAOS BOGOR BUITENZORG DTF DEPAN | T-SHIRT VIRAL,kaos buitenzorg dtf depan shirt viral,Pakaian & Fashion,Atasan & Pakaian Kasual,lazada,Kota Jakarta Pusat,Jakarta,Tidak Diketahui,49999.0,11.0,5.0,0.8522229892738429,0.3195735163826218,1.0,13.217655375225181,12.424533248940001,3,1,0,3,True,False,False,False,False,False,True,False,False,0,0,0,1,0,1
https://www.lazada.co.id/products/pdp-i8768192936.html,KAOS BOGOR INDONESIA SEJARAH KOTA SPONSOR,kaos indonesia sejarah kota sponsor,Pakaian & Fashion,Atasan & Pakaian Kasual,lazada,Kota Jakarta Pusat,Jakarta,Tidak Diketahui,45000.0,11.0,5.0,0.832720847717568,0.3195735163826218,1.0,13.112315061750808,12.424533248940001,3,1,0,3,True,False,False,False,False,False,True,False,False,0,0,0,1,0,1
https://www.lazada.co.id/products/pdp-i7948336399.html,Bd Kaos Bogor The Rain City West Java kaos kata2 viral Kaos Atasan trending  Kaos Distro Murah,bd kaos the rain city west java kaos kata2 viral kaos atasan trending kaos distro murah,Pakaian & Fashion,Atasan & Pakaian Kasual,lazada,Kota Jakarta Barat,Jakarta,Tidak Diketahui,27900.0,11.0,5.0,0.7442206839100889,0.3195735163826218,1.0,12.634280498992874,12.424533248940001,3,1,0,3,True,False,False,False,False,False,True,False,False,0,0,0,1,0,0
https://www.lazada.co.id/products/pdp-i7976412149.html,T-SHIRT KAOS BOGOR FINEST DEPAN,shirt kaos finest depan,Pakaian & Fashion,Atasan & Pakaian Kasual,lazada,Kab. Bogor,Bogor,Tidak Diketahui,55000.0,11.0,5.0,0.8698719100459005,0.3195735163826218,1.0,13.312985389904174,12.424533248940001,3,1,0,1,True,False,False,False,True,False,False,False,False,1,0,0,1,0,1
https://www.lazada.co.id/products/pdp-i7174192986.html,Kaos Bogor Distro Murah Orijinal Keren Terlaris Viral  Kaos Sablon - Kaos Bola - T-Shirt Pria  Atas Pria Terbaru Cotton Combed 30s Bisa Bayar Di Tempat ( COD ) Tazora custom,kaos distro murah orijinal keren terlaris viral kaos sablon kaos bola shirt pria atas pria terbaru cotton combed 30s bisa bayar tempat cod tazora custom,Pakaian & Fashion,Atasan & Pakaian Kasual,lazada,Kota Jakarta Barat,Jakarta,Tidak Diketahui,34000.0,11.0,5.0,0.7808275788598225,0.3195735163826218,1.0,12.832013750189885,12.424533248940001,3,1,0,3,True,False,False,False,False,False,True,False,False,0,0,0,1,0,1
https://www.lazada.co.id/products/pdp-i8797058598.html,KAOS BOGOR STREATWEAR BIG SIZE (S-5XL) KAOS BOGOR KOTA HUJAN / KAOS KOTA BOGOR,kaos streatwear big size 5xl kaos kota hujan kaos kota,Pakaian & Fashion,Atasan & Pakaian Kasual,lazada,Kota Jakarta Barat,Jakarta,Tidak Diketahui,59999.0,11.0,5.0,0.8859776732074243,0.3195735163826218,1.0,13.399979962372672,12.424533248940001,3,1,0,3,True,False,False,False,False,False,True,False,False,0,0,0,1,0,1
https://www.lazada.co.id/products/pdp-i8081334540.html,KAOS BOGOR OUR PRIDE,kaos our pride,Pakaian & Fashion,Atasan & Pakaian Kasual,lazada,Kab. Bogor,Bogor,Tidak Diketahui,70000.0,11.0,5.0,0.9145194966404204,0.3195735163826218,1.0,13.554147092530322,12.424533248940001,3,1,0,1,True,False,False,False,True,False,False,False,False,1,0,0,1,0,1
https://www.lazada.co.id/products/pdp-i8700588611.html,Kaos I LOVE BOGOR edisi 1 / Kaos Bogor Pride / Kaos Hitam Katun 24s 100% Premium Quality,kaos love edisi kaos pride kaos hitam katun 24s premium quality,Pakaian & Fashion,Atasan & Pakaian Kasual,lazada,Kab. Bogor,Bogor,Tidak Diketahui,89000.0,11.0,5.0,0.9589782269440532,0.3195735163826218,1.0,13.794287942962585,12.424533248940001,3,1,0,1,True,False,False,False,True,False,False,False,False,1,0,0,1,0,2
https://www.lazada.co.id/products/pdp-i6076848310.html,[RoemaH KembaR] (RK COD) KAOS BAJU BOGOR RAIN CITY / KAOS BOGOR KOTA HUJAN / BISA COD TSHIRT,roemah kembar rk cod kaos baju rain city kaos kota hujan bisa cod tshirt,Pakaian & Fashion,Atasan & Pakaian Kasual,lazada,Kota Depok,Depok,Tidak Diketahui,53500.0,11.0,5.0,0.8647526498227804,0.3195735163826218,1.0,13.285333904916369,12.424533248940001,3,1,0,2,True,False,False,False,False,True,False,False,False,0,0,0,1,0,1
https://www.lazada.co.id/products/pdp-i8741550808.html,PROMO Kaos Bogor Simpel Model 6 / Kaos Bogor Pride Warna Hitam Bahan Katun 24s 100% Kualitas Premium,promo kaos simpel model kaos pride warna hitam bahan katun 24s kualitas premium,Pakaian & Fashion,Atasan & Pakaian Kasual,lazada,Kab. Bogor,Bogor,Tidak Diketahui,63200.0,11.0,5.0,0.8956003348641317,0.3195735163826218,1.0,13.451956291367267,12.424533248940001,3,1,0,1,True,False,False,False,True,False,False,False,False,1,0,0,1,0,1
https://www.lazada.co.id/products/pdp-i8735120651.html,PROMO TERBARU Kaos Bogor Simpel Model 3 Warna Hitam Bahan Katun 24s 100% Kualitas Premium,promo terbaru kaos simpel model warna hitam bahan katun 24s kualitas premium,Pakaian & Fashion,Atasan & Pakaian Kasual,lazada,Kab. Bogor,Bogor,Tidak Diketahui,79000.0,11.0,5.0,0.9369121433072845,0.3195735163826218,1.0,13.675099554994853,12.424533248940001,3,1,0,1,True,False,False,False,True,False,False,False,False,1,0,0,1,0,2
https://www.lazada.co.id/products/pdp-i7222176437.html,KAOS PRIA STREET CULTURE BOGOR / Street Culture Bogor / Bogoh Ka Bogor  / Kaos Bogor / Kaos Distro T-shirt / Kaos Lengan Pendek / Kaos Pria Kekinian / Kaos Pria Keren / Bebas Request / Kaos Cotton Combads / Kaos Murah / AIGO STORE,kaos pria street culture street culture bogoh ka kaos kaos distro shirt kaos lengan pendek kaos pria kekinian kaos pria keren bebas request kaos cotton combads kaos murah aigo store,Pakaian & Fashion,Atasan & Pakaian Kasual,lazada,Kota Jakarta Barat,Jakarta,Tidak Diketahui,45000.0,11.0,5.0,0.832720847717568,0.3195735163826218,1.0,13.112315061750808,12.424533248940001,3,1,0,3,True,False,False,False,False,False,True,False,False,0,0,0,1,0,1
https://www.lazada.co.id/products/pdp-i6278618870.html,Kaos T-shirt Baju Rain City BUITENZORG Tegar Beriman l Kaos Bogor kota hujan l Kaos Pria dan Wanita Terlaris,kaos shirt baju rain city buitenzorg tegar beriman kaos kota hujan kaos pria wanita terlaris,Pakaian & Fashion,Atasan & Pakaian Kasual,lazada,Kab. Bogor,Bogor,Tidak Diketahui,50000.0,11.0,5.0,0.8522266920007155,0.3195735163826218,1.0,13.217675375388819,12.424533248940001,3,1,0,1,True,False,False,False,True,False,False,False,False,1,0,0,1,0,1
https://www.lazada.co.id/products/pdp-i8399456079.html,KAOS BOGOR GAYA BEBAS TSHIRT BAHAN COMBED 30s VIRAL,kaos gaya bebas tshirt bahan combed 30s viral,Pakaian & Fashion,Atasan & Pakaian Kasual,lazada,Kota Jakarta Pusat,Jakarta,Tidak Diketahui,76580.0,11.0,5.0,0.9311522151667428,0.3195735163826218,1.0,13.643987684941656,12.424533248940001,3,1,0,3,True,False,False,False,False,False,True,False,False,0,0,0,1,0,2
https://www.lazada.co.id/products/pdp-i8360146907.html,KAOS BOGOR CITY OF LIGHTING SPONSOR NEW || KAOS KOTA,kaos city of lighting sponsor new kaos kota,Pakaian & Fashion,Atasan & Pakaian Kasual,lazada,Kota Jakarta Pusat,Jakarta,Tidak Diketahui,43000.0,11.0,5.0,0.8243042171937485,0.3195735163826218,1.0,13.06685278163674,12.424533248940001,3,1,0,3,True,False,False,False,False,False,True,False,False,0,0,0,1,0,1
https://www.lazada.co.id/products/pdp-i8348808631.html,KAOS//BOGOR//KAOS KEREN BISA COD,kaos kaos keren bisa cod,Pakaian & Fashion,Atasan & Pakaian Kasual,lazada,Kota Bogor,Bogor,Tidak Diketahui,62000.0,11.0,5.0,0.8920513078949297,0.3195735163826218,1.0,13.432786403100184,12.424533248940001,3,1,0,1,True,False,False,False,True,False,False,False,False,1,0,0,1,0,1
https://www.lazada.co.id/products/pdp-i8735130747.html,TERBARU Kaos Wargi Bogor / Kaos Bogor Pride Warna Hitam Bahan Katun 24s 100% Kualitas Premium,terbaru kaos wargi kaos pride warna hitam bahan katun 24s kualitas premium,Pakaian & Fashion,Atasan & Pakaian Kasual,lazada,Kab. Bogor,Bogor,Tidak Diketahui,79000.0,11.0,5.0,0.9369121433072845,0.3195735163826218,1.0,13.675099554994853,12.424533248940001,3,1,0,1,True,False,False,False,True,False,False,False,False,1,0,0,1,0,2
https://www.lazada.co.id/products/pdp-i8735116761.html,PROMO Kaos Bogor Simpel Model 4 / Kaos Bogor Pride Warna Hitam Bahan Katun 24s 100% Kualitas Premium,promo kaos simpel model kaos pride warna hitam bahan katun 24s kualitas premium,Pakaian & Fashion,Atasan & Pakaian Kasual,lazada,Kab. Bogor,Bogor,Tidak Diketahui,79000.0,11.0,5.0,0.9369121433072845,0.3195735163826218,1.0,13.675099554994853,12.424533248940001,3,1,0,1,True,False,False,False,True,False,False,False,False,1,0,0,1,0,2
https://www.lazada.co.id/products/pdp-i8284716302.html,T-SHIRT KAOS BOGOR STREET CULTURE KOTA HUJAN,shirt kaos street culture kota hujan,Pakaian & Fashion,Atasan & Pakaian Kasual,lazada,Kab. Bogor,Bogor,Tidak Diketahui,65000.0,11.0,5.0,0.9007994838866595,0.3195735163826218,1.0,13.480039220276565,12.424533248940001,3,1,0,1,True,False,False,False,True,False,False,False,False,1,0,0,1,0,1
https://www.lazada.co.id/products/pdp-i1197316223.html,KAOS BOGOR KOTA HUJAN - KAOS WARGA BOGOR RAIN CITY,kaos kota hujan kaos warga rain city,Pakaian & Fashion,Atasan & Pakaian Kasual,lazada,Kab. Bogor,Bogor,Tidak Diketahui,55000.0,11.0,5.0,0.8698719100459005,0.3195735163826218,1.0,13.312985389904174,12.424533248940001,3,1,0,1,True,False,False,False,True,False,False,False,False,1,0,0,1,0,1
https://www.lazada.co.id/products/pdp-i6079384085.html,KAOS BAJU BOGOR RAIN CITY / KAOS BOGOR KOTA HUJAN / BISA COD TSHIRT DISTRO RAC,kaos baju rain city kaos kota hujan bisa cod tshirt distro rac,Pakaian & Fashion,Atasan & Pakaian Kasual,lazada,Kota Depok,Depok,Tidak Diketahui,53500.0,11.0,5.0,0.8647526498227804,0.3195735163826218,1.0,13.285333904916369,12.424533248940001,3,1,0,2,True,False,False,False,False,True,False,False,False,0,0,0,1,0,1
https://www.lazada.co.id/products/pdp-i8739076288.html,TERBARU Kaos Bogor ID Rain City / Kaos Bogor Pride Warna Hitam Bahan Katun 24s 100% Kualitas Premium,terbaru kaos id rain city kaos pride warna hitam bahan katun 24s kualitas premium,Pakaian & Fashion,Atasan & Pakaian Kasual,lazada,Kab. Bogor,Bogor,Tidak Diketahui,79000.0,11.0,5.0,0.9369121433072845,0.3195735163826218,1.0,13.675099554994853,12.424533248940001,3,1,0,1,True,False,False,False,True,False,False,False,False,1,0,0,1,0,2
https://www.lazada.co.id/products/pdp-i6876792693.html,Kaos baju T-shirt Persikabo  / kaos Kabomania / kaos Bogor kota hujan / kaos laskar padjajaran pria wanita terlaris bisa COD,kaos baju shirt persikabo kaos kabomania kaos kota hujan kaos laskar padjajaran pria wanita terlaris bisa cod,Pakaian & Fashion,Atasan & Pakaian Kasual,lazada,Kab. Bogor,Bogor,Tidak Diketahui,60000.0,11.0,5.0,0.8859807588182942,0.3195735163826218,1.0,13.399996629152975,12.424533248940001,3,1,0,1,True,False,False,False,True,False,False,False,False,1,0,0,1,0,1
https://www.lazada.co.id/products/pdp-i8744522270.html,PROMO Kaos Bogor Simpel Model 8 / Kaos Bogor Pride Warna Hitam Bahan Katun 24s 100% Kualitas Premium,promo kaos simpel model kaos pride warna hitam bahan katun 24s kualitas premium,Pakaian & Fashion,Atasan & Pakaian Kasual,lazada,Kab. Bogor,Bogor,Tidak Diketahui,79000.0,11.0,5.0,0.9369121433072845,0.3195735163826218,1.0,13.675099554994853,12.424533248940001,3,1,0,1,True,False,False,False,True,False,False,False,False,1,0,0,1,0,2
https://www.lazada.co.id/products/pdp-i8744512398.html,PROMO Kaos Bogor Simpel Model 7 / Kaos Bogor Pride Warna Hitam Bahan Katun 24s 100% Kualitas Premium,promo kaos simpel model kaos pride warna hitam bahan katun 24s kualitas premium,Pakaian & Fashion,Atasan & Pakaian Kasual,lazada,Kab. Bogor,Bogor,Tidak Diketahui,79000.0,11.0,5.0,0.9369121433072845,0.3195735163826218,1.0,13.675099554994853,12.424533248940001,3,1,0,1,True,False,False,False,True,False,False,False,False,1,0,0,1,0,2
https://www.lazada.co.id/products/pdp-i8797056729.html,KAOS BOGOR STREATWEAR BIG SIZE (S-5XL) KAOS BOGOR KOTA HUJAN / KAOS KOTA BOGOR,kaos streatwear big size 5xl kaos kota hujan kaos kota,Pakaian & Fashion,Atasan & Pakaian Kasual,lazada,Kota Jakarta Barat,Jakarta,Tidak Diketahui,59999.0,11.0,5.0,0.8859776732074243,0.3195735163826218,1.0,13.399979962372672,12.424533248940001,3,1,0,3,True,False,False,False,False,False,True,False,False,0,0,0,1,0,1
https://www.lazada.co.id/products/pdp-i6878240121.html,baju T-shirt Kaos Persikabo  / kaos Kabomania / kaos Bogor kota hujan / kaos laskar padjajaran pria wanita terlaris bisa COD,baju shirt kaos persikabo kaos kabomania kaos kota hujan kaos laskar padjajaran pria wanita terlaris bisa cod,Pakaian & Fashion,Atasan & Pakaian Kasual,lazada,Kab. Bogor,Bogor,Tidak Diketahui,60000.0,11.0,5.0,0.8859807588182942,0.3195735163826218,1.0,13.399996629152975,12.424533248940001,3,1,0,1,True,False,False,False,True,False,False,False,False,1,0,0,1,0,1
https://www.lazada.co.id/products/pdp-i5668134380.html,Sablon KAOS BOGOR KOTA HUJAN - KAOS WARGA BOGOR RAIN CITY,sablon kaos kota hujan kaos warga rain city,Pakaian & Fashion,Atasan & Pakaian Kasual,lazada,Kab. Bogor,Bogor,Tidak Diketahui,55000.0,11.0,5.0,0.8698719100459005,0.3195735163826218,1.0,13.312985389904174,12.424533248940001,3,1,0,1,True,False,False,False,True,False,False,False,False,1,0,0,1,0,1
https://www.lazada.co.id/products/pdp-i7158854715.html,Kaos BOGOR PRIDE,kaos pride,Pakaian & Fashion,Atasan & Pakaian Kasual,lazada,Kab. Bogor,Bogor,Tidak Diketahui,111075.75,11.0,5.0,1.0000000000000002,0.3195735163826218,1.0,14.0158637712161,12.424533248940001,3,1,0,1,True,False,False,False,True,False,False,False,False,1,0,0,1,0,2
https://www.lazada.co.id/products/pdp-i6878130584.html,T-shirt Kaos baju Persikabo  / kaos Kabomania / kaos Bogor kota hujan / kaos laskar padjajaran pria wanita terlaris bisa COD,shirt kaos baju persikabo kaos kabomania kaos kota hujan kaos laskar padjajaran pria wanita terlaris bisa cod,Pakaian & Fashion,Atasan & Pakaian Kasual,lazada,Kab. Bogor,Bogor,Tidak Diketahui,60000.0,11.0,5.0,0.8859807588182942,0.3195735163826218,1.0,13.399996629152975,12.424533248940001,3,1,0,1,True,False,False,False,True,False,False,False,False,1,0,0,1,0,1
https://www.lazada.co.id/products/pdp-i8282036042.html,T-SHIRT KAOS BOGOR KOTA HUJAN RAIN CITY (katun combed 30s),shirt kaos kota hujan rain city katun combed 30s,Pakaian & Fashion,Atasan & Pakaian Kasual,lazada,Kab. Bogor,Bogor,Tidak Diketahui,65000.0,11.0,5.0,0.9007994838866595,0.3195735163826218,1.0,13.480039220276565,12.424533248940001,3,1,0,1,True,False,False,False,True,False,False,False,False,1,0,0,1,0,1
https://www.lazada.co.id/products/pdp-i6278616869.html,T-shirt Kaos Baju Rain City BUITENZORG Tegar Beriman l Kaos Bogor kota hujan l Kaos Pria dan Wanita Terlaris,shirt kaos baju rain city buitenzorg tegar beriman kaos kota hujan kaos pria wanita terlaris,Pakaian & Fashion,Atasan & Pakaian Kasual,lazada,Kab. Bogor,Bogor,Tidak Diketahui,50000.0,11.0,5.0,0.8522266920007155,0.3195735163826218,1.0,13.217675375388819,12.424533248940001,3,1,0,1,True,False,False,False,True,False,False,False,False,1,0,0,1,0,1
https://www.lazada.co.id/products/pdp-i8735120582.html,PROMO Kaos Bogor Simple Model 2 / Kaos Bogor Pride Warna Hitam Bahan Katun 24s 100% Kualitas Premium,promo kaos simple model kaos pride warna hitam bahan katun 24s kualitas premium,Pakaian & Fashion,Atasan & Pakaian Kasual,lazada,Kab. Bogor,Bogor,Tidak Diketahui,79000.0,11.0,5.0,0.9369121433072845,0.3195735163826218,1.0,13.675099554994853,12.424533248940001,3,1,0,1,True,False,False,False,True,False,False,False,False,1,0,0,1,0,2
https://www.lazada.co.id/products/pdp-i8739076241.html,PROMO Kaos Bogor Simpel Model 5 / Kaos Bogor Pride Warna Hitam Bahan Katun 24s 100% Kualitas Premium,promo kaos simpel model kaos pride warna hitam bahan katun 24s kualitas premium,Pakaian & Fashion,Atasan & Pakaian Kasual,lazada,Kab. Bogor,Bogor,Tidak Diketahui,79000.0,11.0,5.0,0.9369121433072845,0.3195735163826218,1.0,13.675099554994853,12.424533248940001,3,1,0,1,True,False,False,False,True,False,False,False,False,1,0,0,1,0,2
https://www.lazada.co.id/products/pdp-i8735080505.html,PROMO TERBARU Kaos Bogor Simple Model 1 Warna Hitam Bahan Katun 24s 100% Kualitas Premium,promo terbaru kaos simple model warna hitam bahan katun 24s kualitas premium,Pakaian & Fashion,Atasan & Pakaian Kasual,lazada,Kab. Bogor,Bogor,Tidak Diketahui,79000.0,11.0,5.0,0.9369121433072845,0.3195735163826218,1.0,13.675099554994853,12.424533248940001,3,1,0,1,True,False,False,False,True,False,False,False,False,1,0,0,1,0,2
https://www.lazada.co.id/products/pdp-i8744522272.html,PROMO Kaos Bogor Simpel Model 9 / Kaos Bogor Pride Warna Hitam Bahan Katun 24s 100% Kualitas Premium,promo kaos simpel model kaos pride warna hitam bahan katun 24s kualitas premium,Pakaian & Fashion,Atasan & Pakaian Kasual,lazada,Kab. Bogor,Bogor,Tidak Diketahui,79000.0,11.0,5.0,0.9369121433072845,0.3195735163826218,1.0,13.675099554994853,12.424533248940001,3,1,0,1,True,False,False,False,True,False,False,False,False,1,0,0,1,0,2
https://www.lazada.co.id/products/pdp-i8210186833.html,BAJU KAOS PRINTING NAMA DAERAH BOGOR  YANG BISA DIPAKAI UNISEX,baju kaos printing nama daerah bisa dipakai unisex,Pakaian & Fashion,Atasan & Pakaian Kasual,lazada,Kota Jakarta Barat,Jakarta,Tidak Diketahui,28000.0,11.0,5.0,0.7448830515980944,0.3195735163826218,1.0,12.637858308703688,12.424533248940001,3,1,0,3,True,False,False,False,False,False,True,False,False,0,0,0,1,0,0
https://www.lazada.co.id/products/pdp-i7976112051.html,Baju Kaos Printing Tulisan Nama Daerah BOGOR Kualitas Bagus Warna Warni,baju kaos printing tulisan nama daerah kualitas bagus warna warni,Pakaian & Fashion,Atasan & Pakaian Kasual,lazada,Kota Jakarta Barat,Jakarta,Tidak Diketahui,27900.0,11.0,5.0,0.7442206839100889,0.3195735163826218,1.0,12.634280498992874,12.424533248940001,3,1,0,3,True,False,False,False,False,False,True,False,False,0,0,0,1,0,0
https://www.lazada.co.id/products/pdp-i18860625367.html,KAOS PRIA STREET CULTURE BOGOR Street Culture Bogor B2,kaos pria street culture street culture b2,Pakaian & Fashion,Atasan & Pakaian Kasual,lazada,Kab. Bogor,Bogor,Tidak Diketahui,49500.0,11.0,5.0,0.8503660283626047,0.3195735163826218,1.0,13.207625057900756,12.424533248940001,3,1,0,1,True,False,False,False,True,False,False,False,False,1,0,0,1,0,1
https://www.lazada.co.id/products/pdp-i18839060341.html,"KAOS DISTRO // FROM BOGOR WITH LOVE PERSIJA // CATTON POLYESTER, NYAMAN DIPAKAI SEHARI HARI // BAJU PRIA WANITA MURAH",kaos distro from with love persija catton polyester nyaman dipakai sehari hari baju pria wanita murah,Pakaian & Fashion,Atasan & Pakaian Kasual,lazada,Kota Jakarta Selatan,Jakarta,Tidak Diketahui,49999.0,11.0,5.0,0.8522229892738429,0.3195735163826218,1.0,13.217655375225181,12.424533248940001,3,1,0,3,True,False,False,False,False,False,True,False,False,0,0,0,1,0,1
https://www.lazada.co.id/products/pdp-i18860615879.html,KAOS PRIA STREET CULTURE BOGOR Street Culture Bogor B2,kaos pria street culture street culture b2,Pakaian & Fashion,Atasan & Pakaian Kasual,lazada,Kab. Bogor,Bogor,Tidak Diketahui,49500.0,11.0,5.0,0.8503660283626047,0.3195735163826218,1.0,13.207625057900756,12.424533248940001,3,1,0,1,True,False,False,False,True,False,False,False,False,1,0,0,1,0,1
https://www.lazada.co.id/products/pdp-i8813160411.html,"KAOS DEWASA PRIA MIO BOGOR | SIMPLE, DINAMIS, DAN MEMBERIKAN KESAN KASUAL",kaos dewasa pria mio simple dinamis memberikan kesan kasual,Pakaian & Fashion,Atasan & Pakaian Kasual,lazada,Kota Bogor,Bogor,Tidak Diketahui,38119.0,11.0,5.0,0.8019979727640552,0.3195735163826218,1.0,12.946365782147062,12.424533248940001,3,1,0,1,True,False,False,False,True,False,False,False,False,1,0,0,1,0,1
https://www.lazada.co.id/products/pdp-i8190254846.html,ILLEONI- Kaos Meboet 507 / kaos STM BOGOR/ kaos mekanik bogor,illeoni kaos meboet kaos stm kaos mekanik,Pakaian & Fashion,Atasan & Pakaian Kasual,lazada,Kota Jakarta Barat,Jakarta,Tidak Diketahui,54999.0,11.0,5.0,0.8698685439275009,0.3195735163826218,1.0,13.312967207950754,12.424533248940001,3,1,0,3,True,False,False,False,False,False,True,False,False,0,0,0,1,0,1
https://www.lazada.co.id/products/pdp-i8101396991.html,KAOS PRIBUMI BOGOR COTTON COMBED 24S (BAHAN LEBIH TEBAL) DAYA SERAP KERINGAT TINGGI NYAMAN DI PAKAI,kaos pribumi cotton combed 24s bahan lebih tebal daya serap keringat tinggi nyaman pakai,Pakaian & Fashion,Atasan & Pakaian Kasual,lazada,Kab. Tangerang,Tangerang,Tidak Diketahui,64999.0,11.0,5.0,0.9007966356286465,0.3195735163826218,1.0,13.480023835564353,12.424533248940001,3,1,0,5,True,False,False,False,False,False,False,False,True,0,0,0,1,0,1
https://www.lazada.co.id/products/pdp-i6713020686.html,T-shrit kaos Kabomania // Baju suporter Persikabo Bogor // Kabomania bogor,shrit kaos kabomania baju suporter persikabo kabomania,Pakaian & Fashion,Atasan & Pakaian Kasual,lazada,Kab. Kendal,Lainnya,Tidak Diketahui,69000.0,11.0,5.0,0.9118556300906138,0.3195735163826218,1.0,13.539758373899955,12.424533248940001,3,1,0,4,True,False,False,False,False,False,False,True,False,0,0,0,1,0,1
https://www.lazada.co.id/products/pdp-i4630134718.html,Baju Kaos t-shirt Bogor neighbour,baju kaos shirt neighbour,Pakaian & Fashion,Atasan & Pakaian Kasual,lazada,Kota Depok,Depok,Tidak Diketahui,53900.0,11.0,5.0,0.8661316859747712,0.3195735163826218,1.0,13.2927827163191,12.424533248940001,3,1,0,2,True,False,False,False,False,True,False,False,False,0,0,0,1,0,1
https://www.lazada.co.id/products/pdp-i8770176135.html,KAOS//VIKING BOGOR FROM BOGOR FOR PERSIB,kaos viking from for persib,Pakaian & Fashion,Atasan & Pakaian Kasual,lazada,Kota Bogor,Bogor,Tidak Diketahui,63000.0,11.0,5.0,0.8950135348134667,0.3195735163826218,1.0,13.448786721172443,12.424533248940001,3,1,0,1,True,False,False,False,True,False,False,False,False,1,0,0,1,0,1
https://www.lazada.co.id/products/pdp-i8252004296.html,BAJU KAOS ANAK-ANAK TULUSAN BOGOR YANG BISA DIPAKAI UNISEX,baju kaos anak anak tulusan bisa dipakai unisex,Pakaian & Fashion,Atasan & Pakaian Kasual,lazada,Kota Jakarta Barat,Jakarta,Tidak Diketahui,24999.0,11.0,5.0,0.7238949713988327,0.3195735163826218,1.0,12.52449001235117,12.424533248940001,3,1,0,3,True,False,False,False,False,False,True,False,False,0,0,0,1,0,0
https://www.lazada.co.id/products/pdp-i8391332657.html,Kaos Distro Premium BOGOR THE CITY OF RAIN - Baju Wisata Liburan Oleh-Oleh Unisex Dewasa,kaos distro premium the city of rain baju wisata liburan unisex dewasa,Pakaian & Fashion,Atasan & Pakaian Kasual,lazada,Kab. Ciamis,Lainnya,Tidak Diketahui,38000.0,11.0,5.0,0.8014191190140494,0.3195735163826218,1.0,12.94323910384853,12.424533248940001,3,1,0,4,True,False,False,False,False,False,False,True,False,0,0,0,1,0,1
https://www.lazada.co.id/products/pdp-i6859378983.html,Kaos Distro Premium BOGOR SOCIETY - Baju Wisata Liburan Oleh-Oleh Kota Hujan Indonesia Unisex Dewasa,kaos distro premium society baju wisata liburan kota hujan indonesia unisex dewasa,Pakaian & Fashion,Atasan & Pakaian Kasual,lazada,Kab. Ciamis,Lainnya,Tidak Diketahui,38000.0,11.0,5.0,0.8014191190140494,0.3195735163826218,1.0,12.94323910384853,12.424533248940001,3,1,0,4,True,False,False,False,False,False,False,True,False,0,0,0,1,0,1
https://www.lazada.co.id/products/pdp-i8678988064.html,Tshirt ALL STAR BOGOR - Kaos TONGKRONGAN - KAOS GENGSTER UNTUK PRIA DAN WANITA,tshirt all star kaos tongkrongan kaos gengster pria wanita,Pakaian & Fashion,Atasan & Pakaian Kasual,lazada,Kab. Bogor,Bogor,Tidak Diketahui,38720.0,11.0,5.0,0.8048940913507177,0.3195735163826218,1.0,12.96200916204488,12.424533248940001,3,1,0,1,True,False,False,False,True,False,False,False,False,1,0,0,1,0,1
https://www.lazada.co.id/products/pdp-i8393456508.html,KAOS DISTRO BOGOR MOTHAI STYLE | KAOS ATASAN PRIA | KAOS RACING | KAOS MOTOR | KAOS KEREN TERBARU | BAJU VIRAL KEKINIAN | BAJU TIKTOK VIRAL | BAJU MURAH | BAJU KOMUNITAS MOTOR | BAJU UNISEX | BAJU PRIA DAN WANITA TERBARU,kaos distro mothai style kaos atasan pria kaos racing kaos motor kaos keren terbaru baju viral kekinian baju tiktok viral baju murah baju komunitas motor baju unisex baju pria wanita terbaru,Pakaian & Fashion,Atasan & Pakaian Kasual,lazada,Kota Bogor,Bogor,Tidak Diketahui,47000.0,11.0,5.0,0.8407714277834921,0.3195735163826218,1.0,13.155800087724673,12.424533248940001,3,1,0,1,True,False,False,False,True,False,False,False,False,1,0,0,1,0,1
https://www.lazada.co.id/products/pdp-i18826470603.html,Kaos Pria Motif Mio Bogor Kaos Distro Pria Keren Baju Kaos Unisex Katun Combed 30S Sablon DTF,kaos pria motif mio kaos distro pria keren baju kaos unisex katun combed 30s sablon dtf,Pakaian & Fashion,Atasan & Pakaian Kasual,lazada,Kota Bogor,Bogor,Tidak Diketahui,41300.0,11.0,5.0,0.8168363610491001,0.3195735163826218,1.0,13.026515252933715,12.424533248940001,3,1,0,1,True,False,False,False,True,False,False,False,False,1,0,0,1,0,1
https://www.lazada.co.id/products/pdp-i8308322038.html,KAOS BPPKB BANTEN DPAC BOGOR BARAT KOTA GAMBAR DEPAN BELAKANG BISA COD // KAOS BPPKB BADAN PEMBINAAN POTENSI KELUARGA BESAR DPAC BOGOR BARAT KOTA LENGAN PENDEK BISA COD // KAOS BPPKB GAMBAR DEPAN BELAKANG BANTEN DPAC BOGOR BARAT KOTA LENGAN PENDEK,kaos bppkb banten dpac barat kota gambar depan belakang bisa cod kaos bppkb badan pembinaan potensi keluarga besar dpac barat kota lengan pendek bisa cod kaos bppkb gambar depan belakang banten dpac barat kota lengan pendek,Pakaian & Fashion,Atasan & Pakaian Kasual,lazada,Kota Jakarta Pusat,Jakarta,Tidak Diketahui,50000.0,11.0,5.0,0.8522266920007155,0.3195735163826218,1.0,13.217675375388819,12.424533248940001,3,1,0,3,True,False,False,False,False,False,True,False,False,0,0,0,1,0,1
https://www.lazada.co.id/products/pdp-i8680762140.html,Kaos Pria Mio Bogor | Kaos Distro Pria Keren | Baju Kaos Pria Dan Wanita Dewasa | Kaos Kece | Kaos Racing | Kaos Viral | Kaos Unisex | Kaos Terkeren | Kaos Viral Terbaru 2025 | Kaos Premium | Sablon DTF | Kaos Katun Combed 30S,kaos pria mio kaos distro pria keren baju kaos pria wanita dewasa kaos kece kaos racing kaos viral kaos unisex kaos terkeren kaos viral terbaru kaos premium sablon dtf kaos katun combed 30s,Pakaian & Fashion,Atasan & Pakaian Kasual,lazada,Kota Bogor,Bogor,Tidak Diketahui,47000.0,11.0,5.0,0.8407714277834921,0.3195735163826218,1.0,13.155800087724673,12.424533248940001,3,1,0,1,True,False,False,False,True,False,False,False,False,1,0,0,1,0,1
https://www.lazada.co.id/products/pdp-i7965638035.html,KAOS BUDAK BOGOR JAWA BARAT M2 SABLON DTF MODEL RACING BISA COD KAOSKEREN KAOSDISTRO,kaos budak jawa barat m2 sablon dtf model racing bisa cod kaoskeren kaosdistro,Pakaian & Fashion,Atasan & Pakaian Kasual,lazada,Kab. Bekasi,Bekasi,Tidak Diketahui,69000.0,11.0,5.0,0.9118556300906138,0.3195735163826218,1.0,13.539758373899955,12.424533248940001,3,1,0,0,True,False,False,True,False,False,False,False,False,0,0,0,1,0,1
https://www.lazada.co.id/products/pdp-i18860295829.html,[ORI] Depot Moones The Jansen - From Bogor to Asia Tour | Original Kao T-Shirt,ori depot moones the jansen from to asia tour original kao shirt,Pakaian & Fashion,Atasan & Pakaian Kasual,lazada,Kota Jakarta Utara,Jakarta,Tidak Diketahui,88000.0,11.0,5.0,0.9568862713185091,0.3195735163826218,1.0,13.782988399316032,12.424533248940001,3,1,0,3,True,False,False,False,False,False,True,False,False,0,0,0,1,0,2
https://www.lazada.co.id/products/pdp-i18834687558.html,KAOS FORM BOGOR WITH LOVE PERSIJA // KAOS PRIA MURAH,kaos form with love persija kaos pria murah,Pakaian & Fashion,Atasan & Pakaian Kasual,lazada,Kota Jakarta Selatan,Jakarta,Tidak Diketahui,52750.0,11.0,5.0,0.8621389399171149,0.3195735163826218,1.0,13.271216047530286,12.424533248940001,3,1,0,3,True,False,False,False,False,False,True,False,False,0,0,0,1,0,1
https://www.lazada.co.id/products/pdp-i8211674319.html,Kaos Persikabo Bogor Cotton Combed 30s Size M-XXL Ultras Kabomania Stuff Merchandise Distro Murah Terlaris Viral Custom,kaos persikabo cotton combed 30s size xxl ultras kabomania stuff merchandise distro murah terlaris viral custom,Pakaian & Fashion,Atasan & Pakaian Kasual,lazada,Kota Jakarta Barat,Jakarta,Tidak Diketahui,45000.0,11.0,5.0,0.832720847717568,0.3195735163826218,1.0,13.112315061750808,12.424533248940001,3,1,0,3,True,False,False,False,False,False,True,False,False,0,0,0,1,0,1
https://www.lazada.co.id/products/pdp-i7961418965.html,Kaos Bobotoh Persib Bandung- Kaos Bobotoh Viking Bogor Selatan - Bobotoh Bandung - Kaos Pria - Kaos Wanita / Botleg / Vintage 90s,kaos bobotoh persib bandung kaos bobotoh viking selatan bobotoh bandung kaos pria kaos wanita botleg vintage 90s,Pakaian & Fashion,Atasan & Pakaian Kasual,lazada,Kab. Bogor,Bogor,Tidak Diketahui,58500.0,11.0,5.0,0.8812935446643941,0.3195735163826218,1.0,13.374678860018665,12.424533248940001,3,1,0,1,True,False,False,False,True,False,False,False,False,1,0,0,1,0,1
https://www.lazada.co.id/products/pdp-i7419470554.html,SINFASHION 87 KAOS OBLONG ESTETIK TSHIRT PRIA KEREN BAHAN COMBAT 30S PREMIUM KAOS BANDUNG KEKINIAN PENGIRIMAN CEPAT GAMBAR HITAM PUTIH KOTA BOGOR,sinfashion kaos oblong estetik tshirt pria keren bahan combat 30s premium kaos bandung kekinian pengiriman cepat gambar hitam putih kota,Pakaian & Fashion,Atasan & Pakaian Kasual,lazada,Kota Bogor,Bogor,Tidak Diketahui,44999.0,11.0,5.0,0.8327167335811694,0.3195735163826218,1.0,13.112292839326562,12.424533248940001,3,1,0,1,True,False,False,False,True,False,False,False,False,1,0,0,1,0,1
https://www.lazada.co.id/products/pdp-i7961462781.html,Kaos Bobotoh Persib Bandung- Kaos Bobotoh Viking Bogor Timur - Bobotoh Bandung - Kaos Pria - Kaos Wanita / Botleg / Vintage 90s,kaos bobotoh persib bandung kaos bobotoh viking timur bobotoh bandung kaos pria kaos wanita botleg vintage 90s,Pakaian & Fashion,Atasan & Pakaian Kasual,lazada,Kab. Bogor,Bogor,Tidak Diketahui,58500.0,11.0,5.0,0.8812935446643941,0.3195735163826218,1.0,13.374678860018665,12.424533248940001,3,1,0,1,True,False,False,False,True,False,False,False,False,1,0,0,1,0,1
https://www.lazada.co.id/products/pdp-i7654336165.html,KAOS DISTRO LASKAR PADJAJARAN PERSIKABO BOGOR 1973 COTTON COMBED 24S (LEBIH TEBAL DARI 30S),kaos distro laskar padjajaran persikabo cotton combed 24s lebih tebal 30s,Pakaian & Fashion,Atasan & Pakaian Kasual,lazada,Kota Tangerang,Tangerang,Tidak Diketahui,69000.0,11.0,5.0,0.9118556300906138,0.3195735163826218,1.0,13.539758373899955,12.424533248940001,3,1,0,5,True,False,False,False,False,False,False,False,True,0,0,0,1,0,1
https://www.lazada.co.id/products/pdp-i8347118639.html,KAOS BABAKANSTRESS RAIN CITY PRIDE KOTA BOGOR || KAOS KOTA,kaos babakanstress rain city pride kota kaos kota,Pakaian & Fashion,Atasan & Pakaian Kasual,lazada,Kota Jakarta Pusat,Jakarta,Tidak Diketahui,45000.0,11.0,5.0,0.832720847717568,0.3195735163826218,1.0,13.112315061750808,12.424533248940001,3,1,0,3,True,False,False,False,False,False,True,False,False,0,0,0,1,0,1
https://www.lazada.co.id/products/pdp-i7566142863.html,BAJU T-SHIRT STMN1 BOGOR RASCAL321 BRAK BOGOR STM,baju shirt stmn1 rascal321 brak stm,Pakaian & Fashion,Atasan & Pakaian Kasual,lazada,Kota Bogor,Bogor,Tidak Diketahui,83500.0,11.0,5.0,0.9471684470324495,0.3195735163826218,1.0,13.730498272368353,12.424533248940001,3,1,0,1,True,False,False,False,True,False,False,False,False,1,0,0,1,0,2
https://www.lazada.co.id/products/pdp-i7149554098.html,Kaos Distro BOGOR - Kaos Distro Keren  - Tshirt Pria Dan Wanita (08) - Kaos Distro Terbaru - Kaos Murah - Kaos Anak laki laki - Cotton Combed 30s - Kaos Terbaru - Polka Fashion - Baju Atasan Pria - Kaos Keren - Bisa Cod,kaos distro kaos distro keren tshirt pria wanita kaos distro terbaru kaos murah kaos anak laki laki cotton combed 30s kaos terbaru polka fashion baju atasan pria kaos keren bisa cod,Pakaian & Fashion,Atasan & Pakaian Kasual,lazada,Kab. Bogor,Bogor,Tidak Diketahui,56500.0,11.0,5.0,0.8748534179462337,0.3195735163826218,1.0,13.339892798942067,12.424533248940001,3,1,0,1,True,False,False,False,True,False,False,False,False,1,0,0,1,0,1
https://www.lazada.co.id/products/pdp-i1426106144.html,"kaos oblong hitam bintik (dewasa)  oleh"" puncak bogor",kaos oblong hitam bintik dewasa puncak,Pakaian & Fashion,Atasan & Pakaian Kasual,lazada,Kab. Bogor,Bogor,Tidak Diketahui,32900.0,11.0,5.0,0.7747389606092074,0.3195735163826218,1.0,12.799125972742269,12.424533248940001,3,1,0,1,True,False,False,False,True,False,False,False,False,1,0,0,1,0,1
https://www.lazada.co.id/products/pdp-i18833284889.html,Kaos Kata Kata Bogor Kota Hujan Kaos Sablon Kaos Distro Kaos Unisex Kaos Lengan Pendek,kaos kata kata kota hujan kaos sablon kaos distro kaos unisex kaos lengan pendek,Pakaian & Fashion,Atasan & Pakaian Kasual,lazada,Kota Jakarta Barat,Jakarta,Tidak Diketahui,48000.0,11.0,5.0,0.8446691358978033,0.3195735163826218,1.0,13.176853456625999,12.424533248940001,3,1,0,3,True,False,False,False,False,False,True,False,False,0,0,0,1,0,1
https://www.lazada.co.id/products/pdp-i7998428903.html,T-SHIRT KAOS DISTRO BOGOR CITY / DISTRO /KAOS PRIA / KAOS WANITA / COD BAYAR DI TEMPAT,shirt kaos distro city distro kaos pria kaos wanita cod bayar tempat,Pakaian & Fashion,Atasan & Pakaian Kasual,lazada,Kota Jakarta Barat,Jakarta,Tidak Diketahui,34999.0,11.0,5.0,0.7861888339529448,0.3195735163826218,1.0,12.860972638906617,12.424533248940001,3,1,0,3,True,False,False,False,False,False,True,False,False,0,0,0,1,0,1
https://www.lazada.co.id/products/pdp-i7820062693.html,baju kaos atasan anak usia 1-13tahun motif I LOVE BOGOR/kaos atasan anak,baju kaos atasan anak usia 13tahun motif love kaos atasan anak,Pakaian & Fashion,Atasan & Pakaian Kasual,lazada,Kota Jakarta Barat,Jakarta,Tidak Diketahui,21500.0,11.0,5.0,0.6959805047079692,0.3195735163826218,1.0,12.373707715234994,12.424533248940001,3,1,0,3,True,False,False,False,False,False,True,False,False,0,0,0,1,0,0
https://www.lazada.co.id/products/pdp-i6744272808.html,BAJU KAOS WB WARGA BOGOR BAHAN 100% KATUN,baju kaos wb warga bahan katun,Pakaian & Fashion,Atasan & Pakaian Kasual,lazada,Kota Jakarta Barat,Jakarta,Tidak Diketahui,57000.0,11.0,5.0,0.876484573279164,0.3195735163826218,1.0,13.348703414510117,12.424533248940001,3,1,0,3,True,False,False,False,False,False,True,False,False,0,0,0,1,0,1
https://www.lazada.co.id/products/pdp-i8770782980.html,KAOS//FROM BOGOR WITH LOVE PERSIJA//KAOS KEREN BISA COD,kaos from with love persija kaos keren bisa cod,Pakaian & Fashion,Atasan & Pakaian Kasual,lazada,Kota Bogor,Bogor,Tidak Diketahui,63000.0,11.0,5.0,0.8950135348134667,0.3195735163826218,1.0,13.448786721172443,12.424533248940001,3,1,0,1,True,False,False,False,True,False,False,False,False,1,0,0,1,0,1
https://www.lazada.co.id/products/pdp-i7571434849.html,BAJU T-SHIRT STMN1 BOGOR RASCAL321 BRAK BOGOR STM MLB,baju shirt stmn1 rascal321 brak stm mlb,Pakaian & Fashion,Atasan & Pakaian Kasual,lazada,Kota Bogor,Bogor,Tidak Diketahui,83500.0,11.0,5.0,0.9471684470324495,0.3195735163826218,1.0,13.730498272368353,12.424533248940001,3,1,0,1,True,False,False,False,True,False,False,False,False,1,0,0,1,0,2
https://www.lazada.co.id/products/pdp-i8661374625.html,Noov Market The Jansen - From Bogor To Asia Tour 2024 Tshirt - Black | Original Merchandise,noov market the jansen from to asia tour tshirt black original merchandise,Pakaian & Fashion,Atasan & Pakaian Kasual,lazada,Kota Tangerang,Tangerang,Tidak Diketahui,59800.0,11.0,5.0,0.8853626109844115,0.3195735163826218,1.0,13.39665773295485,12.424533248940001,3,1,0,5,True,False,False,False,False,False,False,False,True,0,0,0,1,0,1
https://www.lazada.co.id/products/pdp-i8269384924.html,BAJU KAOS TULISAN BOGOR CITIES YANG LEMBUT SERTA BERGAM WARNA YANG BISA DIPAKAI UNISEX,baju kaos tulisan cities lembut serta bergam warna bisa dipakai unisex,Pakaian & Fashion,Atasan & Pakaian Kasual,lazada,Kota Jakarta Barat,Jakarta,Tidak Diketahui,30000.0,11.0,5.0,0.7576558265027287,0.3195735163826218,1.0,12.706850963741102,12.424533248940001,3,1,0,3,True,False,False,False,False,False,True,False,False,0,0,0,1,0,0
https://www.lazada.co.id/products/pdp-i8758598700.html,Kaos I LOVE BOGOR edisi 2 / Kaos keren katun 24s 100% Premium Quality,kaos love edisi kaos keren katun 24s premium quality,Pakaian & Fashion,Atasan & Pakaian Kasual,lazada,Kab. Bogor,Bogor,Tidak Diketahui,89000.0,11.0,5.0,0.9589782269440532,0.3195735163826218,1.0,13.794287942962585,12.424533248940001,3,1,0,1,True,False,False,False,True,False,False,False,False,1,0,0,1,0,2
https://www.lazada.co.id/products/pdp-i6981342143.html,KAWKAWSTORE KAOS CASUAL ULTRAS BOGOR SOCIETY PREMIUM KAOS COTTON COMBED 30S ORIGINAL BY KAWKAWSTORE,kawkawstore kaos casual ultras society premium kaos cotton combed 30s original by kawkawstore,Pakaian & Fashion,Atasan & Pakaian Kasual,lazada,Kab. Bogor,Bogor,Tidak Diketahui,45000.0,11.0,5.0,0.832720847717568,0.3195735163826218,1.0,13.112315061750808,12.424533248940001,3,1,0,1,True,False,False,False,True,False,False,False,False,1,0,0,1,0,1
https://www.lazada.co.id/products/pdp-i5116622271.html,Kaos Taman Yasmin Bogor,kaos taman yasmin,Pakaian & Fashion,Atasan & Pakaian Kasual,lazada,Kota Jakarta Barat,Jakarta,Tidak Diketahui,47000.0,11.0,5.0,0.8407714277834921,0.3195735163826218,1.0,13.155800087724673,12.424533248940001,3,1,0,3,True,False,False,False,False,False,True,False,False,0,0,0,1,0,1
https://www.lazada.co.id/products/pdp-i8701524166.html,INI KEREN!!! Kaos MOTO BOGOR Baju keren dan elegan Bahan Katun 24s 100% Premium Quality,keren kaos moto baju keren elegan bahan katun 24s premium quality,Pakaian & Fashion,Atasan & Pakaian Kasual,lazada,Kab. Bogor,Bogor,Tidak Diketahui,84000.0,11.0,5.0,0.9482737397745484,0.3195735163826218,1.0,13.736468432874318,12.424533248940001,3,1,0,1,True,False,False,False,True,False,False,False,False,1,0,0,1,0,2
https://www.lazada.co.id/products/pdp-i8412484259.html,Gudang Kaos Tongkrongan Kabupaten Bogor - Baju Tongkrongan - Kaos Distro Viral - Baju Pria Dan Wanita Unisex Bahan Adem Cotton Combed 30s,gudang kaos tongkrongan kabupaten baju tongkrongan kaos distro viral baju pria wanita unisex bahan adem cotton combed 30s,Pakaian & Fashion,Atasan & Pakaian Kasual,lazada,Kota Bogor,Bogor,Tidak Diketahui,49999.0,11.0,5.0,0.8522229892738429,0.3195735163826218,1.0,13.217655375225181,12.424533248940001,3,1,0,1,True,False,False,False,True,False,False,False,False,1,0,0,1,0,1
https://www.lazada.co.id/products/pdp-i7158742264.html,kaos baju BOGOR OUR PRIDE t-shirt Bogor cotton premium 30s kaos distro,kaos baju our pride shirt cotton premium 30s kaos distro,Pakaian & Fashion,Atasan & Pakaian Kasual,lazada,Kota Depok,Depok,Tidak Diketahui,62500.0,11.0,5.0,0.8935383457764383,0.3195735163826218,1.0,13.44081856306726,12.424533248940001,3,1,0,2,True,False,False,False,False,True,False,False,False,0,0,0,1,0,1
https://www.lazada.co.id/products/pdp-i18837345339.html,KAOS AYAM BANGKOK BOGOR // KAOS PRIA MURAH,kaos ayam bangkok kaos pria murah,Pakaian & Fashion,Atasan & Pakaian Kasual,lazada,Kota Jakarta Selatan,Jakarta,Tidak Diketahui,52750.0,11.0,5.0,0.8621389399171149,0.3195735163826218,1.0,13.271216047530286,12.424533248940001,3,1,0,3,True,False,False,False,False,False,True,False,False,0,0,0,1,0,1
https://www.lazada.co.id/products/pdp-i5640118056.html,kaos salam plat f bogor cianjur sukabumi /kaos pria wanita murah/kaos combed30s,kaos salam plat cianjur sukabumi kaos pria wanita murah kaos combed30s,Pakaian & Fashion,Atasan & Pakaian Kasual,lazada,Kab. Bogor,Bogor,Tidak Diketahui,35500.0,11.0,5.0,0.7888201667589949,0.3195735163826218,1.0,12.875185809078062,12.424533248940001,3,1,0,1,True,False,False,False,True,False,False,False,False,1,0,0,1,0,1
https://www.lazada.co.id/products/pdp-i8192592482.html,Kaos Stm Bastard 423 bogor / Kaos YKTB bogor bahan catton terlaris / Kaos distro premium quality,kaos stm bastard kaos yktb bahan catton terlaris kaos distro premium quality,Pakaian & Fashion,Atasan & Pakaian Kasual,lazada,Kab. Bogor,Bogor,Tidak Diketahui,59999.0,11.0,5.0,0.8859776732074243,0.3195735163826218,1.0,13.399979962372672,12.424533248940001,3,1,0,1,True,False,False,False,True,False,False,False,False,1,0,0,1,0,1
https://www.lazada.co.id/products/pdp-i8292134574.html,KAOS VIKING BOGOR IPB PERSIB - BANDUNG - KAOS DISTRO - KAOS SANTAI - KAOS TERBARU 2024 - KAOS TIKTOK VIRAL - KAOS MURAH - KAOS KEREN - KAOS TIKTOK VIRAL - BAJU KEKINIAN - KAOS TERLARIS - KAOS UNISEX - KAOS PRIA DAN WANITA DEWASA - KAOS COTTON 30S - 11,kaos viking ipb persib bandung kaos distro kaos santai kaos terbaru kaos tiktok viral kaos murah kaos keren kaos tiktok viral baju kekinian kaos terlaris kaos unisex kaos pria wanita dewasa kaos cotton 30s,Pakaian & Fashion,Atasan & Pakaian Kasual,lazada,Kab. Bogor,Bogor,Tidak Diketahui,53000.0,11.0,5.0,0.8630142828888043,0.3195735163826218,1.0,13.275944180597024,12.424533248940001,3,1,0,1,True,False,False,False,True,False,False,False,False,1,0,0,1,0,1
https://www.lazada.co.id/products/pdp-i7921206748.html,KAOS STM BISTEK BOGOR - STM BINA SARANA,kaos stm bistek stm bina sarana,Pakaian & Fashion,Atasan & Pakaian Kasual,lazada,Kab. Bogor,Bogor,Tidak Diketahui,59999.0,11.0,5.0,0.8859776732074243,0.3195735163826218,1.0,13.399979962372672,12.424533248940001,3,1,0,1,True,False,False,False,True,False,False,False,False,1,0,0,1,0,1
https://www.lazada.co.id/products/pdp-i7053188059.html,kaos stelan anak usia 6 bln - 9 th. puncak bogor,kaos stelan anak usia bln th puncak,Pakaian & Fashion,Atasan & Pakaian Kasual,lazada,Kab. Bogor,Bogor,Tidak Diketahui,28000.0,11.0,5.0,0.7448830515980944,0.3195735163826218,1.0,12.637858308703688,12.424533248940001,3,1,0,1,True,False,False,False,True,False,False,False,False,1,0,0,1,0,0
https://www.lazada.co.id/products/pdp-i8633804946.html,KAOSSOLO.ID- KAOS BOGOR RAIN CITY- KAOS KATA KATA PRIA DAN WANITA TERBARU DAN TERLARIS,kaossolo id kaos rain city kaos kata kata pria wanita terbaru terlaris,Pakaian & Fashion,Atasan & Pakaian Kasual,lazada,Kab. Bogor,Bogor,Tidak Diketahui,44880.0,11.0,5.0,0.8322264974227498,0.3195735163826218,1.0,13.109644838596527,12.424533248940001,3,1,0,1,True,False,False,False,True,False,False,False,False,1,0,0,1,0,1
https://www.lazada.co.id/products/pdp-i7566176464.html,BAJU T-SHIRT STMN1 BOGOR RASCAL321 BRAK BOGOR STM,baju shirt stmn1 rascal321 brak stm,Pakaian & Fashion,Atasan & Pakaian Kasual,lazada,Kota Bogor,Bogor,Tidak Diketahui,83500.0,11.0,5.0,0.9471684470324495,0.3195735163826218,1.0,13.730498272368353,12.424533248940001,3,1,0,1,True,False,False,False,True,False,False,False,False,1,0,0,1,0,2
https://www.lazada.co.id/products/pdp-i6467496603.html,Kaos T-shirt Distro Pria   - Kaos Distro Bogor  - Tshirt Pria Dan Wanita (08) - Kaos Distro Terbaru - Kaos Murah - Kaos Anak laki laki - Cotton Combed 30s - Kaos Terbaru - Polka Fashion - Baju Atasan Pria - Kaos Keren - Bisa Cod,kaos shirt distro pria kaos distro tshirt pria wanita kaos distro terbaru kaos murah kaos anak laki laki cotton combed 30s kaos terbaru polka fashion baju atasan pria kaos keren bisa cod,Pakaian & Fashion,Atasan & Pakaian Kasual,lazada,Kab. Bogor,Bogor,Tidak Diketahui,71500.0,11.0,5.0,0.9184447796095825,0.3195735163826218,1.0,13.575349272935478,12.424533248940001,3,1,0,1,True,False,False,False,True,False,False,False,False,1,0,0,1,0,1
https://www.lazada.co.id/products/pdp-i7571470448.html,BAJU T-SHIRT STMN1 BOGOR RASCAL321 BRAK BOGOR STM,baju shirt stmn1 rascal321 brak stm,Pakaian & Fashion,Atasan & Pakaian Kasual,lazada,Kota Bogor,Bogor,Tidak Diketahui,83500.0,11.0,5.0,0.9471684470324495,0.3195735163826218,1.0,13.730498272368353,12.424533248940001,3,1,0,1,True,False,False,False,True,False,False,False,False,1,0,0,1,0,2
https://www.lazada.co.id/products/pdp-i8234946026.html,KAWKAWSTORE Kaos Baju Distro BOGOR SOCIETY Cotton Combed 30s Premium / Atasan Sablon Pria Wanita Cowok Cewek Unisex Keren Lengan Pendek High Quality Tees T-SHIRT Tulisan Kata Logo Orang Bogor,kawkawstore kaos baju distro society cotton combed 30s premium atasan sablon pria wanita cowok cewek unisex keren lengan pendek high quality tees shirt tulisan kata logo orang,Pakaian & Fashion,Atasan & Pakaian Kasual,lazada,Kab. Tangerang,Tangerang,Tidak Diketahui,57999.0,11.0,5.0,0.8797012011226462,0.3195735163826218,1.0,13.366077888222897,12.424533248940001,3,1,0,5,True,False,False,False,False,False,False,False,True,0,0,0,1,0,1
https://www.lazada.co.id/products/pdp-i7710262950.html,Kaos DEPOK BOGOR OFFICIAL,kaos depok official,Pakaian & Fashion,Atasan & Pakaian Kasual,lazada,Kab. Bogor,Bogor,Tidak Diketahui,59000.0,11.0,5.0,0.8828691715681718,0.3195735163826218,1.0,13.38318953651709,12.424533248940001,3,1,0,1,True,False,False,False,True,False,False,False,False,1,0,0,1,0,1
https://www.lazada.co.id/products/pdp-i5770762507.html,Kaos STM AOET & KHAEND  STM 30 BOGOR ALL BASE 100% Cotton 30s original Unisex,kaos stm aoet khaend stm all base cotton 30s original unisex,Pakaian & Fashion,Atasan & Pakaian Kasual,lazada,Kab. Bogor,Bogor,Tidak Diketahui,58000.0,11.0,5.0,0.8797043931329733,0.3195735163826218,1.0,13.366095129723817,12.424533248940001,3,1,0,1,True,False,False,False,True,False,False,False,False,1,0,0,1,0,1
https://www.lazada.co.id/products/pdp-i1177420005.html,Kaos persikabo bogoh ka bogor,kaos persikabo bogoh ka,Pakaian & Fashion,Atasan & Pakaian Kasual,lazada,Kab. Bogor,Bogor,Tidak Diketahui,65000.0,11.0,5.0,0.9007994838866595,0.3195735163826218,1.0,13.480039220276565,12.424533248940001,3,1,0,1,True,False,False,False,True,False,False,False,False,1,0,0,1,0,1
https://www.lazada.co.id/products/pdp-i8639602195.html,KAOS//INSTITUT PERTANIAN BOGOR IPB//KAOS KEREN BISA COD,kaos institut pertanian ipb kaos keren bisa cod,Pakaian & Fashion,Atasan & Pakaian Kasual,lazada,Kota Bogor,Bogor,Tidak Diketahui,62000.0,11.0,5.0,0.8920513078949297,0.3195735163826218,1.0,13.432786403100184,12.424533248940001,3,1,0,1,True,False,False,False,True,False,False,False,False,1,0,0,1,0,1
https://www.lazada.co.id/products/pdp-i1156484356.html,Kaos persikabo bogor,kaos persikabo,Pakaian & Fashion,Atasan & Pakaian Kasual,lazada,Kab. Bogor,Bogor,Tidak Diketahui,56000.0,11.0,5.0,0.87320776352246,0.3195735163826218,1.0,13.331003865890963,12.424533248940001,3,1,0,1,True,False,False,False,True,False,False,False,False,1,0,0,1,0,1
https://www.lazada.co.id/products/pdp-i7490824182.html,KAOS KATA - BOGOR THE RAIN CITY IN WEST JAVA,kaos kata the rain city in west java,Pakaian & Fashion,Atasan & Pakaian Kasual,lazada,Kab. Bekasi,Bekasi,Tidak Diketahui,40999.0,11.0,5.0,0.8154821406833712,0.3195735163826218,1.0,13.01920044528999,12.424533248940001,3,1,0,0,True,False,False,True,False,False,False,False,False,0,0,0,1,0,1
https://www.lazada.co.id/products/pdp-i8641114247.html,KAOS//I LOVE BOGOR/KAOS KEREN BISA COD,kaos love kaos keren bisa cod,Pakaian & Fashion,Atasan & Pakaian Kasual,lazada,Kota Bogor,Bogor,Tidak Diketahui,62000.0,11.0,5.0,0.8920513078949297,0.3195735163826218,1.0,13.432786403100184,12.424533248940001,3,1,0,1,True,False,False,False,True,False,False,False,False,1,0,0,1,0,1
https://www.lazada.co.id/products/pdp-i1169582042.html,Kaos persikabo bogor beridentitas,kaos persikabo beridentitas,Pakaian & Fashion,Atasan & Pakaian Kasual,lazada,Kab. Bogor,Bogor,Tidak Diketahui,60000.0,11.0,5.0,0.8859807588182942,0.3195735163826218,1.0,13.399996629152975,12.424533248940001,3,1,0,1,True,False,False,False,True,False,False,False,False,1,0,0,1,0,1
https://www.lazada.co.id/products/pdp-i7571458910.html,BAJU T-SHIRT STMN1 BOGOR RASCAL321 BRAK BOGOR STM BLACK FLAG,baju shirt stmn1 rascal321 brak stm black flag,Pakaian & Fashion,Atasan & Pakaian Kasual,lazada,Kota Bogor,Bogor,Tidak Diketahui,83500.0,11.0,5.0,0.9471684470324495,0.3195735163826218,1.0,13.730498272368353,12.424533248940001,3,1,0,1,True,False,False,False,True,False,False,False,False,1,0,0,1,0,2
https://www.lazada.co.id/products/pdp-i7571490214.html,BAJU T-SHIRT STMN1 BOGOR RASCAL321 BRAK BOGOR STM chicago,baju shirt stmn1 rascal321 brak stm chicago,Pakaian & Fashion,Atasan & Pakaian Kasual,lazada,Kota Bogor,Bogor,Tidak Diketahui,83500.0,11.0,5.0,0.9471684470324495,0.3195735163826218,1.0,13.730498272368353,12.424533248940001,3,1,0,1,True,False,False,False,True,False,False,False,False,1,0,0,1,0,2
https://www.lazada.co.id/products/pdp-i6269340850.html,T-shirt Kaos Baju distro Bogor kota hujan yg ga pernah banjir / kaos murah catton combad,shirt kaos baju distro kota hujan yg ga pernah banjir kaos murah catton combad,Pakaian & Fashion,Atasan & Pakaian Kasual,lazada,Kab. Bogor,Bogor,Tidak Diketahui,50000.0,11.0,5.0,0.8522266920007155,0.3195735163826218,1.0,13.217675375388819,12.424533248940001,3,1,0,1,True,False,False,False,True,False,False,False,False,1,0,0,1,0,1
https://www.lazada.co.id/products/pdp-i7566210100.html,BAJU T-SHIRT STMN1 BOGOR RASCAL321 BRAK BOGOR STM,baju shirt stmn1 rascal321 brak stm,Pakaian & Fashion,Atasan & Pakaian Kasual,lazada,Kota Bogor,Bogor,Tidak Diketahui,83500.0,11.0,5.0,0.9471684470324495,0.3195735163826218,1.0,13.730498272368353,12.424533248940001,3,1,0,1,True,False,False,False,True,False,False,False,False,1,0,0,1,0,2
https://www.lazada.co.id/products/pdp-i7571464680.html,BAJU T-SHIRT STMN1 BOGOR RASCAL321 BRAK BOGOR STM misfits,baju shirt stmn1 rascal321 brak stm misfits,Pakaian & Fashion,Atasan & Pakaian Kasual,lazada,Kota Bogor,Bogor,Tidak Diketahui,83500.0,11.0,5.0,0.9471684470324495,0.3195735163826218,1.0,13.730498272368353,12.424533248940001,3,1,0,1,True,False,False,False,True,False,False,False,False,1,0,0,1,0,2
https://www.lazada.co.id/products/pdp-i8604922951.html,ATASAN DEWASA REGLAN PUNCAK BOGOR  uk XL,atasan dewasa reglan puncak uk xl,Pakaian & Fashion,Atasan & Pakaian Kasual,lazada,Kab. Bogor,Bogor,Tidak Diketahui,35100.0,11.0,5.0,0.7867223205118599,0.3195735163826218,1.0,12.863854272251563,12.424533248940001,3,1,0,1,True,False,False,False,True,False,False,False,False,1,0,0,1,0,1
https://www.lazada.co.id/products/pdp-i7571474688.html,BAJU T-SHIRT STMN1 BOGOR RASCAL321 BRAK BOGOR STM MILISI KECOA,baju shirt stmn1 rascal321 brak stm milisi kecoa,Pakaian & Fashion,Atasan & Pakaian Kasual,lazada,Kota Bogor,Bogor,Tidak Diketahui,83500.0,11.0,5.0,0.9471684470324495,0.3195735163826218,1.0,13.730498272368353,12.424533248940001,3,1,0,1,True,False,False,False,True,False,False,False,False,1,0,0,1,0,2
https://www.lazada.co.id/products/pdp-i8399450129.html,KAOS PERSIKABO BOGOR TSHIRT BAHAN COMBED 30s VIRAL,kaos persikabo tshirt bahan combed 30s viral,Pakaian & Fashion,Atasan & Pakaian Kasual,lazada,Kota Jakarta Pusat,Jakarta,Tidak Diketahui,76980.0,11.0,5.0,0.932116717393703,0.3195735163826218,1.0,13.649197380579693,12.424533248940001,3,1,0,3,True,False,False,False,False,False,True,False,False,0,0,0,1,0,2
https://www.lazada.co.id/products/pdp-i7566200156.html,BAJU T-SHIRT STMN1 BOGOR RASCAL321 BRAK BOGOR STM,baju shirt stmn1 rascal321 brak stm,Pakaian & Fashion,Atasan & Pakaian Kasual,lazada,Kota Bogor,Bogor,Tidak Diketahui,83500.0,11.0,5.0,0.9471684470324495,0.3195735163826218,1.0,13.730498272368353,12.424533248940001,3,1,0,1,True,False,False,False,True,False,False,False,False,1,0,0,1,0,2
https://www.lazada.co.id/products/pdp-i8026160843.html,Kaos Viking Persib Terbaru 2022 Viking Purworejo - Kaos / Tshirt Bobotoh Persib Bandung- Kaos Bobotoh Viking Purworejo - Kaos Viking Bogor - Kaos Pria - Kaos Wanita / Botleg / Vintage 90s GARASI SABLON,kaos viking persib terbaru viking purworejo kaos tshirt bobotoh persib bandung kaos bobotoh viking purworejo kaos viking kaos pria kaos wanita botleg vintage 90s garasi sablon,Pakaian & Fashion,Atasan & Pakaian Kasual,lazada,Kab. Bogor,Bogor,Tidak Diketahui,38167.0,11.0,5.0,0.80223094871132,0.3195735163826218,1.0,12.947624201566947,12.424533248940001,3,1,0,1,True,False,False,False,True,False,False,False,False,1,0,0,1,0,1
https://www.lazada.co.id/products/pdp-i6888044714.html,KAWKAWSTORE Kaos Distro Baju Distro Cowok Cewek Motif Bogor Street Wear T-shirt Combed 30s Premium- KAWKAWSTORE - Kaos murah -Distro Bandung Baju Distro Baju Custom Combed 30s Baju Murah Baju Polos Baju Kekinian Baju Pria Baju Wanita Baju Hits (COD),kawkawstore kaos distro baju distro cowok cewek motif street wear shirt combed 30s premium kawkawstore kaos murah distro bandung baju distro baju custom combed 30s baju murah baju polos baju kekinian baju pria baju wanita baju hits cod,Pakaian & Fashion,Atasan & Pakaian Kasual,lazada,Kab. Bogor,Bogor,Tidak Diketahui,47500.0,11.0,5.0,0.8427305389407478,0.3195735163826218,1.0,13.166382176694869,12.424533248940001,3,1,0,1,True,False,False,False,True,False,False,False,False,1,0,0,1,0,1
https://www.lazada.co.id/products/pdp-i5668150154.html,Sablon Kaos persikabo bogoh ka bogor,sablon kaos persikabo bogoh ka,Pakaian & Fashion,Atasan & Pakaian Kasual,lazada,Kab. Bogor,Bogor,Tidak Diketahui,65000.0,11.0,5.0,0.9007994838866595,0.3195735163826218,1.0,13.480039220276565,12.424533248940001,3,1,0,1,True,False,False,False,True,False,False,False,False,1,0,0,1,0,1
https://www.lazada.co.id/products/pdp-i7204360037.html,Kaos T-shirt Distro Pria Bogor - Kaos Distro Murah - Tshirt Pria Dan Wanita - Kaos Distro Terbaru - Kaos Murah - Kaos Kekinian - Tshirt Keren - Kaos Terbaru - Polka Fashion - Baju Atasan Pria - Kaos Keren - Bisa Cod,kaos shirt distro pria kaos distro murah tshirt pria wanita kaos distro terbaru kaos murah kaos kekinian tshirt keren kaos terbaru polka fashion baju atasan pria kaos keren bisa cod,Pakaian & Fashion,Atasan & Pakaian Kasual,lazada,Kota Jakarta Barat,Jakarta,Tidak Diketahui,45000.0,11.0,5.0,0.832720847717568,0.3195735163826218,1.0,13.112315061750808,12.424533248940001,3,1,0,3,True,False,False,False,False,False,True,False,False,0,0,0,1,0,1
https://www.lazada.co.id/products/pdp-i7588638332.html,(026) KAOS DISTRO FASHION WAV EVLOGIA MOTIF JAKARTA X BOGOR  FREE STICKER PRIA WANITA KEREN T-SHIRT STREETWEAR T-SHIRT,kaos distro fashion wav evlogia motif jakarta free sticker pria wanita keren shirt streetwear shirt,Pakaian & Fashion,Atasan & Pakaian Kasual,lazada,Kota Jakarta Barat,Jakarta,Tidak Diketahui,51000.0,11.0,5.0,0.8558928420727205,0.3195735163826218,1.0,13.237477967034438,12.424533248940001,3,1,0,3,True,False,False,False,False,False,True,False,False,0,0,0,1,0,1
https://www.lazada.co.id/products/pdp-i5668144211.html,Sablon Kaos persikabo bogor beridentitas,sablon kaos persikabo beridentitas,Pakaian & Fashion,Atasan & Pakaian Kasual,lazada,Kab. Bogor,Bogor,Tidak Diketahui,60000.0,11.0,5.0,0.8859807588182942,0.3195735163826218,1.0,13.399996629152975,12.424533248940001,3,1,0,1,True,False,False,False,True,False,False,False,False,1,0,0,1,0,1
https://www.lazada.co.id/products/pdp-i8621702642.html,NOOV MARKET The Jansen - From Bogor To Asia Tour 2024 Tshirt Unisex - Black (S-3XL),noov market the jansen from to asia tour tshirt unisex black 3xl,Pakaian & Fashion,Atasan & Pakaian Kasual,lazada,Kota Jakarta Utara,Jakarta,Tidak Diketahui,90000.0,11.0,5.0,0.9610468085358066,0.3195735163826218,1.0,13.805461232211272,12.424533248940001,3,1,0,3,True,False,False,False,False,False,True,False,False,0,0,0,1,0,2
https://www.lazada.co.id/products/pdp-i7675990414.html,KAOS MURAH PROMO  LASKAR PADJAJARAN PERSIKABO BOGOR 1973   24S (LEBIH TEBAL DARI 30S) COTTON COMBED,kaos murah promo laskar padjajaran persikabo 24s lebih tebal 30s cotton combed,Pakaian & Fashion,Atasan & Pakaian Kasual,lazada,Kota Tangerang,Tangerang,Tidak Diketahui,59900.0,11.0,5.0,0.8856719428887494,0.3195735163826218,1.0,13.398328574581743,12.424533248940001,3,1,0,5,True,False,False,False,False,False,False,False,True,0,0,0,1,0,1
https://www.lazada.co.id/products/pdp-i18851195358.html,Kaos Bobotoh Hitam Polyester From Bogor For Persib Distro Unisex,kaos bobotoh hitam polyester from for persib distro unisex,Pakaian & Fashion,Atasan & Pakaian Kasual,lazada,Kota Jakarta Selatan,Jakarta,Tidak Diketahui,52900.0,11.0,5.0,0.862664642183206,0.3195735163826218,1.0,13.274055609151619,12.424533248940001,3,1,0,3,True,False,False,False,False,False,True,False,False,0,0,0,1,0,1
https://www.lazada.co.id/products/pdp-i8187912664.html,Sakura Glory - KAOS I LOVE BOGOR COTTON COMBED 30S PREMIUM UKURAN S-XXL / ATASAN / BAJU / BLOUSE / T-SHIRT / TUMBLR TEE / PRIA / WANITA / DEWASA / DISTRO / IMPORT / OVERSIZE / COD / DISKON / GRATIS ONGKIR / MURAH,sakura glory kaos love cotton combed 30s premium ukuran xxl atasan baju blouse shirt tumblr tee pria wanita dewasa distro import oversize cod diskon gratis ongkir murah,Pakaian & Fashion,Atasan & Pakaian Kasual,lazada,Kota Jakarta Barat,Jakarta,Tidak Diketahui,19500.0,11.0,5.0,0.6779047778351839,0.3195735163826218,1.0,12.276069679344003,12.424533248940001,3,1,0,3,True,False,False,False,False,False,True,False,False,0,0,0,1,0,0
https://www.lazada.co.id/products/pdp-i18837418090.html,Kaos Unisex Motif Bogor Combed 30s Nyaman Dipakai,kaos unisex motif combed 30s nyaman dipakai,Pakaian & Fashion,Atasan & Pakaian Kasual,lazada,Kab. Bogor,Bogor,Tidak Diketahui,55000.0,11.0,5.0,0.8698719100459005,0.3195735163826218,1.0,13.312985389904174,12.424533248940001,3,1,0,1,True,False,False,False,True,False,False,False,False,1,0,0,1,0,1
https://www.lazada.co.id/products/pdp-i5535864368.html,T-SHIRT KAOS DISTRO BOGOR RAIN CITY,shirt kaos distro rain city,Pakaian & Fashion,Atasan & Pakaian Kasual,lazada,Kab. Bogor,Bogor,Tidak Diketahui,65000.0,11.0,5.0,0.9007994838866595,0.3195735163826218,1.0,13.480039220276565,12.424533248940001,3,1,0,1,True,False,False,False,True,False,False,False,False,1,0,0,1,0,1
https://www.lazada.co.id/products/pdp-i18851422448.html,Kaos Ultras Bogor From Bogor To Persib Bandung T-Shirt Distro Viral Dsain Supporter,kaos ultras from to persib bandung shirt distro viral dsain supporter,Pakaian & Fashion,Atasan & Pakaian Kasual,lazada,Kota Jakarta Selatan,Jakarta,Tidak Diketahui,52750.0,11.0,5.0,0.8621389399171149,0.3195735163826218,1.0,13.271216047530286,12.424533248940001,3,1,0,3,True,False,False,False,False,False,True,False,False,0,0,0,1,0,1
https://www.lazada.co.id/products/pdp-i7981780988.html,Kaos KOTA BOGOR SOCIETY - SELLMOUSE  - Kaos Terbaru - [COD] - Kaos Distro - Kaos Termurah  - Baju Kekinian - Kaos 2024 - Kaos Pria Wanita - Kaos Terlaris -kaos keren - Baju dewasa - Kaos Cotton 30s - Kaos keren - Bisa cod,kaos kota society sellmouse kaos terbaru cod kaos distro kaos termurah baju kekinian kaos kaos pria wanita kaos terlaris kaos keren baju dewasa kaos cotton 30s kaos keren bisa cod,Pakaian & Fashion,Atasan & Pakaian Kasual,lazada,Kab. Bogor,Bogor,Tidak Diketahui,58500.0,11.0,5.0,0.8812935446643941,0.3195735163826218,1.0,13.374678860018665,12.424533248940001,3,1,0,1,True,False,False,False,True,False,False,False,False,1,0,0,1,0,1
https://www.lazada.co.id/products/pdp-i7571474849.html,BAJU T-SHIRT STMN1 BOGOR RASCAL321 BRAK BOGOR STM BAD BRAINS,baju shirt stmn1 rascal321 brak stm bad brains,Pakaian & Fashion,Atasan & Pakaian Kasual,lazada,Kota Bogor,Bogor,Tidak Diketahui,83500.0,11.0,5.0,0.9471684470324495,0.3195735163826218,1.0,13.730498272368353,12.424533248940001,3,1,0,1,True,False,False,False,True,False,False,False,False,1,0,0,1,0,2
https://www.lazada.co.id/products/pdp-i6269384181.html,T-shirt Baju Kaos distro Bogor kota hujan yg ga pernah banjir / kaos murah catton combad,shirt baju kaos distro kota hujan yg ga pernah banjir kaos murah catton combad,Pakaian & Fashion,Atasan & Pakaian Kasual,lazada,Kab. Bogor,Bogor,Tidak Diketahui,50000.0,11.0,5.0,0.8522266920007155,0.3195735163826218,1.0,13.217675375388819,12.424533248940001,3,1,0,1,True,False,False,False,True,False,False,False,False,1,0,0,1,0,1
https://www.lazada.co.id/products/pdp-i8399294901.html,KAOS MENTALITA BOGOR TSHIRT BAHAN COMBED 30s VIRAL,kaos mentalita tshirt bahan combed 30s viral,Pakaian & Fashion,Atasan & Pakaian Kasual,lazada,Kota Jakarta Pusat,Jakarta,Tidak Diketahui,76588.0,11.0,5.0,0.9311715545355661,0.3195735163826218,1.0,13.644092145279467,12.424533248940001,3,1,0,3,True,False,False,False,False,False,True,False,False,0,0,0,1,0,2
https://www.lazada.co.id/products/pdp-i8029866596.html,kaos stm30 aoetkhaen30 bogor/kaos stm dan smk,kaos stm30 aoetkhaen30 kaos stm smk,Pakaian & Fashion,Atasan & Pakaian Kasual,lazada,Kota Jakarta Barat,Jakarta,Tidak Diketahui,54999.0,11.0,5.0,0.8698685439275009,0.3195735163826218,1.0,13.312967207950754,12.424533248940001,3,1,0,3,True,False,False,False,False,False,True,False,False,0,0,0,1,0,1
https://www.lazada.co.id/products/pdp-i7304360415.html,KAOS PUTRI BOGOR COTTON COMBED 24S (LEBIH TEBAL DARI 30S) ADEM NYAMAN DI PAKAI DAYA SERAP KERINGAT TINGGI,kaos putri cotton combed 24s lebih tebal 30s adem nyaman pakai daya serap keringat tinggi,Pakaian & Fashion,Atasan & Pakaian Kasual,lazada,Kota Tangerang,Tangerang,Tidak Diketahui,75000.0,11.0,5.0,0.9272925360154078,0.3195735163826218,1.0,13.623139877437296,12.424533248940001,3,1,0,5,True,False,False,False,False,False,False,False,True,0,0,0,1,0,1
https://www.lazada.co.id/products/pdp-i8274516049.html,SINFASHION  - KAOS PRIA PERSIKABO BOGOR - ULTRAS PERSIKABO - PERSIKABO TILL I DIE - KAOS DISTRO DEWASA,sinfashion kaos pria persikabo ultras persikabo persikabo till die kaos distro dewasa,Pakaian & Fashion,Atasan & Pakaian Kasual,lazada,Kota Bogor,Bogor,Tidak Diketahui,49999.0,11.0,5.0,0.8522229892738429,0.3195735163826218,1.0,13.217655375225181,12.424533248940001,3,1,0,1,True,False,False,False,True,False,False,False,False,1,0,0,1,0,1
https://www.lazada.co.id/products/pdp-i5667918497.html,Sablon Kaos persikabo bogor,sablon kaos persikabo,Pakaian & Fashion,Atasan & Pakaian Kasual,lazada,Kab. Bogor,Bogor,Tidak Diketahui,56000.0,11.0,5.0,0.87320776352246,0.3195735163826218,1.0,13.331003865890963,12.424533248940001,3,1,0,1,True,False,False,False,True,False,False,False,False,1,0,0,1,0,1
https://www.lazada.co.id/products/pdp-i7571458956.html,BAJU T-SHIRT STMN1 BOGOR RASCAL321 BRAK BOGOR STM TEENAGE,baju shirt stmn1 rascal321 brak stm teenage,Pakaian & Fashion,Atasan & Pakaian Kasual,lazada,Kota Bogor,Bogor,Tidak Diketahui,83500.0,11.0,5.0,0.9471684470324495,0.3195735163826218,1.0,13.730498272368353,12.424533248940001,3,1,0,1,True,False,False,False,True,False,False,False,False,1,0,0,1,0,2
https://www.lazada.co.id/products/pdp-i673292182.html,"PAKAIAN BAJU PRIA UNIK, KAOS PERSIKABO FANS BAJU TSHIRT TIRA KABO BOGOR KABOMANIA COMBED 30S",pakaian baju pria unik kaos persikabo fans baju tshirt tira kabo kabomania combed 30s,Pakaian & Fashion,Atasan & Pakaian Kasual,lazada,Kota Jakarta Barat,Jakarta,Tidak Diketahui,69900.0,11.0,5.0,0.9142548281917555,0.3195735163826218,1.0,13.552717501578666,12.424533248940001,3,1,0,3,True,False,False,False,False,False,True,False,False,0,0,0,1,0,1
https://www.lazada.co.id/products/pdp-i673248620.html,"PAKAIAN BAJU PRIA UNIK, KAOS PERSIKABO LASKAR PRINT BAJU TSHIRT TIRA KABO BOGOR KABOMANIA",pakaian baju pria unik kaos persikabo laskar print baju tshirt tira kabo kabomania,Pakaian & Fashion,Atasan & Pakaian Kasual,lazada,Kota Jakarta Barat,Jakarta,Tidak Diketahui,82000.0,11.0,5.0,0.9438124163274801,0.3195735163826218,1.0,13.712370907691596,12.424533248940001,3,1,0,3,True,False,False,False,False,False,True,False,False,0,0,0,1,0,2
https://www.lazada.co.id/products/pdp-i5746092316.html,(( LEBSA MOESLIM WEAR )) jas koko/jasco/jasko/baju koko/busana muslim pria terbaru 2026 warana  putih kombinasi biru bordir terlaris  jasco bogor cod bayar ditempat,lebsa moeslim wear jas koko jasco jasko baju koko busana muslim pria terbaru warana putih kombinasi biru bordir terlaris jasco cod bayar ditempat,Pakaian & Fashion,Atasan & Pakaian Kasual,lazada,Kota Bogor,Bogor,Tidak Diketahui,100000.0,11.0,5.0,0.980552858521546,0.3195735163826218,1.0,13.910821646859095,12.424533248940001,3,1,0,1,True,False,False,False,True,False,False,False,False,1,0,0,1,0,2
https://www.lazada.co.id/products/pdp-i7477978736.html,Jasko PUTIH bordir NEW murah bogor /jaskomoderen/jaskoko/busana muslim pria/jas,jasko putih bordir new murah jaskomoderen jaskoko busana muslim pria jas,Pakaian & Fashion,Atasan & Pakaian Kasual,lazada,Kab. Bogor,Bogor,Tidak Diketahui,105000.0,11.0,5.0,0.9895856932892182,0.3195735163826218,1.0,13.959611767738522,12.424533248940001,3,1,0,1,True,False,False,False,True,False,False,False,False,1,0,0,1,0,2
https://www.lazada.co.id/products/pdp-i673270364.html,"PAKAIAN BAJU PRIA UNIK, KAOS PERSIKABO PAJAJARAN BAJU TSHIRT BOGOR KABOMANIA TIRA KABO COMBED",pakaian baju pria unik kaos persikabo pajajaran baju tshirt kabomania tira kabo combed,Pakaian & Fashion,Atasan & Pakaian Kasual,lazada,Kota Jakarta Barat,Jakarta,Tidak Diketahui,77000.0,11.0,5.0,0.9321648108581433,0.3195735163826218,1.0,13.649457154271039,12.424533248940001,3,1,0,3,True,False,False,False,False,False,True,False,False,0,0,0,1,0,2
https://www.lazada.co.id/products/pdp-i7262866910.html,link khusus baju batik kampung urug bogor (big size),link khusus baju batik kampung urug big size,Pakaian & Fashion,Pakaian Tradisional,lazada,Kab. Bogor,Bogor,Tidak Diketahui,111075.75,18.0,5.0,1.0000000000000002,0.4015344965884274,1.0,14.508339938030991,14.722194895832201,3,8,0,1,True,False,False,False,True,False,False,False,False,1,0,0,1,0,2
https://www.lazada.co.id/products/pdp-i8215234510.html,BAJU KAOS TULISAN BOGOR YANG LEMBUT SERTA BERAGAM WARNA YANG BISA DIPAKAI UNISEX,baju kaos tulisan lembut serta beragam warna bisa dipakai unisex,Pakaian & Fashion,Pakaian Tradisional,lazada,Kota Jakarta Barat,Jakarta,Tidak Diketahui,30000.0,36.0,5.0,0.7576558265027287,0.5204059299612324,1.0,13.8924725250259,18.05458956322112,3,8,0,3,True,False,False,False,False,False,True,False,False,0,0,0,1,0,0
https://www.lazada.co.id/products/pdp-i7188020179.html,Kain Batik ASN bogor kampung urug ukuran 1m 50cm,kain batik asn kampung urug ukuran 1m 50cm,Pakaian & Fashion,Pakaian Tradisional,lazada,Kab. Bogor,Bogor,Tidak Diketahui,111075.75,80.0,5.0,1.0000000000000002,0.6601545058783324,1.0,15.999994427185467,21.972245773362197,3,8,0,1,True,False,False,False,True,False,False,False,False,1,0,0,1,0,2
https://www.lazada.co.id/products/pdp-i8642096791.html,DODOT BATIK BOGOR - KAIN PRAKTIS BATIK URUG [ DODOT-D211026 ],dodot batik kain praktis batik urug dodot d211026,Pakaian & Fashion,Pakaian Tradisional,lazada,Kab. Bogor,Bogor,Tidak Diketahui,111075.75,8.5,5.0,1.0000000000000002,0.27790658465799645,1.0,13.758034902632094,11.256458993032476,3,8,0,1,True,False,False,False,True,False,False,False,False,1,0,0,1,0,2
https://www.lazada.co.id/products/pdp-i8642084805.html,PANGSI HITAM KOMBINASI BATIK BOGOR [ PANGSI-P211022 ],pangsi hitam kombinasi batik pangsi p211022,Pakaian & Fashion,Pakaian Tradisional,lazada,Kab. Bogor,Bogor,Tidak Diketahui,111075.75,8.5,5.0,1.0000000000000002,0.27790658465799645,1.0,13.758034902632094,11.256458993032476,3,8,0,1,True,False,False,False,True,False,False,False,False,1,0,0,1,0,2
https://www.lazada.co.id/products/pdp-i8646260777.html,PANGSI HITAM KOMBINASI BATIK BOGOR - DESAIN SELENDANG [ PANGSI-P211024 ],pangsi hitam kombinasi batik desain selendang pangsi p211024,Pakaian & Fashion,Pakaian Tradisional,lazada,Kab. Bogor,Bogor,Tidak Diketahui,111075.75,8.5,5.0,1.0000000000000002,0.27790658465799645,1.0,13.758034902632094,11.256458993032476,3,8,0,1,True,False,False,False,True,False,False,False,False,1,0,0,1,0,2
https://www.lazada.co.id/products/pdp-i8644664051.html,PANGSI PUTIH KOMBINASI BATIK BOGOR [ PANGSI-P211023 ],pangsi putih kombinasi batik pangsi p211023,Pakaian & Fashion,Pakaian Tradisional,lazada,Kab. Bogor,Bogor,Tidak Diketahui,111075.75,8.5,5.0,1.0000000000000002,0.27790658465799645,1.0,13.758034902632094,11.256458993032476,3,8,0,1,True,False,False,False,True,False,False,False,False,1,0,0,1,0,2
https://www.lazada.co.id/products/pdp-i8648014268.html,PANGSI PUTIH KOMBINASI BATIK BOGOR - DESAIN SELENDANG [ PANGSI-P211025 ],pangsi putih kombinasi batik desain selendang pangsi p211025,Pakaian & Fashion,Pakaian Tradisional,lazada,Kab. Bogor,Bogor,Tidak Diketahui,111075.75,8.5,5.0,1.0000000000000002,0.27790658465799645,1.0,13.758034902632094,11.256458993032476,3,8,0,1,True,False,False,False,True,False,False,False,False,1,0,0,1,0,2
https://www.lazada.co.id/products/pdp-i8642086936.html,IKET TUTUP BATIK BOGOR - IKET PRAKTIS BATIK URUG [ Iket-I211027 ],iket tutup batik iket praktis batik urug iket i211027,Pakaian & Fashion,Pakaian Tradisional,lazada,Kab. Bogor,Bogor,Tidak Diketahui,75000.0,8.5,5.0,0.9272925360154078,0.27790658465799645,1.0,13.36531112464094,11.256458993032476,3,8,0,1,True,False,False,False,True,False,False,False,False,1,0,0,1,0,1
https://www.lazada.co.id/products/pdp-i8642100046.html,IKET GAYA KDM BATIK BOGOR - IKET BATIK URUG SEGI TIGA [ Iket-I211028 ],iket gaya kdm batik iket batik urug segi tiga iket i211028,Pakaian & Fashion,Pakaian Tradisional,lazada,Kab. Bogor,Bogor,Tidak Diketahui,93750.0,8.5,5.0,0.9686044366346522,0.27790658465799645,1.0,13.5884543622301,11.256458993032476,3,8,0,1,True,False,False,False,True,False,False,False,False,1,0,0,1,0,2
https://www.lazada.co.id/products/pdp-i7477998406.html,jasko lis merah item bordir  murah bogor albar/jaskobogor/jaskomoderen,jasko lis merah item bordir murah albar jaskobogor jaskomoderen,Pakaian & Fashion,Pakaian Tradisional,lazada,Kab. Bogor,Bogor,Tidak Diketahui,105000.0,8.5,5.0,0.9895856932892182,0.27790658465799645,1.0,13.701782913083482,11.256458993032476,3,8,0,1,True,False,False,False,True,False,False,False,False,1,0,0,1,0,2
