url_produk,nama_produk,kategori,sub_kategori,harga_produk,jumlah_terjual,rating,nama_toko,marketplace,label,nama_produk_clean,median_harga_kategori,mean_harga_kategori,std_harga_kategori,q25_harga_kategori,q75_harga_kategori,rasio_harga,zscore_harga,log_harga,segmen_harga,norm_terjual,norm_rating,skor_daya_tarik
https://www.tokopedia.com/padifoodie/renginang-khas-bogor-rasa-bawang-terasi-dan-ketan-item-khas-bogor-cita-rasa-unik-dan-otentik-1734112185295079133?extParam=ivf%3Dfalse%26keyword%3Doleh+oleh+khas+kabupten+bogor%26search_id%3D202602110814263AD7C2EBB96FCB1ACDS2%26src%3Dsearch,Renginang Khas Bogor Rasa Bawang Terasi dan Ketan Item Khas Bogor Cita Rasa Unik dan Otentik,Makanan,Lauk & Bahan Makanan,24000,4.0,4.6872,Padifoodie,tokopedia,0,renginang khas bogor rasa bawang terasi ketan item khas bogor cita rasa unik otentik,36000.0,42386.53311258278,30340.890453295866,23000.0,52000.0,0.6666666666666666,-0.605998467345097,10.085850775128717,1,5.235693467599784e-05,0.9374399999999999,0.2812686498542732
https://www.tokopedia.com/aa-shop90/kopi-cap-teko-tanpa-gula-khas-bogor-15sachet-1731961892047652317?extParam=ivf%3Dfalse%26keyword%3Doleh+oleh+khas+kabupten+bogor%26search_id%3D202602110814263AD7C2EBB96FCB1ACDS2%26src%3Dsearch,Kopi Cap Teko Tanpa Gula  Khas Bogor 15sachet,Minuman,Kopi,19250,250.0,4.9,AA-shop90,tokopedia,1,kopi cap teko tanpa gula khas bogor sachet,34125.0,37780.642857142855,48393.300293114764,11500.0,44986.75,0.5641025641025641,-0.38291752670109447,9.865318286418624,1,0.00434562557810782,0.9800000000000001,0.29704193790467553
https://www.tokopedia.com/noga-sari/500-gr-noga-teng-teng-kacang-khas-bogor-caramel-dan-kacang-1730902708557612763?extParam=ivf%3Dfalse%26keyword%3Doleh+oleh+khas+kabupten+bogor%26search_id%3D202602110814263AD7C2EBB96FCB1ACDS2%26src%3Dsearch,"500 gr - NOGA TENG-TENG KACANG KHAS BOGOR, Caramel dan Kacang",Makanan,Camilan & Snack,33500,30.0,4.5,Noga Sari,tokopedia,0,noga teng teng kacang khas bogor caramel kacang,36000.0,42386.53311258278,30340.890453295866,23000.0,52000.0,0.9305555555555556,-0.2928896607784777,10.419330568113901,1,0.0005061170352013124,0.9,0.27035428192464095
https://www.tokopedia.com/arsyfaqia/manisan-kelapa-kering-khas-bogor-1729980593596434812?extParam=ivf%3Dfalse%26keyword%3Doleh+oleh+khas+kabupten+bogor%26search_id%3D202602110814263AD7C2EBB96FCB1ACDS2%26src%3Dsearch,manisan kelapa kering khas Bogor,Makanan,Camilan & Snack,35000,30.0,4.6872,ArsyfaQia,tokopedia,0,manis kelapa kering khas bogor,36000.0,42386.53311258278,30340.890453295866,23000.0,52000.0,0.9722222222222222,-0.24345142816269574,10.463131911491967,1,0.0005061170352013124,0.9374399999999999,0.2815862819246409
https://www.tokopedia.com/djadjasnack/enting-enting-kacang-khas-bogor-awet-2-3-bulan-200gr-1kg-1733891167834244721?extParam=ivf%3Dfalse%26keyword%3Doleh+oleh+khas+kabupten+bogor%26search_id%3D202602110814263AD7C2EBB96FCB1ACDS2%26src%3Dsearch,Enting-Enting Kacang khas bogor Awet 2-3 Bulan 200gr-1kg,Makanan,Camilan & Snack,13400,40.0,3.0,DJADJASNACK,tokopedia,0,enting enting kacang khas bogor awet bulan,36000.0,42386.53311258278,30340.890453295866,23000.0,52000.0,0.37222222222222223,-0.9553619778299564,9.503084610020228,0,0.0006806401507879719,0.6,0.18047644810555158
https://www.tokopedia.com/florantara-tok/kopi-khas-bogor-kopi-cap-teko?extParam=ivf%3Dfalse%26keyword%3Doleh+oleh+khas+kabupten+bogor%26search_id%3D202602110814263AD7C2EBB96FCB1ACDS2%26src%3Dsearch,kopi khas Bogor kopi cap teko,Minuman,Kopi,1500,100.0,5.0,floranta,tokopedia,1,kopi khas bogor kopi cap teko,34125.0,37780.642857142855,48393.300293114764,11500.0,44986.75,0.04395604395604396,-0.749703835807717,7.313886831633462,0,0.0017277788443079286,1.0,0.30120944519101556
https://www.tokopedia.com/kopihas/kopi-khas-bogor-kopi-cap-teko?extParam=ivf%3Dfalse%26keyword%3Doleh+oleh+khas+kabupten+bogor%26search_id%3D202602110814263AD7C2EBB96FCB1ACDS2%26src%3Dsearch,kopi khas bogor kopi cap teko,Minuman,Kopi,28000,7.0,5.0,pro spareparts,tokopedia,1,kopi khas bogor kopi cap teko,34125.0,37780.642857142855,48393.300293114764,11500.0,44986.75,0.8205128205128205,-0.2021073743245904,10.239995502805316,1,0.00010471386935199568,1.0,0.3000732997085464
https://www.tokopedia.com/dzolshop2/roti-unyil-venuss-oleh-oleh-khas-bogor-isi-10-pcs?extParam=ivf%3Dfalse%26keyword%3Doleh+oleh+khas+kabupten+bogor%26search_id%3D202602110814263AD7C2EBB96FCB1ACDS2%26src%3Dsearch,Roti Unyil Venuss oleh-oleh khas Bogor Isi 10 pcs,Makanan,Kue & Roti,30000,60.0,5.0,Syaqila az,tokopedia,1,roti unyil venuss khas bogor isi,36000.0,42386.53311258278,30340.890453295866,23000.0,52000.0,0.8333333333333334,-0.408245536881969,10.308985993422082,1,0.0010296863819612909,1.0,0.3007207804673729
https://www.tokopedia.com/pialestari/pia-lestari-oleh-oleh-khas-bogor-1731296007485032319?extParam=ivf%3Dfalse%26keyword%3Doleh+oleh+khas+kabupten+bogor%26search_id%3D202602110814263AD7C2EBB96FCB1ACDS2%26src%3Dsearch,Pia Lestari Oleh-Oleh Khas Bogor,Makanan,Kue & Roti,46500,750.0,5.0,Pia Lestari,tokopedia,1,pia lestari khas bogor,36000.0,42386.53311258278,30340.890453295866,23000.0,52000.0,1.2916666666666667,0.1355750218916328,10.747229096720554,1,0.013071781357440793,1.0,0.30915024695020854
https://www.tokopedia.com/doa-restu-snacks/rangginang-oleh-oleh-khas-bogor-isi-30-keping-dores-snacks-cemilan-kering-1730071427263399866?extParam=ivf%3Dfalse%26keyword%3Doleh+oleh+khas+kabupten+bogor%26search_id%3D202602110814263AD7C2EBB96FCB1ACDS2%26src%3Dsearch,Rangginang Oleh-oleh Khas Bogor Isi 30 Keping - DORES Snacks Cemilan Kering,Makanan,Camilan & Snack,24900,10.0,4.8,Doa Restu Snacks,tokopedia,0,rangginang khas bogor isi keping dores snacks cemilan kering,36000.0,42386.53311258278,30340.890453295866,23000.0,52000.0,0.6916666666666667,-0.5763355277756278,10.122663242288953,1,0.0001570708040279935,0.96,0.2881099495628196
https://www.tokopedia.com/sambel-pecel-khas-bogor/sambal-pecel-sb-khas-bogor-1734336386226423703?extParam=ivf%3Dfalse%26keyword%3Doleh+oleh+khas+kabupten+bogor%26search_id%3D202602110814263AD7C2EBB96FCB1ACDS2%26src%3Dsearch,SAMBAL PECEL SB KHAS BOGOR,Makanan,Lauk & Bahan Makanan,38000,896.9068,4.6872,Sambel Pecel Khas Bogor,tokopedia,0,sambal pecel sb khas bogor,36000.0,42386.53311258278,30340.890453295866,23000.0,52000.0,1.0555555555555556,-0.14457496293113178,10.545367754151743,1,0.01563564460112742,0.9374399999999999,0.2921769512207892
https://www.tokopedia.com/rindu-bogor/kopi-cap-teko-toko-agus-kemasan-250gr-kopi-lokal-khas-bogor-bubuk-coffee-1730910724746545091?extParam=ivf%3Dfalse%26keyword%3Doleh+oleh+khas+kabupten+bogor%26search_id%3D202602110814263AD7C2EBB96FCB1ACDS2%26src%3Dsearch,Kopi Cap Teko Toko Agus kemasan 250gr Kopi Lokal Khas Bogor Bubuk Coffee,Minuman,Kopi,34500,17.0,5.0,Rindu Bogor,tokopedia,1,kopi cap teko toko agus kemas kopi lokal khas bogor bubuk coffee,34125.0,37780.642857142855,48393.300293114764,11500.0,44986.75,1.010989010989011,-0.06779126113061593,10.448743588106625,1,0.00027923698493865514,1.0,0.30019546588945706
https://www.tokopedia.com/unggulbarokah/original-keripik-pisang-kepok-renyah-200g-khas-ukm-kab-bogor-unggul-barokah-organik-rendah-lemak-food-snacks-cemilan-snack-1729605490968004843?extParam=ivf%3Dfalse%26keyword%3Doleh+oleh+khas+kabupten+bogor%26search_id%3D202602110814263AD7C2EBB96FCB1ACDS2%26src%3Dsearch,Original Keripik Pisang Kepok Renyah 200g Khas UKM Kab Bogor unggul barokah Organik Rendah lemak Food Snacks Cemilan Snack,Makanan,Camilan & Snack,25000,100.0,5.0,Unggul Barokah,tokopedia,1,keripik pisang pok renyah g khas ukm kab bogor unggul barokah organik rendah lemak food snacks cemilan snack,36000.0,42386.53311258278,30340.890453295866,23000.0,52000.0,0.6944444444444444,-0.5730396456012423,10.12667110305036,1,0.0017277788443079286,1.0,0.30120944519101556
https://www.tokopedia.com/unggulbarokah/keripik-pisang-kepok-original-renyah-250g-khas-ukm-kab-bogor-unggul-barokah-food-snacks-snack-ungu-cemilan-1729572231987431659?extParam=ivf%3Dfalse%26keyword%3Doleh+oleh+khas+kabupten+bogor%26search_id%3D202602110814263AD7C2EBB96FCB1ACDS2%26src%3Dsearch,Keripik Pisang Kepok Original Renyah 250g Khas UKM Kab Bogor Unggul Barokah Food Snacks Snack Ungu Cemilan,Makanan,Camilan & Snack,30000,100.0,4.9,Unggul Barokah,tokopedia,1,keripik pisang pok renyah g khas ukm kab bogor unggul barokah food snacks snack ungu cemilan,36000.0,42386.53311258278,30340.890453295866,23000.0,52000.0,0.8333333333333334,-0.408245536881969,10.308985993422082,1,0.0017277788443079286,0.9800000000000001,0.2952094451910156
https://www.tokopedia.com/nurulaziz/kerupuk-asoy-mentah-khas-bogor-enak-mekar-renyah-gurih-1000-gram-29366?extParam=ivf%3Dfalse%26keyword%3Doleh+oleh+khas+kabupten+bogor%26search_id%3D202602110814263AD7C2EBB96FCB1ACDS2%26src%3Dsearch,kerupuk asoy mentah khas bogor,Makanan,Camilan & Snack,31000,100.0,4.8,Nurul Aziz Store,tokopedia,0,kerupuk asoy mentah khas bogor,36000.0,42386.53311258278,30340.890453295866,23000.0,52000.0,0.8611111111111112,-0.3752867151381144,10.34177474101152,1,0.0017277788443079286,0.96,0.28920944519101555
https://www.tokopedia.com/cahyamuly/rengginang-mentah-khas-bogor-isi-50-1733861125321688355?extParam=ivf%3Dfalse%26keyword%3Doleh+oleh+khas+kabupten+bogor%26search_id%3D202602110814263AD7C2EBB96FCB1ACDS2%26src%3Dsearch,Rengginang Mentah khas bogor isi 50,Makanan,Camilan & Snack,28000,6.0,4.8,cahyamulya,tokopedia,0,rengginang mentah khas bogor isi,36000.0,42386.53311258278,30340.890453295866,23000.0,52000.0,0.7777777777777778,-0.47416318036967836,10.239995502805316,1,8.726155779332973e-05,0.96,0.2880610830904553
https://www.tokopedia.com/tukang-taman-71/kopi-bubuk-cap-teko-khas-bogor?extParam=ivf%3Dfalse%26keyword%3Doleh+oleh+khas+kabupten+bogor%26search_id%3D202602110814263AD7C2EBB96FCB1ACDS2%26src%3Dsearch,Kopi Bubuk cap Teko khas bogor,Minuman,Kopi,39000,15.0,5.0,Tukang Taman 71,tokopedia,1,kopi bubuk cap teko khas bogor,34125.0,37780.642857142855,48393.300293114764,11500.0,44986.75,1.1428571428571428,0.02519681723444332,10.571342565808699,1,0.0002443323618213232,1.0,0.30017103265327494
https://www.tokopedia.com/aruyshp/renggining-tepung-beras-isi-30-pcs-khas-bogor-1732127212791170465?extParam=ivf%3Dfalse%26keyword%3Doleh+oleh+khas+kabupten+bogor%26search_id%3D202602110814263AD7C2EBB96FCB1ACDS2%26src%3Dsearch,Renggining Tepung beras isi 30 pcs khas Bogor,Makanan,Camilan & Snack,20000,50.0,4.8,aruyshp,tokopedia,0,renggining tepung beras isi khas bogor,36000.0,42386.53311258278,30340.890453295866,23000.0,52000.0,0.5555555555555556,-0.7378337543205156,9.90353755128617,0,0.0008551632663746313,0.96,0.2885986142864622
https://www.tokopedia.com/khodirr-store/promo-kopi-hitam-tanpa-gula-cap-teko-khas-bogor-40gr-1731669090749810223?extParam=ivf%3Dfalse%26keyword%3Doleh+oleh+khas+kabupten+bogor%26search_id%3D202602110814263AD7C2EBB96FCB1ACDS2%26src%3Dsearch,PROMO!! KOPI HITAM TANPA GULA CAP TEKO KHAS BOGOR 40gr,Minuman,Kopi,7500,70.0,4.9,khodirr store,tokopedia,1,kopi hitam tanpa gula cap teko khas bogor,34125.0,37780.642857142855,48393.300293114764,11500.0,44986.75,0.21978021978021978,-0.6257197313209714,8.922791623969637,0,0.0012042094975479502,0.9800000000000001,0.2948429466482836
https://www.tokopedia.com/yosantheng/kue-kering-kuping-gajah-khas-bogor-500-gr-food-gula-cookies-1729621934461389735?extParam=ivf%3Dfalse%26keyword%3Doleh+oleh+khas+kabupten+bogor%26search_id%3D202602110814263AD7C2EBB96FCB1ACDS2%26src%3Dsearch,Kue Kering Kuping Gajah Khas Bogor 500 gr Food Gula Cookies,Makanan,Kue & Roti,25000,896.9068,4.6872,yosantheng,tokopedia,0,kue kering kuping gajah khas bogor food gula cookies,36000.0,42386.53311258278,30340.890453295866,23000.0,52000.0,0.6944444444444444,-0.5730396456012423,10.12667110305036,1,0.01563564460112742,0.9374399999999999,0.2921769512207892
https://www.tokopedia.com/aneka-bogor/manisan-pala-kering-1-kg-khas-bogor-termurah-kiloan-rendah-lemak-organik-makanan-food-snacks-1729892260148120035?extParam=ivf%3Dfalse%26keyword%3Doleh+oleh+khas+kabupten+bogor%26search_id%3D202602110814263AD7C2EBB96FCB1ACDS2%26src%3Dsearch,Manisan Pala Kering 1 Kg Khas Bogor Termurah Kiloan Rendah lemak Organik Makanan Food Snacks,Makanan,Camilan & Snack,50500,2.0,4.8,Aneka Bogor,tokopedia,0,manis pala kering khas bogor murah kilo rendah lemak organik makan food snacks,36000.0,42386.53311258278,30340.890453295866,23000.0,52000.0,1.4027777777777777,0.26741030886705147,10.829748417047593,1,1.7452311558665946e-05,0.96,0.28801221661809107
https://www.tokopedia.com/sha02shop/dodol-ketan-asli-khas-bogor-200gram-1731252894738253290?extParam=ivf%3Dfalse%26keyword%3Doleh+oleh+khas+kabupten+bogor%26search_id%3D202602110814263AD7C2EBB96FCB1ACDS2%26src%3Dsearch,Dodol Ketan asli Khas Bogor 200gram,Makanan,Camilan & Snack,25000,896.9068,4.6872,Sha02Shop,tokopedia,0,dodol ketan khas bogor,36000.0,42386.53311258278,30340.890453295866,23000.0,52000.0,0.6944444444444444,-0.5730396456012423,10.12667110305036,1,0.01563564460112742,0.9374399999999999,0.2921769512207892
https://www.tokopedia.com/yosantheng/kue-kering-semprong-khas-bogor-netto-500-gr-gula-food-1729621935005272999?extParam=ivf%3Dfalse%26keyword%3Doleh+oleh+khas+kabupten+bogor%26search_id%3D202602110814263AD7C2EBB96FCB1ACDS2%26src%3Dsearch,Kue Kering Semprong Khas Bogor Netto 500 gr Gula Food,Makanan,Kue & Roti,25000,11.0,4.6872,yosantheng,tokopedia,0,kue kering semprong khas bogor netto gula food,36000.0,42386.53311258278,30340.890453295866,23000.0,52000.0,0.6944444444444444,-0.5730396456012423,10.12667110305036,1,0.00017452311558665946,0.9374399999999999,0.28135416618091064
https://www.tokopedia.com/chotaofid/keripik-talas-coklat-khas-bogor-camilan-manis-kriuk-lezat-chotaof-id-1734237591179724412?extParam=ivf%3Dfalse%26keyword%3Doleh+oleh+khas+kabupten+bogor%26search_id%3D202602110814263AD7C2EBB96FCB1ACDS2%26src%3Dsearch,KERIPIK TALAS COKLAT KHAS BOGOR | Camilan Manis Kriuk Lezat ChoTaOf.id,Makanan,Camilan & Snack,16999,8.0,5.0,ChoTaOf.id,tokopedia,1,keripik talas coklat khas bogor camil manis kriuk lezat chotaof id,36000.0,42386.53311258278,30340.890453295866,23000.0,52000.0,0.47219444444444447,-0.8367431783738235,9.740968623038354,0,0.0001221661809106616,1.0,0.30008551632663744
https://www.tokopedia.com/pg-olshop-791/rangining-makanan-ringan-mentah-khas-bogor-1729749216533448635?extParam=ivf%3Dfalse%26keyword%3Doleh+oleh+khas+kabupten+bogor%26search_id%3D202602110814263AD7C2EBB96FCB1ACDS2%26src%3Dsearch,Rangining makanan ringan mentah khas bogor,Makanan,Camilan & Snack,45000,896.9068,4.6872,PG OLSHOP,tokopedia,0,rangining makan ringan mentah khas bogor,36000.0,42386.53311258278,30340.890453295866,23000.0,52000.0,1.25,0.08613678927585083,10.714439990727769,1,0.01563564460112742,0.9374399999999999,0.2921769512207892
https://www.tokopedia.com/dewisur/keripik-seblok-khas-bogor-500gram-1731547415717578341?extParam=ivf%3Dfalse%26keyword%3Doleh+oleh+khas+kabupten+bogor%26search_id%3D202602110814263AD7C2EBB96FCB1ACDS2%26src%3Dsearch,keripik seblok khas bogor 500gram,Makanan,Camilan & Snack,30000,896.9068,4.6872,Petco Petshop,tokopedia,0,keripik blok khas bogor,36000.0,42386.53311258278,30340.890453295866,23000.0,52000.0,0.8333333333333334,-0.408245536881969,10.308985993422082,1,0.01563564460112742,0.9374399999999999,0.2921769512207892
https://www.tokopedia.com/djadjasnack/kripik-pisang-koin-renyah-dan-manis-250gr-100gr-khas-bogor-1733848232964753009?extParam=ivf%3Dfalse%26keyword%3Doleh+oleh+khas+kabupten+bogor%26search_id%3D202602110814263AD7C2EBB96FCB1ACDS2%26src%3Dsearch,KRIPIK PISANG KOIN RENYAH DAN MANIS 250GR-100GR KHAS BOGOR,Makanan,Camilan & Snack,6600,2.0,5.0,DJADJASNACK,tokopedia,1,kripik pisang koin renyah manis khas bogor,36000.0,42386.53311258278,30340.890453295866,23000.0,52000.0,0.18333333333333332,-1.179481965688168,8.79497643168877,0,1.7452311558665946e-05,1.0,0.3000122166180911
https://www.tokopedia.com/de-aloevera/rengginang-mentah-khas-bogor-isi-30-keping-ketan-hitam-aac2b?extParam=ivf%3Dfalse%26keyword%3Doleh+oleh+khas+kabupten+bogor%26search_id%3D202602110814263AD7C2EBB96FCB1ACDS2%26src%3Dsearch,RENGGINANG MENTAH KHAS BOGOR ISI 30 KEPING,Makanan,Camilan & Snack,23000,896.9068,4.6872,De Aloevera,tokopedia,0,rengginang mentah khas bogor isi keping,36000.0,42386.53311258278,30340.890453295866,23000.0,52000.0,0.6388888888888888,-0.6389572890889517,10.043292972227004,0,0.01563564460112742,0.9374399999999999,0.2921769512207892
https://www.tokopedia.com/kinar-pramestri/rengginang-khas-bogor-isi-20-hitam-merah-putih-goreng-food-pedas-1731160886468117658?extParam=ivf%3Dfalse%26keyword%3Doleh+oleh+khas+kabupten+bogor%26search_id%3D202602110814263AD7C2EBB96FCB1ACDS2%26src%3Dsearch,Rengginang Khas Bogor isi 20 Hitam Merah Putih Goreng Food Pedas,Makanan,Camilan & Snack,17000,896.9068,4.6872,Kinar Pramestri,tokopedia,0,rengginang khas bogor isi hitam merah putih goreng food pedas,36000.0,42386.53311258278,30340.890453295866,23000.0,52000.0,0.4722222222222222,-0.8367102195520796,9.741027444837728,0,0.01563564460112742,0.9374399999999999,0.2921769512207892
https://www.tokopedia.com/moonlightoutdoor/kopi-liong-cap-naga-bulan-original-khas-bogor?extParam=ivf%3Dfalse%26keyword%3Doleh+oleh+khas+kabupten+bogor%26search_id%3D202602110814263AD7C2EBB96FCB1ACDS2%26src%3Dsearch,Kopi Liong Cap Naga Bulan Original Khas Bogor,Minuman,Kopi,3500,100.0,4.9,Moonlight Outdoor,tokopedia,1,kopi liong cap naga bulan khas bogor,34125.0,37780.642857142855,48393.300293114764,11500.0,44986.75,0.10256410256410256,-0.7083758009788018,8.160803920954665,0,0.0017277788443079286,0.9800000000000001,0.2952094451910156
https://www.tokopedia.com/mega-wangi-olshop/1-kg-kerupuk-asoy-mentah-khas-kota-bogor-1733076569259672630?extParam=ivf%3Dfalse%26keyword%3Doleh+oleh+khas+kabupten+bogor%26search_id%3D202602110814263AD7C2EBB96FCB1ACDS2%26src%3Dsearch,1 kg KERUPUK ASOY MENTAH KHAS KOTA BOGOR,Makanan,Camilan & Snack,29900,4.0,5.0,mega wangi olshop,tokopedia,1,kerupuk asoy mentah khas kota bogor,36000.0,42386.53311258278,30340.890453295866,23000.0,52000.0,0.8305555555555556,-0.4115414190563545,10.305647203635566,1,5.235693467599784e-05,1.0,0.3000366498542732
https://www.tokopedia.com/doa-restu-snacks/mini-rangginang-oleh-oleh-khas-bogor-300-gram-isi-40-keping-dores-snacks-cemilan-kering-1732416883313248186?extParam=ivf%3Dfalse%26keyword%3Doleh+oleh+khas+kabupten+bogor%26search_id%3D202602110814263AD7C2EBB96FCB1ACDS2%26src%3Dsearch,Mini Rangginang Oleh-oleh Khas Bogor 300 gram Isi 40 Keping - DORES Snacks Cemilan Kering,Makanan,Camilan & Snack,17000,1.0,4.7,Doa Restu Snacks,tokopedia,0,mini rangginang khas bogor isi keping dores snacks cemilan kering,36000.0,42386.53311258278,30340.890453295866,23000.0,52000.0,0.4722222222222222,-0.8367102195520796,9.741027444837728,0,0.0,0.9400000000000001,0.28200000000000003
https://www.tokopedia.com/tokocepoet/dodol-khas-bogor-ukuran-1kg-1731018387606046582?extParam=ivf%3Dfalse%26keyword%3Doleh+oleh+khas+kabupten+bogor%26search_id%3D202602110814263AD7C2EBB96FCB1ACDS2%26src%3Dsearch,dodol khas bogor ukuran 1kg,Makanan,Camilan & Snack,45000,896.9068,4.6872,tokocepoet,tokopedia,0,dodol khas bogor ukur,36000.0,42386.53311258278,30340.890453295866,23000.0,52000.0,1.25,0.08613678927585083,10.714439990727769,1,0.01563564460112742,0.9374399999999999,0.2921769512207892
https://www.tokopedia.com/kinar-pramestri/rengginang-mini-khas-bogor-isi-60-original-ketan-asli-1731160873726215322?extParam=ivf%3Dfalse%26keyword%3Doleh+oleh+khas+kabupten+bogor%26search_id%3D202602110814263AD7C2EBB96FCB1ACDS2%26src%3Dsearch,Rengginang Mini Khas Bogor isi 60 Original Ketan Asli,Makanan,Camilan & Snack,24000,1.0,4.6872,Kinar Pramestri,tokopedia,0,rengginang mini khas bogor isi ketan,36000.0,42386.53311258278,30340.890453295866,23000.0,52000.0,0.6666666666666666,-0.605998467345097,10.085850775128717,1,0.0,0.9374399999999999,0.281232
https://www.tokopedia.com/amanah-collections-1/1-kg-kerupuk-asoy-khas-bogor-1730441753679791793?extParam=ivf%3Dfalse%26keyword%3Doleh+oleh+khas+kabupten+bogor%26search_id%3D202602110814263AD7C2EBB96FCB1ACDS2%26src%3Dsearch,1 Kg Kerupuk Asoy Khas Bogor,Makanan,Camilan & Snack,30900,21.0,3.0,Amanah Collections 1,tokopedia,0,kerupuk asoy khas bogor,36000.0,42386.53311258278,30340.890453295866,23000.0,52000.0,0.8583333333333333,-0.3785825973124998,10.33854382482173,1,0.0003490462311733189,0.6,0.18024433236182133
https://www.tokopedia.com/bstore-143/kerupuk-mentah-asoy-1-kg-khas-bogor-opak-1730952403953419878?extParam=ivf%3Dfalse%26keyword%3Doleh+oleh+khas+kabupten+bogor%26search_id%3D202602110814263AD7C2EBB96FCB1ACDS2%26src%3Dsearch,Kerupuk Mentah Asoy 1 kg khas Bogor / opak,Makanan,Camilan & Snack,32000,896.9068,4.6872,Bstore 143,tokopedia,0,kerupuk mentah asoy khas bogor opak,36000.0,42386.53311258278,30340.890453295866,23000.0,52000.0,0.8888888888888888,-0.34232789339425973,10.373522431293592,1,0.01563564460112742,0.9374399999999999,0.2921769512207892
https://www.tokopedia.com/bstore-143/kerupuk-mentah-asoy-1-kg-khas-bogor-opak-1730952407584638566?extParam=ivf%3Dfalse%26keyword%3Doleh+oleh+khas+kabupten+bogor%26search_id%3D202602110814263AD7C2EBB96FCB1ACDS2%26src%3Dsearch,Kerupuk Mentah Asoy 1 kg khas Bogor / opak,Makanan,Camilan & Snack,32000,896.9068,4.6872,Bstore 143,tokopedia,0,kerupuk mentah asoy khas bogor opak,36000.0,42386.53311258278,30340.890453295866,23000.0,52000.0,0.8888888888888888,-0.34232789339425973,10.373522431293592,1,0.01563564460112742,0.9374399999999999,0.2921769512207892
https://www.tokopedia.com/snack-barbar77/manisan-buah-pala-kering-250-gr-oleh-oleh-khas-bogor-1729860082874157766?extParam=ivf%3Dfalse%26keyword%3Doleh+oleh+khas+kabupten+bogor%26search_id%3D202602110814263AD7C2EBB96FCB1ACDS2%26src%3Dsearch,MANISAN BUAH PALA KERING 250 gr/OLEH -OLEH KHAS BOGOR,Makanan,Camilan & Snack,14000,12.0,4.6872,SNACK BAAR77,tokopedia,0,manis buah pala kering khas bogor,36000.0,42386.53311258278,30340.890453295866,23000.0,52000.0,0.3888888888888889,-0.9355866847836436,9.546884034617925,0,0.0001919754271453254,0.9374399999999999,0.2813663827990017
https://www.tokopedia.com/safashop/1-kg-kerupuk-asoy-khas-kota-bogor-1730432515673195581?extParam=ivf%3Dfalse%26keyword%3Doleh+oleh+khas+kabupten+bogor%26search_id%3D202602110814263AD7C2EBB96FCB1ACDS2%26src%3Dsearch,1 kg kerupuk asoy khas kota bogor,Makanan,Camilan & Snack,30000,100.0,4.9,Safa'shop,tokopedia,1,kerupuk asoy khas kota bogor,36000.0,42386.53311258278,30340.890453295866,23000.0,52000.0,0.8333333333333334,-0.408245536881969,10.308985993422082,1,0.0017277788443079286,0.9800000000000001,0.2952094451910156
https://www.tokopedia.com/archive-rv13-1677974450/kacang-polong-khas-bogor-1-kg-1730840453085365472?extParam=ivf%3Dfalse%26keyword%3Doleh+oleh+khas+kabupten+bogor%26search_id%3D202602110814263AD7C2EBB96FCB1ACDS2%26src%3Dsearch,Kacang Polong Khas Bogor 1 KG,Makanan,Camilan & Snack,29250,500.0,4.6,Kautsar Punya,tokopedia,0,kacang polong khas bogor,36000.0,42386.53311258278,30340.890453295866,23000.0,52000.0,0.8125,-0.43296465318986005,10.283669040109793,1,0.008708703467774307,0.9199999999999999,0.282096092427442
https://www.tokopedia.com/viemargallery/kue-lapis-bogor-sangkuriang-full-talas-oleh-oleh-khas-bogor-kardus-01853?extParam=ivf%3Dfalse%26keyword%3Doleh+oleh+khas+kabupten+bogor%26search_id%3D202602110814263AD7C2EBB96FCB1ACDS2%26src%3Dsearch,Kue Lapis Bogor Sangkuriang Full Talas Oleh Oleh Khas Bogor,Makanan,Kue & Roti,15000,3.0,5.0,VieMar Gallery,tokopedia,1,kue lapis bogor sangkuriang full talas khas bogor,36000.0,42386.53311258278,30340.890453295866,23000.0,52000.0,0.4166666666666667,-0.9026278630397889,9.61587214452889,0,3.490462311733189e-05,1.0,0.3000244332361821
https://www.tokopedia.com/bogorsnack/bigor-kacang-bogor-premium-khas-bogor-500gram-kualitas-terjamin-cocok-dimasak-atau-dikonsumsi-langsung-1734276106116564361?extParam=ivf%3Dfalse%26keyword%3Doleh+oleh+khas+kabupten+bogor%26search_id%3D202602110814263AD7C2EBB96FCB1ACDS2%26src%3Dsearch,Bigor Kacang Bogor Premium Khas Bogor 500gram Kualitas Terjamin Cocok Dimasak atau Dikonsumsi Langsung,Makanan,Camilan & Snack,13000,50.0,4.1,Bogorsnack,tokopedia,0,bigor kacang bogor premium khas bogor kualitas jamin cocok masak atau konsumsi langsung,36000.0,42386.53311258278,30340.890453295866,23000.0,52000.0,0.3611111111111111,-0.9685455065274983,9.472781556562168,0,0.0008551632663746313,0.82,0.2465986142864622
https://www.tokopedia.com/asv-amanah/dodol-jenang-asli-ketan-hitam-125-gram-khas-bogor-fres-legit-1732069041255908704?extParam=ivf%3Dfalse%26keyword%3Doleh+oleh+khas+kabupten+bogor%26search_id%3D202602110814263AD7C2EBB96FCB1ACDS2%26src%3Dsearch,Dodol/ jenang asli ketan hitam 125 gram khas bogor fres legit,Makanan,Camilan & Snack,12960,12.0,5.0,ASV AMANAH,tokopedia,1,dodol jenang ketan hitam khas bogor fres legit,36000.0,42386.53311258278,30340.890453295866,23000.0,52000.0,0.36,-0.9698638593972524,9.469700127423375,0,0.0001919754271453254,1.0,0.30013438279900173
https://www.tokopedia.com/snack-prilly/keripik-pisang-khas-bogor-1733787194318095658?extParam=ivf%3Dfalse%26keyword%3Doleh+oleh+khas+kabupten+bogor%26search_id%3D202602110814263AD7C2EBB96FCB1ACDS2%26src%3Dsearch,keripik pisang khas bogor,Makanan,Camilan & Snack,13500,896.9068,4.6872,snack prilly,tokopedia,0,keripik pisang khas bogor,36000.0,42386.53311258278,30340.890453295866,23000.0,52000.0,0.375,-0.9520660956555709,9.510519035757246,0,0.01563564460112742,0.9374399999999999,0.2921769512207892
https://www.tokopedia.com/ignyacikaaaaaa/rengginang-terasi-100-ketan-asli-khas-bogor-1731260475142538633?extParam=ivf%3Dfalse%26keyword%3Doleh+oleh+khas+kabupten+bogor%26search_id%3D202602110814263AD7C2EBB96FCB1ACDS2%26src%3Dsearch,Rengginang terasi 100% ketan asli khas bogor,Makanan,Camilan & Snack,22500,896.9068,4.6872,Ignyacikaaaaaa,tokopedia,0,rengginang terasi ketan khas bogor,36000.0,42386.53311258278,30340.890453295866,23000.0,52000.0,0.625,-0.6554366999608789,10.021315031649332,0,0.01563564460112742,0.9374399999999999,0.2921769512207892
https://www.tokopedia.com/chotaofid/taro-chips-chocolate-khas-bogor-160gr-1732154602791601788?extParam=ivf%3Dfalse%26keyword%3Doleh+oleh+khas+kabupten+bogor%26search_id%3D202602110814263AD7C2EBB96FCB1ACDS2%26src%3Dsearch,TARO CHIPS CHOCOLATE Khas Bogor  160gr,Makanan,Camilan & Snack,11010,896.9068,4.6872,ChoTaOf.id,tokopedia,0,taro chips chocolate khas bogor,36000.0,42386.53311258278,30340.890453295866,23000.0,52000.0,0.30583333333333335,-1.034133561797769,9.306650052113591,0,0.01563564460112742,0.9374399999999999,0.2921769512207892
https://www.tokopedia.com/berkah-store-165/kerupuk-asoy-mentah-khas-bogor-1-kg-grosir-termurah-1730975710478369887?extParam=ivf%3Dfalse%26keyword%3Doleh+oleh+khas+kabupten+bogor%26search_id%3D202602110814263AD7C2EBB96FCB1ACDS2%26src%3Dsearch,kerupuk asoy mentah khas bogor 1 kg grosir termurah,Makanan,Camilan & Snack,32000,896.9068,4.6872,Berkah store 165_NEW,tokopedia,0,kerupuk asoy mentah khas bogor grosir murah,36000.0,42386.53311258278,30340.890453295866,23000.0,52000.0,0.8888888888888888,-0.34232789339425973,10.373522431293592,1,0.01563564460112742,0.9374399999999999,0.2921769512207892
https://www.tokopedia.com/jujustore17/tape-singkong-mentega-manis-1kg-dan-2kg-khas-bogor-1733337159819364333?extParam=ivf%3Dfalse%26keyword%3Doleh+oleh+khas+kabupten+bogor%26search_id%3D202602110814263AD7C2EBB96FCB1ACDS2%26src%3Dsearch,tape singkong mentega manis 1kg dan 2kg khas Bogor,Makanan,Camilan & Snack,18600,100.0,5.0,jujustore17,tokopedia,1,tape singkong mentega manis khas bogor,36000.0,42386.53311258278,30340.890453295866,23000.0,52000.0,0.5166666666666667,-0.7839761047619122,9.83097062169695,0,0.0017277788443079286,1.0,0.30120944519101556
https://www.tokopedia.com/toko-ibu-nero/dodol-manis-ibu-nr-snack-dodol-ketan-hitam-khas-bogor-jawa-barat-1731422110284875655?extParam=ivf%3Dfalse%26keyword%3Doleh+oleh+khas+kabupten+bogor%26search_id%3D202602110814263AD7C2EBB96FCB1ACDS2%26src%3Dsearch,Dodol Manis IBU NR - Snack Dodol Ketan Hitam khas Bogor Jawa Barat,Makanan,Camilan & Snack,20000,896.9068,4.6872,toko ibu Nero,tokopedia,0,dodol manis ibu nr snack dodol ketan hitam khas bogor jawa barat,36000.0,42386.53311258278,30340.890453295866,23000.0,52000.0,0.5555555555555556,-0.7378337543205156,9.90353755128617,0,0.01563564460112742,0.9374399999999999,0.2921769512207892
https://www.tokopedia.com/nuansa-tanaman01/oleh-oleh-khas-bogor-keripik-bayam-crispi-cripik-bayam-crispy-homemade-camilan-kripik-1730846645728478364?extParam=ivf%3Dfalse%26keyword%3Doleh+oleh+khas+kabupten+bogor%26search_id%3D202602110814263AD7C2EBB96FCB1ACDS2%26src%3Dsearch,Oleh Oleh Khas Bogor Keripik Bayam Crispi -Cripik Bayam Crispy Homemade Camilan Kripik,Makanan,Camilan & Snack,25000,896.9068,4.6872,NUANSA TANAMAN01,tokopedia,0,khas bogor keripik bayam crispi cripik bayam crispy homemade camil kripik,36000.0,42386.53311258278,30340.890453295866,23000.0,52000.0,0.6944444444444444,-0.5730396456012423,10.12667110305036,1,0.01563564460112742,0.9374399999999999,0.2921769512207892
https://www.tokopedia.com/rindu-bogor/kopi-cap-oplet-khas-bogor-tanpa-gula-30-sachet-7gr-bag-cup-coffee-botol-robusta-susu-syrup-1730844719408515011?extParam=ivf%3Dfalse%26keyword%3Doleh+oleh+khas+kabupten+bogor%26search_id%3D202602110814263AD7C2EBB96FCB1ACDS2%26src%3Dsearch,"Kopi Cap Oplet Khas Bogor Tanpa Gula - 30 Sachet @ 7gr - Bag, Cup, Coffee, Botol, Robusta, Susu Syrup",Minuman,Kopi,39500,40.0,5.0,Rindu Bogor,tokopedia,1,kopi cap oplet khas bogor tanpa gula sachet bag cup coffee botol robusta susu syrup,34125.0,37780.642857142855,48393.300293114764,11500.0,44986.75,1.1575091575091576,0.03552882594167212,10.584081267024454,1,0.0006806401507879719,1.0,0.3004764481055516
https://www.tokopedia.com/nanabitesbogor/my-kripis-keripik-pisang-coklat-150gr-camilan-manis-renyah-khas-bogor-1732129883526497284?extParam=ivf%3Dfalse%26keyword%3Doleh+oleh+khas+kabupten+bogor%26search_id%3D202602110814263AD7C2EBB96FCB1ACDS2%26src%3Dsearch,My Kripis Keripik Pisang Coklat 150gr – Camilan Manis Renyah Khas Bogor,Makanan,Camilan & Snack,29900,896.9068,4.6872,Nanabitesbogor,tokopedia,0,my kripis keripik pisang coklat camil manis renyah khas bogor,36000.0,42386.53311258278,30340.890453295866,23000.0,52000.0,0.8305555555555556,-0.4115414190563545,10.305647203635566,1,0.01563564460112742,0.9374399999999999,0.2921769512207892
https://www.tokopedia.com/3pandawakuliner/rangginang-oleh-oleh-khas-bogor-siap-goreng-1731818538591814931?extParam=ivf%3Dfalse%26keyword%3Doleh+oleh+khas+kabupten+bogor%26search_id%3D202602110814263AD7C2EBB96FCB1ACDS2%26src%3Dsearch,Rangginang oleh-oleh khas Bogor Siap Goreng,Makanan,Camilan & Snack,23900,6.0,5.0,3PANDAWA KULINER,tokopedia,1,rangginang khas bogor siap goreng,36000.0,42386.53311258278,30340.890453295866,23000.0,52000.0,0.6638888888888889,-0.6092943495194825,10.081675578048475,1,8.726155779332973e-05,1.0,0.3000610830904553
https://www.tokopedia.com/chotaofid/keripik-talas-coklat-500-gram-camilan-manis-kriuk-lezat-khas-bogor-by-chotaof-id-1733539184047392380?extParam=ivf%3Dfalse%26keyword%3Doleh+oleh+khas+kabupten+bogor%26search_id%3D202602110814263AD7C2EBB96FCB1ACDS2%26src%3Dsearch,KERIPIK TALAS COKLAT 500 gram | Camilan manis kriuk lezat khas Bogor | By ChoTaOf.id,Makanan,Camilan & Snack,56960,896.9068,4.6872,ChoTaOf.id,tokopedia,0,keripik talas coklat camil manis kriuk lezat khas bogor by chotaof id,36000.0,42386.53311258278,30340.890453295866,23000.0,52000.0,1.5822222222222222,0.48032429733235255,10.950122102111525,2,0.01563564460112742,0.9374399999999999,0.2921769512207892
https://www.tokopedia.com/snack-fj33/snack-fj33-keripik-basreng-daun-jeruk-cikruh-khas-bogor-camilan-khas-bogor-1734049357704431033?extParam=ivf%3Dfalse%26keyword%3Doleh+oleh+khas+kabupten+bogor%26search_id%3D202602110814263AD7C2EBB96FCB1ACDS2%26src%3Dsearch,SNACK FJ33 Keripik Basreng Daun Jeruk Cikruh Khas Bogor Camilan Khas Bogor,Makanan,Camilan & Snack,19500,10.0,5.0,Snack Fj33,tokopedia,1,snack fj keripik basreng daun jeruk cikruh khas bogor camil khas bogor,36000.0,42386.53311258278,30340.890453295866,23000.0,52000.0,0.5416666666666666,-0.754313165192443,9.87822102528824,0,0.0001570708040279935,1.0,0.3001099495628196
https://www.tokopedia.com/betterlandstore/baru-makanan-kripik-talas-renyah-cocok-untuk-oleh-oleh-khas-bogor?extParam=ivf%3Dfalse%26keyword%3Doleh+oleh+khas+kabupten+bogor%26search_id%3D202602110814263AD7C2EBB96FCB1ACDS2%26src%3Dsearch,[BARU] Makanan Kripik Talas Renyah Cocok Untuk Oleh Oleh Khas Bogor,Makanan,Camilan & Snack,44400,2.0,4.6872,Better Land,tokopedia,0,baru makan kripik talas renyah cocok untuk khas bogor,36000.0,42386.53311258278,30340.890453295866,23000.0,52000.0,1.2333333333333334,0.06636149622953803,10.70101727068921,1,1.7452311558665946e-05,0.9374399999999999,0.28124421661809107
https://www.tokopedia.com/denara-food/denara-food-keripik-talas-bogor-oleh-oleh-khas-bogor-1731631589715183120?extParam=ivf%3Dfalse%26keyword%3Doleh+oleh+khas+kabupten+bogor%26search_id%3D202602110814263AD7C2EBB96FCB1ACDS2%26src%3Dsearch,Denara food-Keripik Talas Bogor (oleh oleh khas Bogor),Makanan,Camilan & Snack,18000,1.0,4.6872,Denara Food,tokopedia,0,denara food keripik talas bogor khas bogor,36000.0,42386.53311258278,30340.890453295866,23000.0,52000.0,0.5,-0.8037513978082249,9.798182590890704,0,0.0,0.9374399999999999,0.281232
https://www.tokopedia.com/el-blunder/kopi-hitam-cap-liong-bulan-khas-bogor-1pack-20pcs-1731560504559568713?extParam=ivf%3Dfalse%26keyword%3Doleh+oleh+khas+kabupten+bogor%26search_id%3D202602110814263AD7C2EBB96FCB1ACDS2%26src%3Dsearch,Kopi Hitam Cap Liong Bulan Khas Bogor 1pack (20pcs),Minuman,Kopi,22400,24.0,4.8,EL Blunder,tokopedia,0,kopi hitam cap liong bulan khas bogor pack,34125.0,37780.642857142855,48393.300293114764,11500.0,44986.75,0.6564102564102564,-0.317825871845553,10.016860879703811,1,0.00040140316584931675,0.96,0.2882809822160945
https://www.tokopedia.com/kue-khas-bogor/riva-sarmut-riva-cake-talas-bogor-500-gr-kue-tradisional-lezat-dengan-rasa-khas-bogor-1732933723168998879?extParam=ivf%3Dfalse%26keyword%3Doleh+oleh+khas+kabupten+bogor%26search_id%3D202602110814263AD7C2EBB96FCB1ACDS2%26src%3Dsearch,Riva Sarmut Riva Cake Talas Bogor 500 gr - Kue Tradisional Lezat dengan Rasa Khas Bogor,Makanan,Kue & Roti,75000,896.9068,4.6872,Kue Khas Bogor,tokopedia,0,riva sarmut riva cake talas bogor kue tradisional lezat dengan rasa khas bogor,36000.0,42386.53311258278,30340.890453295866,23000.0,52000.0,2.0833333333333335,1.0749014415914906,11.225256725762893,2,0.01563564460112742,0.9374399999999999,0.2921769512207892
https://www.tokopedia.com/melsofficialshop/rengginang-mentah-ketan-asli-makanan-khas-bogor-cemilan-tradisional-1730817380026714099?extParam=ivf%3Dfalse%26keyword%3Doleh+oleh+khas+kabupten+bogor%26search_id%3D202602110814263AD7C2EBB96FCB1ACDS2%26src%3Dsearch,Rengginang Mentah Ketan Asli Makanan Khas Bogor Cemilan Tradisional,Makanan,Camilan & Snack,29900,100.0,3.2,Melstore.bgr,tokopedia,0,rengginang mentah ketan makan khas bogor cemilan tradisional,36000.0,42386.53311258278,30340.890453295866,23000.0,52000.0,0.8305555555555556,-0.4115414190563545,10.305647203635566,1,0.0017277788443079286,0.64,0.19320944519101554
https://www.tokopedia.com/inspo11/tape-singkong-mentega-manis-lezat-500gram-makanan-khas-bogor-1731299947369170289?extParam=ivf%3Dfalse%26keyword%3Doleh+oleh+khas+kabupten+bogor%26search_id%3D202602110814263AD7C2EBB96FCB1ACDS2%26src%3Dsearch,Tape singkong mentega manis lezat (500gram)  Makanan khas bogor,Makanan,Camilan & Snack,12880,9.0,4.0,Inspo11,tokopedia,0,tape singkong mentega manis lezat makan khas bogor,36000.0,42386.53311258278,30340.890453295866,23000.0,52000.0,0.35777777777777775,-0.9725005651367608,9.463508636396089,0,0.00013961849246932757,0.8,0.24009773294472853
https://www.tokopedia.com/sayur-segar91/1-kg-kerupuk-asoy-khas-bogor-dijamin-renyah-1731565254380127350?extParam=ivf%3Dfalse%26keyword%3Doleh+oleh+khas+kabupten+bogor%26search_id%3D202602110814263AD7C2EBB96FCB1ACDS2%26src%3Dsearch,1 kg Kerupuk Asoy Khas Bogor Dijamin Renyah,Makanan,Camilan & Snack,16660,896.9068,4.6872,Sayur segar91,tokopedia,0,kerupuk asoy khas bogor jamin renyah,36000.0,42386.53311258278,30340.890453295866,23000.0,52000.0,0.4627777777777778,-0.8479162189449901,9.72082593792907,0,0.01563564460112742,0.9374399999999999,0.2921769512207892
https://www.tokopedia.com/rindu-bogor/kopi-cap-teko-spesial-kemasan-plastik-1-pack-isi-30-sachet-8gram-kopi-murni-tanpa-gula-giling-halus-kopi-khas-bogor-bubuk-coffee-robusta-1730910500096280515?extParam=ivf%3Dfalse%26keyword%3Doleh+oleh+khas+kabupten+bogor%26search_id%3D202602110814263AD7C2EBB96FCB1ACDS2%26src%3Dsearch,Kopi Cap Teko Spesial Kemasan Plastik 1 Pack isi 30 Sachet @8gram kopi murni tanpa gula giling halus Kopi Khas bogor Bubuk Coffee Robusta,Minuman,Kopi,31000,29.0,5.0,Rindu Bogor,tokopedia,1,kopi cap teko spesial kemas plastik pack isi sachet kopi murni tanpa gula giling halus kopi khas bogor bubuk coffee robusta,34125.0,37780.642857142855,48393.300293114764,11500.0,44986.75,0.9084249084249084,-0.14011532208121755,10.34177474101152,1,0.0004886647236426464,1.0,0.30034206530654983
https://www.tokopedia.com/adellejaya17/tape-manis-legit-khas-bogor-snack-manis-1733407939880847053?extParam=ivf%3Dfalse%26keyword%3Doleh+oleh+khas+kabupten+bogor%26search_id%3D202602110814263AD7C2EBB96FCB1ACDS2%26src%3Dsearch,Tape Manis Legit Khas Bogor - Snack Manis,Makanan,Camilan & Snack,10990,4.0,4.6872,Adellejaya17,tokopedia,0,tape manis legit khas bogor snack manis,36000.0,42386.53311258278,30340.890453295866,23000.0,52000.0,0.30527777777777776,-1.034792738232646,9.3048320350689,0,5.235693467599784e-05,0.9374399999999999,0.2812686498542732
https://www.tokopedia.com/indoembun/kopi-liong-liong-bulan-khas-bogor-kopi-liong-tanpa-gula?extParam=ivf%3Dfalse%26keyword%3Doleh+oleh+khas+kabupten+bogor%26search_id%3D202602110814263AD7C2EBB96FCB1ACDS2%26src%3Dsearch,kopi liong/liong bulan khas bogor/kopi liong tanpa gula,Minuman,Kopi,2000,100.0,5.0,Indo Embun,tokopedia,1,kopi liong liong bulan khas bogor kopi liong tanpa gula,34125.0,37780.642857142855,48393.300293114764,11500.0,44986.75,0.05860805860805861,-0.7393718271004882,7.601402334583733,0,0.0017277788443079286,1.0,0.30120944519101556
https://www.tokopedia.com/art--flower/oleh-oleh-khas-bogor-kripik-bayam-crispi-cripik-bayam-crispy-homemade-camilan-keripik-1730845805632324885?extParam=ivf%3Dfalse%26keyword%3Doleh+oleh+khas+kabupten+bogor%26search_id%3D202602110814263AD7C2EBB96FCB1ACDS2%26src%3Dsearch,Oleh oleh khas bogor kripik bayam crispi - cripik bayam crispy homemade Camilan Keripik,Makanan,Camilan & Snack,30000,5.0,5.0,ARt . flower,tokopedia,1,khas bogor kripik bayam crispi cripik bayam crispy homemade camil keripik,36000.0,42386.53311258278,30340.890453295866,23000.0,52000.0,0.8333333333333334,-0.408245536881969,10.308985993422082,1,6.980924623466378e-05,1.0,0.30004886647236423
https://www.tokopedia.com/baladaofficial/stik-ubi-ungu-oleh-oleh-khas-bogor-stik-ubi-pertama-1731125019045823532?extParam=ivf%3Dfalse%26keyword%3Doleh+oleh+khas+kabupten+bogor%26search_id%3D202602110814263AD7C2EBB96FCB1ACDS2%26src%3Dsearch,"STIK UBI UNGU, oleh oleh khas bogor. Stik ubi PERTAMA",Makanan,Camilan & Snack,35000,896.9068,4.6872,Baladaofficial,tokopedia,0,stik ubi ungu khas bogor stik ubi pertama,36000.0,42386.53311258278,30340.890453295866,23000.0,52000.0,0.9722222222222222,-0.24345142816269574,10.463131911491967,1,0.01563564460112742,0.9374399999999999,0.2921769512207892
https://www.tokopedia.com/blue---store/paket-hemat-kopi-plus-gula-liong-kopi-khas-bogor-isi-2-pack-40-pcs-coffee-robusta-1733842335835850476?extParam=ivf%3Dfalse%26keyword%3Doleh+oleh+khas+kabupten+bogor%26search_id%3D202602110814263AD7C2EBB96FCB1ACDS2%26src%3Dsearch,PAKET HEMAT KOPI PLUS GULA LIONG KOPI KHAS BOGOR ISI 2 PACK (40 PCS) Coffee Robusta,Minuman,Kopi,49500,24.0,5.0,BLUE - STORE,tokopedia,1,paket hemat kopi plus gula liong kopi khas bogor isi pack coffee robusta,34125.0,37780.642857142855,48393.300293114764,11500.0,44986.75,1.4505494505494505,0.24216900008624823,10.809748150372926,2,0.00040140316584931675,1.0,0.3002809822160945
https://www.tokopedia.com/kopikitabogor/kopi-oplet-gula-khas-bogor-isi-1pk-20pcs-coffee-1732072862283171525?extParam=ivf%3Dfalse%26keyword%3Doleh+oleh+khas+kabupten+bogor%26search_id%3D202602110814263AD7C2EBB96FCB1ACDS2%26src%3Dsearch,KOPI OPLET GULA KHAS BOGOR isi:1pk/20pcs Coffee,Minuman,Kopi,36000,18.0,5.0,Kopikitabogor,tokopedia,1,kopi oplet gula khas bogor isi pk coffee,34125.0,37780.642857142855,48393.300293114764,11500.0,44986.75,1.054945054945055,-0.03679523500892951,10.491301994830229,1,0.00029668929649732104,1.0,0.3002076825075481
https://www.tokopedia.com/humaofficialid-347/dodol-jenang-ketan-hitam-khas-bogor-500gr-food-1732708910546191918?extParam=ivf%3Dfalse%26keyword%3Doleh+oleh+khas+kabupten+bogor%26search_id%3D202602110814263AD7C2EBB96FCB1ACDS2%26src%3Dsearch,Dodol jenang ketan hitam khas bogor 500gr Food,Makanan,Camilan & Snack,25600,1.0,4.6872,humaofficial.id,tokopedia,0,dodol jenang ketan hitam khas bogor food,36000.0,42386.53311258278,30340.890453295866,23000.0,52000.0,0.7111111111111111,-0.5532643525549296,10.150386692204734,1,0.0,0.9374399999999999,0.281232
https://www.tokopedia.com/kopikitabogor/kopi-oplet-mini-tampa-gula-khas-bogor-1732062839401121477?extParam=ivf%3Dfalse%26keyword%3Doleh+oleh+khas+kabupten+bogor%26search_id%3D202602110814263AD7C2EBB96FCB1ACDS2%26src%3Dsearch,KOPI OPLET MINI TAMPA GULA KHAS BOGOR,Minuman,Kopi,39000,18.0,5.0,Kopikitabogor,tokopedia,1,kopi oplet mini tampa gula khas bogor,34125.0,37780.642857142855,48393.300293114764,11500.0,44986.75,1.1428571428571428,0.02519681723444332,10.571342565808699,1,0.00029668929649732104,1.0,0.3002076825075481
https://www.tokopedia.com/lapajada/pia-apple-pie-homemade-oleh-oleh-khas-bogor-m?extParam=ivf%3Dfalse%26keyword%3Doleh+oleh+khas+kabupten+bogor%26search_id%3D202602110814263AD7C2EBB96FCB1ACDS2%26src%3Dsearch,PIA Apple pie homemade oleh-oleh khas bogor,Makanan,Kue & Roti,120000,2.0,4.6872,Lapajada,tokopedia,0,pia apple pie homemade khas bogor,36000.0,42386.53311258278,30340.890453295866,23000.0,52000.0,3.3333333333333335,2.5580484200649503,11.695255355062795,2,1.7452311558665946e-05,0.9374399999999999,0.28124421661809107
https://www.tokopedia.com/raiddshop/rangginang-mentah-ketan-asli-khas-bogor-isi-30-pcs-1732658807238067389?extParam=ivf%3Dfalse%26keyword%3Doleh+oleh+khas+kabupten+bogor%26search_id%3D202602110814263AD7C2EBB96FCB1ACDS2%26src%3Dsearch,Rangginang mentah  ketan asli khas bogor isi 30 pcs,Makanan,Camilan & Snack,20000,1.0,4.6872,Raiddshop,tokopedia,0,rangginang mentah ketan khas bogor isi,36000.0,42386.53311258278,30340.890453295866,23000.0,52000.0,0.5555555555555556,-0.7378337543205156,9.90353755128617,0,0.0,0.9374399999999999,0.281232
https://www.tokopedia.com/naylasnacks/kerupuk-asoy-mentah-murah-3kg-khas-bogor-snacks-kering-keripik-kripik-food-cemilan-1732784468549142337?extParam=ivf%3Dfalse%26keyword%3Doleh+oleh+khas+kabupten+bogor%26search_id%3D202602110814263AD7C2EBB96FCB1ACDS2%26src%3Dsearch,kerupuk asoy mentah murah 3kg khas Bogor Snacks Kering Keripik Kripik Food cemilan,Makanan,Camilan & Snack,90000,896.9068,4.6872,nayla.snacks,tokopedia,0,kerupuk asoy mentah khas bogor snacks kering keripik kripik food cemilan,36000.0,42386.53311258278,30340.890453295866,23000.0,52000.0,2.5,1.5692837677493106,11.407576060361786,2,0.01563564460112742,0.9374399999999999,0.2921769512207892
https://www.tokopedia.com/naylasnacks/kerupuk-asoy-mentah-murah-1kg-khas-bogor-snacks-kering-keripik-food-kripik-cemilan-1732781129177728833?extParam=ivf%3Dfalse%26keyword%3Doleh+oleh+khas+kabupten+bogor%26search_id%3D202602110814263AD7C2EBB96FCB1ACDS2%26src%3Dsearch,kerupuk asoy mentah murah 1kg khas Bogor Snacks Kering Keripik Food kripik cemilan,Makanan,Camilan & Snack,32000,3.0,4.5,nayla.snacks,tokopedia,0,kerupuk asoy mentah khas bogor snacks kering keripik food kripik cemilan,36000.0,42386.53311258278,30340.890453295866,23000.0,52000.0,0.8888888888888888,-0.34232789339425973,10.373522431293592,1,3.490462311733189e-05,0.9,0.27002443323618214
https://www.tokopedia.com/tape-singkong-khas-bogor/tape-singkong-mentega-manis-2kg-makanan-khas-bogor-1731188624859694569?extParam=ivf%3Dfalse%26keyword%3Doleh+oleh+khas+kabupten+bogor%26search_id%3D202602110814263AD7C2EBB96FCB1ACDS2%26src%3Dsearch,Tape singkong mentega manis (2kg) makanan khas bogor,Makanan,Camilan & Snack,69500,100.0,4.8,Tape Singkong Khas Bogor,tokopedia,0,tape singkong mentega manis makan khas bogor,36000.0,42386.53311258278,30340.890453295866,23000.0,52000.0,1.9305555555555556,0.89362792200029,11.149096419938578,2,0.0017277788443079286,0.96,0.28920944519101555
https://www.tokopedia.com/ceju-store/liong-paket-hemat-kopi-plus-gula-liong-kopi-khas-bogor-isi-2-pack-40-pcs-coffee-dari-bogor-terkenal-1733696897006339258?extParam=ivf%3Dfalse%26keyword%3Doleh+oleh+khas+kabupten+bogor%26search_id%3D202602110814263AD7C2EBB96FCB1ACDS2%26src%3Dsearch,Liong PAKET HEMAT KOPI PLUS GULA LIONG KOPI KHAS BOGOR ISI 2 PACK 40 PCS Coffee dari Bogor Terkenal,Minuman,Kopi,49900,40.0,5.0,CeJu Store,tokopedia,1,liong paket hemat kopi plus gula liong kopi khas bogor isi pack coffee bogor kenal,34125.0,37780.642857142855,48393.300293114764,11500.0,44986.75,1.4622710622710622,0.25043460705203124,10.817796321618971,2,0.0006806401507879719,1.0,0.3004764481055516
https://www.tokopedia.com/unggulbarokah/keripik-pisang-kepok-salju-manis-1kg-khas-bogor?extParam=ivf%3Dfalse%26keyword%3Doleh+oleh+khas+kabupten+bogor%26search_id%3D202602110814263AD7C2EBB96FCB1ACDS2%26src%3Dsearch,keripik pisang kepok Salju manis 1KG khas bogor,Makanan,Camilan & Snack,85000,14.0,4.7,Unggul Barokah,tokopedia,0,keripik pisang pok salju manis khas bogor,36000.0,42386.53311258278,30340.890453295866,23000.0,52000.0,2.361111111111111,1.404489659030037,11.350418300109132,2,0.0002268800502626573,0.9400000000000001,0.2821588160351839
https://www.tokopedia.com/jk-bakery-oleh-oleh/bolu-kukus-blackforest-manika-camilan-bolu-premium-oleh-oleh-khas-bogor-bolu-blackforest-1731947556491789956?extParam=ivf%3Dfalse%26keyword%3Doleh+oleh+khas+kabupten+bogor%26search_id%3D202602110814263AD7C2EBB96FCB1ACDS2%26src%3Dsearch,Bolu Kukus Blackforest Manika | camilan bolu premium | oleh oleh khas bogor | bolu blackforest,Makanan,Kue & Roti,41250,896.9068,4.6872,JK Bakery Oleh Oleh,tokopedia,0,bolu kukus blackforest manika camil bolu premium khas bogor bolu blackforest,36000.0,42386.53311258278,30340.890453295866,23000.0,52000.0,1.1458333333333333,-0.037458792263604136,10.627430633893226,1,0.01563564460112742,0.9374399999999999,0.2921769512207892
https://www.tokopedia.com/tokosekarwangi-493/kopi-liong-bulan-gula-kopi-manis-isi-20pcs-x-28gr-coffee-kopi-hitam-plus-gula-kopi-khas-bogor-coffee-sugar-per-pak-isi-20-bungkus-black-coffee-robusta-kapalapi-kapal-api-1729723865572083882?extParam=ivf%3Dfalse%26keyword%3Doleh+oleh+khas+kabupten+bogor%26search_id%3D202602110814263AD7C2EBB96FCB1ACDS2%26src%3Dsearch,Kopi Liong Bulan  Gula kopi manis Isi 20pcs x 28gr Coffee Kopi hitam plus gula kopi khas bogor coffee sugar per PAK isi 20 bungkus black coffee Robusta kapalapi kapal api,Minuman,Kopi,42000,90.0,5.0,tokosekarwangi,tokopedia,1,kopi liong bulan gula kopi manis isi x coffee kopi hitam plus gula kopi khas bogor coffee sugar per pak isi bungkus black coffee robusta kapalapi kapal api,34125.0,37780.642857142855,48393.300293114764,11500.0,44986.75,1.2307692307692308,0.08718886947781615,10.645448706505872,1,0.0015532557287212692,1.0,0.3010872790101049
https://www.tokopedia.com/tokosekarwangi-493/80-pcs-kopi-liong-bulan-gula-28gr-kopi-hitam-kopi-plus-gula-cap-liong-bulan-kopi-legend-khas-bogor-coffee-mix-1729868612484827306?extParam=ivf%3Dfalse%26keyword%3Doleh+oleh+khas+kabupten+bogor%26search_id%3D202602110814263AD7C2EBB96FCB1ACDS2%26src%3Dsearch,80 pcs kopi liong bulan  gula 28gr kopi hitam kopi plus gula cap liong bulan kopi legend khas bogor Coffee Mix,Minuman,Kopi,161300,100.0,4.9,tokosekarwangi,tokopedia,1,kopi liong bulan gula kopi hitam kopi plus gula cap liong bulan kopi legend khas bogor coffee mix,34125.0,37780.642857142855,48393.300293114764,11500.0,44986.75,4.726739926739927,2.5524061470226087,11.991027463722105,2,0.0017277788443079286,0.9800000000000001,0.2952094451910156
https://www.tokopedia.com/tukang-taman-71/kopi-cap-teko-khas-bogor?extParam=ivf%3Dfalse%26keyword%3Doleh+oleh+khas+kabupten+bogor%26search_id%3D202602110814263AD7C2EBB96FCB1ACDS2%26src%3Dsearch,Kopi Cap Teko khas bogor,Minuman,Kopi,38500,2.0,5.0,Tukang Taman 71,tokopedia,1,kopi cap teko khas bogor,34125.0,37780.642857142855,48393.300293114764,11500.0,44986.75,1.1282051282051282,0.014864808527214514,10.55843949396453,1,1.7452311558665946e-05,1.0,0.3000122166180911
https://www.tokopedia.com/cv-karyaunikcemerlang/kopi-liong-bulan-asli-khas-bogor-ukuran-mini-kopi-tulen-9-gram?extParam=ivf%3Dfalse%26keyword%3Doleh+oleh+khas+kabupten+bogor%26search_id%3D202602110814263AD7C2EBB96FCB1ACDS2%26src%3Dsearch,Kopi Liong Asli Khas Bogor ukuran mini,Minuman,Kopi,48000,100.0,5.0,CV. KaryaUnikCemerlang,tokopedia,1,kopi liong khas bogor ukur mini,34125.0,37780.642857142855,48393.300293114764,11500.0,44986.75,1.4065934065934067,0.2111729739645618,10.778977123006351,2,0.0017277788443079286,1.0,0.30120944519101556
https://www.tokopedia.com/tape-bang-jack/khas-bogor-tape-singkong-segar-500gram-1kg-2kg-matang-sempurna-2-3-hari-dikirim-dengan-keadaan-mengkal-harga-mulai-dari-15k-1734301716043040225?extParam=ivf%3Dfalse%26keyword%3Doleh+oleh+khas+kabupten+bogor%26search_id%3D202602110814263AD7C2EBB96FCB1ACDS2%26src%3Dsearch,Khas Bogor Tape Singkong Segar (500gram) (1kg) (2kg) Matang Sempurna 2-3 Hari Dikirim dengan Keadaan Mengkal Harga Mulai dari 15k,Makanan,Buah & Bahan Mentah Segar,12000,2.0,4.6872,Tape Bang Jack,tokopedia,0,khas bogor tape singkong segar matang sempurna hari kirim dengan ada mengkal harga mulai k,36000.0,42386.53311258278,30340.890453295866,23000.0,52000.0,0.3333333333333333,-1.001504328271353,9.392745258631441,0,1.7452311558665946e-05,0.9374399999999999,0.28124421661809107
https://www.tokopedia.com/asv-amanah/4-lonjor-dodol-betawi-khas-bogor-125-gram-halal-higienis-fresh-1732368024037000544?extParam=ivf%3Dfalse%26keyword%3Doleh+oleh+khas+kabupten+bogor%26search_id%3D202602110814263AD7C2EBB96FCB1ACDS2%26src%3Dsearch,(4 Lonjor)Dodol Betawi Khas Bogor 125 Gram Halal Higienis Fresh,Makanan,Buah & Bahan Mentah Segar,35235,30.0,5.0,ASV AMANAH,tokopedia,1,lonjor dodol betawi khas bogor halal higienis fresh,36000.0,42386.53311258278,30340.890453295866,23000.0,52000.0,0.97875,-0.2357061050528899,10.469823566229687,1,0.0005061170352013124,1.0,0.3003542819246409
https://www.tokopedia.com/raza-ngunyah/biji-ketapang-rajangunyah-khas-bogor-1732781149762586356?extParam=ivf%3Dfalse%26keyword%3Doleh+oleh+khas+kabupten+bogor%26search_id%3D202602110814263AD7C2EBB96FCB1ACDS2%26src%3Dsearch,Biji ketapang RajaNgunyah khas Bogor,Makanan,Camilan & Snack,21000,896.9068,4.6872,raza ngunyah,tokopedia,0,biji ketapang rajangunyah khas bogor,36000.0,42386.53311258278,30340.890453295866,23000.0,52000.0,0.5833333333333334,-0.704874932576661,9.952325334619427,0,0.01563564460112742,0.9374399999999999,0.2921769512207892
https://www.tokopedia.com/nurzbarokah/500-g-1-kg-tape-singkong-mentega-khas-bogor-1733994382928020495?extParam=ivf%3Dfalse%26keyword%3Doleh+oleh+khas+kabupten+bogor%26search_id%3D202602110814263AD7C2EBB96FCB1ACDS2%26src%3Dsearch,500 g & 1 kg  tape singkong mentega khas bogor,Makanan,Camilan & Snack,10850,250.0,4.8,nurzbarokah,tokopedia,0,g tape singkong mentega khas bogor,36000.0,42386.53311258278,30340.890453295866,23000.0,52000.0,0.3013888888888889,-1.0394069732767857,9.292012520620208,0,0.00434562557810782,0.96,0.2910419379046755
https://www.tokopedia.com/lulutaman26/rengginang-khas-bogor-ketan-asli-isi-30-1731028328591558028?extParam=ivf%3Dfalse%26keyword%3Doleh+oleh+khas+kabupten+bogor%26search_id%3D202602110814263AD7C2EBB96FCB1ACDS2%26src%3Dsearch,RENGGINANG KHAS BOGOR KETAN ASLI ISI 30,Makanan,Camilan & Snack,34000,896.9068,4.6872,Luluutaman26,tokopedia,0,rengginang khas bogor ketan isi,36000.0,42386.53311258278,30340.890453295866,23000.0,52000.0,0.9444444444444444,-0.2764102499065504,10.434145214930487,1,0.01563564460112742,0.9374399999999999,0.2921769512207892
https://www.tokopedia.com/kinar-pramestri/dodol-betawi-khas-bogor-berat-500gr-tanpa-bahan-pengawet-1731160873897198746?extParam=ivf%3Dfalse%26keyword%3Doleh+oleh+khas+kabupten+bogor%26search_id%3D202602110814263AD7C2EBB96FCB1ACDS2%26src%3Dsearch,dodol Betawi Khas bogor Berat 500gr Tanpa Bahan Pengawet,Makanan,Camilan & Snack,25000,20.0,5.0,Kinar Pramestri,tokopedia,1,dodol betawi khas bogor berat tanpa bahan awet,36000.0,42386.53311258278,30340.890453295866,23000.0,52000.0,0.6944444444444444,-0.5730396456012423,10.12667110305036,1,0.00033159391961465296,1.0,0.30023211574373027
https://www.tokopedia.com/kinar-pramestri/rangginang-khas-bogor-ketan-asli-1729704201126119578?extParam=ivf%3Dfalse%26keyword%3Doleh+oleh+khas+kabupten+bogor%26search_id%3D202602110814263AD7C2EBB96FCB1ACDS2%26src%3Dsearch,Rangginang Khas Bogor Ketan Asli,Makanan,Camilan & Snack,22000,100.0,4.6,Kinar Pramestri,tokopedia,0,rangginang khas bogor ketan,36000.0,42386.53311258278,30340.890453295866,23000.0,52000.0,0.6111111111111112,-0.6719161108328063,9.99884318585288,0,0.0017277788443079286,0.9199999999999999,0.27720944519101554
https://www.tokopedia.com/ignyacikaaaaaa/rengginang-ketam-hitam-100-ketan-asli-khas-bogor-1731260974548354441?extParam=ivf%3Dfalse%26keyword%3Doleh+oleh+khas+kabupten+bogor%26search_id%3D202602110814263AD7C2EBB96FCB1ACDS2%26src%3Dsearch,Rengginang ketam hitam 100% ketan asli khas bogor,Makanan,Camilan & Snack,22500,896.9068,4.6872,Ignyacikaaaaaa,tokopedia,0,rengginang ketam hitam ketan khas bogor,36000.0,42386.53311258278,30340.890453295866,23000.0,52000.0,0.625,-0.6554366999608789,10.021315031649332,0,0.01563564460112742,0.9374399999999999,0.2921769512207892
https://www.tokopedia.com/berkah-jalal-86/tape-singkong-mantega-1-kg-manis-dan-empuk-tape-singkong-makanan-derasional-makan-khas-bogor-1732401221822088374?extParam=ivf%3Dfalse%26keyword%3Doleh+oleh+khas+kabupten+bogor%26search_id%3D202602110814263AD7C2EBB96FCB1ACDS2%26src%3Dsearch,Tape singkong mantega 1 kg manis dan empuk / tape singkong makanan derasional makan khas bogor,Makanan,Camilan & Snack,18500,60.0,4.7,berkah jalal 86,tokopedia,0,tape singkong mantega manis empuk tape singkong makan derasional makan khas bogor,36000.0,42386.53311258278,30340.890453295866,23000.0,52000.0,0.5138888888888888,-0.7872719869362976,9.825580063659602,0,0.0010296863819612909,0.9400000000000001,0.2827207804673729
https://www.tokopedia.com/asv-amanah/dodol-betawi-asli-ketan-hitam-1000-gram-khas-bogor-legit-1731510031768585568?extParam=ivf%3Dfalse%26keyword%3Doleh+oleh+khas+kabupten+bogor%26search_id%3D202602110814263AD7C2EBB96FCB1ACDS2%26src%3Dsearch,DODOL BETAWI ASLI KETAN HITAM 1000 GRAM KHAS BOGOR LEGIT,Makanan,Camilan & Snack,60750,18.0,5.0,ASV AMANAH,tokopedia,1,dodol betawi ketan hitam khas bogor legit,36000.0,42386.53311258278,30340.890453295866,23000.0,52000.0,1.6875,0.6052382317415617,11.014538821972666,2,0.00029668929649732104,1.0,0.3002076825075481
https://www.tokopedia.com/asv-amanah/dodol-betawi-asli-ketan-hitam-1000-gram-khas-bogor-legit-1731473568650003808?extParam=ivf%3Dfalse%26keyword%3Doleh+oleh+khas+kabupten+bogor%26search_id%3D202602110814263AD7C2EBB96FCB1ACDS2%26src%3Dsearch,DODOL BETAWI ASLI KETAN HITAM 1000 GRAM KHAS BOGOR LEGIT,Makanan,Camilan & Snack,47024,10.0,5.0,ASV AMANAH,tokopedia,1,dodol betawi ketan hitam khas bogor legit,36000.0,42386.53311258278,30340.890453295866,23000.0,52000.0,1.3062222222222222,0.15284544448541265,10.758434654169232,1,0.0001570708040279935,1.0,0.3001099495628196
https://www.tokopedia.com/ukmart-bogor/emping-melinjo-asli-ukuran-b2-3-khas-bogor-barat-250gram-kualitas-no-1-termurah-dan-terbaik-camilan-food-snacks-makanan-crispy-1731959975993771426?extParam=ivf%3Dfalse%26keyword%3Doleh+oleh+khas+kabupten+bogor%26search_id%3D202602110814263AD7C2EBB96FCB1ACDS2%26src%3Dsearch,EMPING MELINJO ASLI UKURAN B2-3 KHAS BOGOR BARAT 250GRAM KUALITAS NO 1 TERMURAH DAN TEAIK! Camilan Food Snacks Makanan Crispy,Makanan,Camilan & Snack,24960,3.0,2.0,Ukmart Bogor,tokopedia,0,emping melinjo ukur b khas bogor barat kualitas no murah teaik camil food snacks makan crispy,36000.0,42386.53311258278,30340.890453295866,23000.0,52000.0,0.6933333333333334,-0.5743579984709966,10.125069885783383,1,3.490462311733189e-05,0.4,0.12002443323618213
https://www.tokopedia.com/bogorsnack/kacang-bogor-cemilan-premium-fresh-1kg-kacang-khas-bogor-untuk-oleh-oleh-healthy-organic-29-off-1734213882418267529?extParam=ivf%3Dfalse%26keyword%3Doleh+oleh+khas+kabupten+bogor%26search_id%3D202602110814263AD7C2EBB96FCB1ACDS2%26src%3Dsearch,Kacang Bogor Cemilan Premium Fresh 1kg - Kacang Khas Bogor untuk Oleh-oleh - Healthy & Organic - 29% OFF,Makanan,Camilan & Snack,26000,100.0,4.8,Bogorsnack,tokopedia,0,kacang bogor cemilan premium fresh kacang khas bogor untuk healthy organic off,36000.0,42386.53311258278,30340.890453295866,23000.0,52000.0,0.7222222222222222,-0.5400808238573876,10.165890277802454,1,0.0017277788443079286,0.96,0.28920944519101555
https://www.tokopedia.com/humaofficialid-347/dodol-ketan-hitam-asli-betawi-jenang-khas-bogor-1731285504289179182?extParam=ivf%3Dfalse%26keyword%3Doleh+oleh+khas+kabupten+bogor%26search_id%3D202602110814263AD7C2EBB96FCB1ACDS2%26src%3Dsearch,Dodol ketan hitam asli betawi /jenang khas bogor,Makanan,Camilan & Snack,25700,3.0,4.6872,humaofficial.id,tokopedia,0,dodol ketan hitam betawi jenang khas bogor,36000.0,42386.53311258278,30340.890453295866,23000.0,52000.0,0.7138888888888889,-0.5499684703805441,10.154285180632154,1,3.490462311733189e-05,0.9374399999999999,0.2812564332361821
https://www.tokopedia.com/basreng-pedas-cinta/basreng-stick-pedas-daun-jeruk-khas-bogor-1729624791732094016?extParam=ivf%3Dfalse%26keyword%3Doleh+oleh+khas+kabupten+bogor%26search_id%3D202602110814263AD7C2EBB96FCB1ACDS2%26src%3Dsearch,basreng stick pedas daun jeruk khas bogor,Makanan,Camilan & Snack,6000,2.0,4.6872,Basreng Pedas Cinta,tokopedia,0,basreng stick pedas daun jeruk khas bogor,36000.0,42386.53311258278,30340.890453295866,23000.0,52000.0,0.16666666666666666,-1.1992572587344807,8.699681400989514,0,1.7452311558665946e-05,0.9374399999999999,0.28124421661809107
https://www.tokopedia.com/dapur-mbak-feni/asinan-buah-dan-sayur-khas-indonesia-1732921511424525485?extParam=ivf%3Dfalse%26keyword%3Doleh+oleh+khas+kabupten+bogor%26search_id%3D202602110814263AD7C2EBB96FCB1ACDS2%26src%3Dsearch,Asinan Buah dan Sayur Khas Indonesia,Makanan,Lauk & Bahan Makanan,20000,4.0,4.6872,Dapur Mbak Feni,tokopedia,0,asin buah sayur khas indonesia,36000.0,42386.53311258278,30340.890453295866,23000.0,52000.0,0.5555555555555556,-0.7378337543205156,9.90353755128617,0,5.235693467599784e-05,0.9374399999999999,0.2812686498542732
https://www.tokopedia.com/camilankampungku/rengginang-tradisional-khas-bogor-1729438170675514267?extParam=ivf%3Dfalse%26keyword%3Doleh+oleh+khas+kabupten+bogor%26search_id%3D202602110814263AD7C2EBB96FCB1ACDS2%26src%3Dsearch,RENGGINANG Tradisional Khas Bogor,Makanan,Camilan & Snack,31185,70.0,3.7,camilankampungku_NEW,tokopedia,0,rengginang tradisional khas bogor,36000.0,42386.53311258278,30340.890453295866,23000.0,52000.0,0.86625,-0.3691893331155013,10.347724555144831,1,0.0012042094975479502,0.74,0.22284294664828358
https://www.tokopedia.com/asv-amanah/dodol-betawi-1000-gram-khas-bogor-fresh-legit-halal-manis-1732007545462818144?extParam=ivf%3Dfalse%26keyword%3Doleh+oleh+khas+kabupten+bogor%26search_id%3D202602110814263AD7C2EBB96FCB1ACDS2%26src%3Dsearch,Dodol betawi 1000 gram khas bogor fresh legit halal Manis,Makanan,Buah & Bahan Mentah Segar,60750,1.0,4.6872,ASV AMANAH,tokopedia,0,dodol betawi khas bogor fresh legit halal manis,36000.0,42386.53311258278,30340.890453295866,23000.0,52000.0,1.6875,0.6052382317415617,11.014538821972666,2,0.0,0.9374399999999999,0.281232
https://www.tokopedia.com/hikmahstore1/kopi-liong-bulan-25-g-kopi-khas-bogor-dan-depok?extParam=ivf%3Dfalse%26keyword%3Doleh+oleh+khas+kabupten+bogor%26search_id%3D202602110814263AD7C2EBB96FCB1ACDS2%26src%3Dsearch,"Kopi Liong Bulan 25 g, Kopi Khas Bogor dan Depok.",Minuman,Kopi,40192,100.0,4.6,Hikmah Store 1,tokopedia,0,kopi liong bulan g kopi khas bogor depok,34125.0,37780.642857142855,48393.300293114764,11500.0,44986.75,1.1777875457875457,0.04982832599247679,10.601448130091603,1,0.0017277788443079286,0.9199999999999999,0.27720944519101554
https://www.tokopedia.com/tokosekarwangi-493/kopi-hitam-mini-kecil-liong-bulan-bogor-30-sachet-x-8gr-khas-bogor-kopi-liong-mini-pait-bubuk-1729723857923311786?extParam=ivf%3Dfalse%26keyword%3Doleh+oleh+khas+kabupten+bogor%26search_id%3D202602110814263AD7C2EBB96FCB1ACDS2%26src%3Dsearch,Kopi Hitam Mini/Kecil Liong Bulan Bogor - 30 Sachet x 8gr - khas bogor kopi liong mini pait Bubuk,Minuman,Kopi,45000,30.0,4.8,tokosekarwangi,tokopedia,0,kopi hitam mini kecil liong bulan bogor sachet x khas bogor kopi liong mini pait bubuk,34125.0,37780.642857142855,48393.300293114764,11500.0,44986.75,1.3186813186813187,0.14918092172118896,10.714439990727769,2,0.0005061170352013124,0.96,0.2883542819246409
https://www.tokopedia.com/rametnik/oncom-hitam-khas-bogor?extParam=ivf%3Dfalse%26keyword%3Doleh+oleh+khas+kabupten+bogor%26search_id%3D202602110814263AD7C2EBB96FCB1ACDS2%26src%3Dsearch,oncom hitam khas bogor,Makanan,Lauk & Bahan Makanan,15000,30.0,3.6,oncom hitam,tokopedia,0,oncom hitam khas bogor,36000.0,42386.53311258278,30340.890453295866,23000.0,52000.0,0.4166666666666667,-0.9026278630397889,9.61587214452889,0,0.0005061170352013124,0.72,0.21635428192464093
https://www.tokopedia.com/ukmart-bogor/emping-melinjo-asli-ukuran-b2-3-khas-bogor-barat-500gram-kualitas-no-1-termurah-dan-terbaik-food-snack-crispy-keripik-kering-cemilan-1731960054406284706?extParam=ivf%3Dfalse%26keyword%3Doleh+oleh+khas+kabupten+bogor%26search_id%3D202602110814263AD7C2EBB96FCB1ACDS2%26src%3Dsearch,EMPING MELINJO ASLI UKURAN B2-3 KHAS BOGOR BARAT 500GRAM KUALITAS NO 1 TERMURAH DAN TEAIK! Food Snack Crispy Keripik Kering Cemilan,Makanan,Camilan & Snack,38000,1.0,4.6872,Ukmart Bogor,tokopedia,0,emping melinjo ukur b khas bogor barat kualitas no murah teaik food snack crispy keripik kering cemilan,36000.0,42386.53311258278,30340.890453295866,23000.0,52000.0,1.0555555555555556,-0.14457496293113178,10.545367754151743,1,0.0,0.9374399999999999,0.281232
https://www.tokopedia.com/ukmart-bogor/emping-melinjo-asli-ukuran-b2-3-khas-bogor-barat-100-gram-kualitas-no-1-termurah-dan-terbaik-camilan-food-snack-makanan-crispy-cemilan-keripik-1731992752738305442?extParam=ivf%3Dfalse%26keyword%3Doleh+oleh+khas+kabupten+bogor%26search_id%3D202602110814263AD7C2EBB96FCB1ACDS2%26src%3Dsearch,EMPING MELINJO ASLI UKURAN B2-3 KHAS BOGOR BARAT 100 GRAM KUALITAS NO 1 TERMURAH DAN TEAIK! Camilan Food Snack Makanan Crispy Cemilan Keripik,Makanan,Camilan & Snack,12960,100.0,3.6,Ukmart Bogor,tokopedia,0,emping melinjo ukur b khas bogor barat kualitas no murah teaik camil food snack makan crispy cemilan keripik,36000.0,42386.53311258278,30340.890453295866,23000.0,52000.0,0.36,-0.9698638593972524,9.469700127423375,0,0.0017277788443079286,0.72,0.21720944519101554
https://www.tokopedia.com/poetra-salafy/kopi-liong-bulan-28g-khas-bogor-isi-20sachet-coffee-mura-1730350883331081900?extParam=ivf%3Dfalse%26keyword%3Doleh+oleh+khas+kabupten+bogor%26search_id%3D202602110814263AD7C2EBB96FCB1ACDS2%26src%3Dsearch,Kopi LIONG BULAN 28g Khas Bogor (isi 20sachet) Coffee mura,Minuman,Kopi,41850,40.0,5.0,Poetra Salafy,tokopedia,1,kopi liong bulan g khas bogor isi sachet coffee mura,34125.0,37780.642857142855,48393.300293114764,11500.0,44986.75,1.2263736263736265,0.08408926686564751,10.641870970494749,1,0.0006806401507879719,1.0,0.3004764481055516
https://www.tokopedia.com/humaofficialid-347/dodol-wijen-ketan-hitam-betawi-500gr-jenang-khas-bogor-1731287104621086254?extParam=ivf%3Dfalse%26keyword%3Doleh+oleh+khas+kabupten+bogor%26search_id%3D202602110814263AD7C2EBB96FCB1ACDS2%26src%3Dsearch,Dodol wijen ketan hitam betawi 500gr /jenang khas bogor,Makanan,Camilan & Snack,28600,2.0,5.0,humaofficial.id,tokopedia,1,dodol wijen ketan hitam betawi jenang khas bogor,36000.0,42386.53311258278,30340.890453295866,23000.0,52000.0,0.7944444444444444,-0.45438788732336555,10.261196961231647,1,1.7452311558665946e-05,1.0,0.3000122166180911
https://www.tokopedia.com/glosir-tape/1kg-500-grm-2-kg-tape-madu-singkong-mantega-tape-singkong-makanan-khas-bogor-1733264410134284231?extParam=ivf%3Dfalse%26keyword%3Doleh+oleh+khas+kabupten+bogor%26search_id%3D202602110814263AD7C2EBB96FCB1ACDS2%26src%3Dsearch,(1kg 500 grm 2 kg) Tape madu singkong mantega / tape singkong makanan khas bogor,Makanan,Camilan & Snack,25000,500.0,4.5,Glosir Tape,tokopedia,0,grm tape madu singkong mantega tape singkong makan khas bogor,36000.0,42386.53311258278,30340.890453295866,23000.0,52000.0,0.6944444444444444,-0.5730396456012423,10.12667110305036,1,0.008708703467774307,0.9,0.27609609242744204
https://www.tokopedia.com/unggulbarokah/keripik-pisang-nangka-original-250gr-renyah-gurih?extParam=ivf%3Dfalse%26keyword%3Doleh+oleh+khas+kabupten+bogor%26search_id%3D202602110814263AD7C2EBB96FCB1ACDS2%26src%3Dsearch,NEW Keripik Pisang Kepok Rasa Manis Madu 200gr Khas Unggul Barokah UMKM Bogor Renyah Food Snacks Cemilan Snack Ungu Kering Chips,Makanan,Camilan & Snack,22000,10.0,5.0,Unggul Barokah,tokopedia,1,new keripik pisang pok rasa manis madu khas unggul barokah umkm bogor renyah food snacks cemilan snack ungu kering chips,36000.0,42386.53311258278,30340.890453295866,23000.0,52000.0,0.6111111111111112,-0.6719161108328063,9.99884318585288,0,0.0001570708040279935,1.0,0.3001099495628196
https://www.tokopedia.com/unggulbarokah/new-keripik-pisang-kepok-tiramisu-enak-renyah-unggul-barokah-200gr?extParam=ivf%3Dfalse%26keyword%3Doleh+oleh+khas+kabupten+bogor%26search_id%3D202602110814263AD7C2EBB96FCB1ACDS2%26src%3Dsearch,NEW Keripik Pisang Kepok Rasa Tiramisu Khas Unggul Barokah UMKM Bogor 250gr Renyah Food Snacks Ungu Cemilan,Makanan,Camilan & Snack,27000,3.0,4.6872,Unggul Barokah,tokopedia,0,new keripik pisang pok rasa tiramisu khas unggul barokah umkm bogor renyah food snacks ungu cemilan,36000.0,42386.53311258278,30340.890453295866,23000.0,52000.0,0.75,-0.507122002113533,10.203629181337648,1,3.490462311733189e-05,0.9374399999999999,0.2812564332361821
https://www.tokopedia.com/unggulbarokah/keripik-pisang-nangka-salju-manis-khas-bogor-1-2-kg?extParam=ivf%3Dfalse%26keyword%3Doleh+oleh+khas+kabupten+bogor%26search_id%3D202602110814263AD7C2EBB96FCB1ACDS2%26src%3Dsearch,NEW Keripik Pisang Kepok Rasa Manis Madu 250gr Khas Unggul Barokah UMKM Bogor Renyah Food Snacks Cemilan Ungu Snack Kering,Makanan,Camilan & Snack,27000,896.9068,4.7,Unggul Barokah,tokopedia,1,new keripik pisang pok rasa manis madu khas unggul barokah umkm bogor renyah food snacks cemilan ungu snack kering,36000.0,42386.53311258278,30340.890453295866,23000.0,52000.0,0.75,-0.507122002113533,10.203629181337648,1,0.01563564460112742,0.9400000000000001,0.29294495122078923
https://www.tokopedia.com/humaofficialid-347/dodol-ketan-hitam-250gr-asli-betawi-jenang-khas-bogor-1731291022935033390?extParam=ivf%3Dfalse%26keyword%3Doleh+oleh+khas+kabupten+bogor%26search_id%3D202602110814263AD7C2EBB96FCB1ACDS2%26src%3Dsearch,Dodol ketan hitam 250gr asli betawi / jenang khas bogor,Makanan,Camilan & Snack,14700,896.9068,4.6872,humaofficial.id,tokopedia,0,dodol ketan hitam betawi jenang khas bogor,36000.0,42386.53311258278,30340.890453295866,23000.0,52000.0,0.4083333333333333,-0.9125155095629454,9.595670797663967,0,0.01563564460112742,0.9374399999999999,0.2921769512207892
https://www.tokopedia.com/unggulbarokah/keripik-pisang-kepok-salju-manis?extParam=ivf%3Dfalse%26keyword%3Doleh+oleh+khas+kabupten+bogor%26search_id%3D202602110814263AD7C2EBB96FCB1ACDS2%26src%3Dsearch,NEW Keripik Pisang Kepok Rasa Tiramisu Khas Unggul Barokah UMKM Bogor 250gr Renyah Food Snacks Ungu Cemilan Snack Chips,Makanan,Camilan & Snack,27000,18.0,4.8,Unggul Barokah,tokopedia,0,new keripik pisang pok rasa tiramisu khas unggul barokah umkm bogor renyah food snacks ungu cemilan snack chips,36000.0,42386.53311258278,30340.890453295866,23000.0,52000.0,0.75,-0.507122002113533,10.203629181337648,1,0.00029668929649732104,0.96,0.2882076825075481
https://www.tokopedia.com/unggulbarokah/keripik-pisang-kepok-250-gr-original-renyah-manis?extParam=ivf%3Dfalse%26keyword%3Doleh+oleh+khas+kabupten+bogor%26search_id%3D202602110814263AD7C2EBB96FCB1ACDS2%26src%3Dsearch,NEW Keripik Pisang Kepok Rasa Tiramisu 200gr Khas Unggul Barokah UMKM Bogor Fresh dan Renyah Food Snacks Ungu Cemilan Chips Snack,Makanan,Buah & Bahan Mentah Segar,35000,19.0,5.0,Unggul Barokah,tokopedia,1,new keripik pisang pok rasa tiramisu khas unggul barokah umkm bogor fresh renyah food snacks ungu cemilan chips snack,36000.0,42386.53311258278,30340.890453295866,23000.0,52000.0,0.9722222222222222,-0.24345142816269574,10.463131911491967,1,0.000314141608055987,1.0,0.3002198991256392
https://www.tokopedia.com/ichabe/bisa-cod-ds-liong-kopi-liong-plus-gula-20-sachet-khas-bogor?extParam=ivf%3Dfalse%26keyword%3Doleh+oleh+khas+kabupten+bogor%26search_id%3D202602110814263AD7C2EBB96FCB1ACDS2%26src%3Dsearch,[BISA COD] DS LIONG Kopi Liong Plus Gula 20 Sachet Khas Bogor,Minuman,Kopi,48853,18.0,5.0,iChabe Store,tokopedia,1,bisa ds liong kopi liong plus gula sachet khas bogor,34125.0,37780.642857142855,48393.300293114764,11500.0,44986.75,1.4315897435897436,0.22879938081909415,10.796591537434947,2,0.00029668929649732104,1.0,0.3002076825075481
https://www.tokopedia.com/basreng-pedas-cinta/basreng-stick-pedas-daun-jeruk-khas-bogor-1-kg-1729631655124763712?extParam=ivf%3Dfalse%26keyword%3Doleh+oleh+khas+kabupten+bogor%26search_id%3D202602110814263AD7C2EBB96FCB1ACDS2%26src%3Dsearch,basreng stick pedas daun jeruk khas Bogor 1 Kg,Makanan,Camilan & Snack,80000,896.9068,4.6872,Basreng Pedas Cinta,tokopedia,0,basreng stick pedas daun jeruk khas bogor,36000.0,42386.53311258278,30340.890453295866,23000.0,52000.0,2.2222222222222223,1.2396955503107638,11.289794413577894,2,0.01563564460112742,0.9374399999999999,0.2921769512207892
https://www.tokopedia.com/kurnia-kosmetik-bogor/promo-ramadhan-paket-2-ember-kurma-al-qassim-1730993678256932792?extParam=ivf%3Dfalse%26keyword%3Doleh+oleh+khas+kabupten+bogor%26search_id%3D202602110814263AD7C2EBB96FCB1ACDS2%26src%3Dsearch,[Promo Ramadhan] Paket 2 Ember Kurma Al Qassim,Makanan,Camilan & Snack,29000,23.0,3.7,Kurnia Kosmetik Bogor,tokopedia,0,ramadhan paket ember kurma al qassim,36000.0,42386.53311258278,30340.890453295866,23000.0,52000.0,0.8055555555555556,-0.4412043586258237,10.275085591132715,1,0.0003839508542906508,0.74,0.22226876559800346
https://www.tokopedia.com/ukmart-bogor/emping-melinjo-asli-ukuran-b2-3-khas-bogor-barat-1kg-kualitas-no-1-termurah-dan-terbaik-camilan-food-snacks-makanan-crispy-1731960049842947490?extParam=ivf%3Dfalse%26keyword%3Doleh+oleh+khas+kabupten+bogor%26search_id%3D202602110814263AD7C2EBB96FCB1ACDS2%26src%3Dsearch,EMPING MELINJO ASLI UKURAN B2-3 KHAS BOGOR BARAT 1KG KUALITAS NO 1 TERMURAH DAN TEAIK! Camilan Food Snacks Makanan Crispy,Makanan,Camilan & Snack,82935,896.9068,4.6872,Ukmart Bogor,tokopedia,0,emping melinjo ukur b khas bogor barat kualitas no murah teaik camil food snacks makan crispy,36000.0,42386.53311258278,30340.890453295866,23000.0,52000.0,2.30375,1.3364296921289773,11.325824505002949,2,0.01563564460112742,0.9374399999999999,0.2921769512207892
https://www.tokopedia.com/fariz-collection/atasan-kaos-oblong-khas-puncak-bogor-pria-wanita-1729700861608429656?extParam=ivf%3Dfalse%26keyword%3Dbaju+khas+bogor%26search_id%3D2026021109130511B9842E0A271F168GZC%26src%3Dsearch,atasan kaos oblong khas puncak Bogor Pria Wanita,Pakaian & Fashion,Atasan & Pakaian Kasual,35000,13.0,3.0,Fariz collection_NEW,tokopedia,0,atas kaos oblong khas puncak bogor pria wanita,52800.0,88729.0,95094.30746757053,39271.25,92250.0,0.6628787878787878,-0.5650075323207217,10.463131911491967,0,0.00020942773870399135,0.6,0.1801465994170928
https://www.tokopedia.com/fariz-collection/kaos-atasan-kimono-puncak-bogor-combed-1729700886192556120?extParam=ivf%3Dfalse%26keyword%3Dbaju+khas+bogor%26search_id%3D2026021109130511B9842E0A271F168GZC%26src%3Dsearch,kaos atasan kimono puncak Bogor. Combed,Pakaian & Fashion,Atasan & Pakaian Kasual,37000,16.0,2.0,Fariz collection_NEW,tokopedia,0,kaos atas kimono puncak bogor combed,52800.0,88729.0,95094.30746757053,39271.25,92250.0,0.7007575757575758,-0.5439757791773272,10.518700218288165,0,0.0002617846733799892,0.4,0.12018324927136599
https://www.tokopedia.com/fariz-collection/t-shirt-puncak-bogor-oleh-oleh-puncak-bogor-atasan-kaos-1729700863651252312?extParam=ivf%3Dfalse%26keyword%3Dbaju+khas+bogor%26search_id%3D2026021109130511B9842E0A271F168GZC%26src%3Dsearch,t shirt puncak Bogor oleh oleh Puncak Bogor Atasan Kaos,Pakaian & Fashion,Atasan & Pakaian Kasual,33000,21.0,4.5,Fariz collection_NEW,tokopedia,0,t shirt puncak bogor puncak bogor atas kaos,52800.0,88729.0,95094.30746757053,39271.25,92250.0,0.625,-0.5860392854641162,10.404293143019792,0,0.0003490462311733189,0.9,0.2702443323618213
https://www.tokopedia.com/fariz-collection/kaos-anak-oleh-oleh-khas-puncak-bogor-fashion-1729700025178228824?extParam=ivf%3Dfalse%26keyword%3Dbaju+khas+bogor%26search_id%3D2026021109130511B9842E0A271F168GZC%26src%3Dsearch,kaos anak oleh oleh khas puncak Bogor Fashion,Pakaian & Fashion,Pakaian Anak,32500,1.0,4.6872,Fariz collection_NEW,tokopedia,0,kaos anak khas puncak bogor fashion,52800.0,88729.0,95094.30746757053,39271.25,92250.0,0.615530303030303,-0.5912972237499649,10.389026137075234,0,0.0,0.9374399999999999,0.281232
https://www.tokopedia.com/fariz-collection/kaos-puncak-bogor-oleh-oleh-wisata-katun-santai-hitam-atasan-1729700870969985112?extParam=ivf%3Dfalse%26keyword%3Dbaju+khas+bogor%26search_id%3D2026021109130511B9842E0A271F168GZC%26src%3Dsearch,kaos puncak Bogor oleh oleh wisata Katun Santai Hitam Atasan,Pakaian & Fashion,Atasan & Pakaian Kasual,35000,4.0,4.6872,Fariz collection_NEW,tokopedia,0,kaos puncak bogor wisata katun santai hitam atas,52800.0,88729.0,95094.30746757053,39271.25,92250.0,0.6628787878787878,-0.5650075323207217,10.463131911491967,0,5.235693467599784e-05,0.9374399999999999,0.2812686498542732
https://www.tokopedia.com/alva-colektion/tshirt-sovenir-kota-bogor-kaos-oleh-oleh-bogor-kota-hujan-rain-city-unisex-1732908438195766306?extParam=ivf%3Dfalse%26keyword%3Dbaju+khas+bogor%26search_id%3D2026021109130511B9842E0A271F168GZC%26src%3Dsearch,Tshirt Sovenir Kota Bogor Kaos Oleh Oleh Bogor Kota Hujan Rain City Unisex,Pakaian & Fashion,Atasan & Pakaian Kasual,44000,896.9068,4.6872,Alva Colektion,tokopedia,0,tshirt sovenir kota bogor kaos bogor kota hujan rain city unisex,52800.0,88729.0,95094.30746757053,39271.25,92250.0,0.8333333333333334,-0.4703646431754464,10.691967639914864,1,0.01563564460112742,0.9374399999999999,0.2921769512207892
https://www.tokopedia.com/rvsh-storebgr/kaos-bogor-tugu-kujang-kaos-buitenzorg-kaos-bogor-rain-city-tshirt-kaos-bogor-distro-combed-lembut-1729690086615255682?extParam=ivf%3Dfalse%26keyword%3Dbaju+khas+bogor%26search_id%3D2026021109130511B9842E0A271F168GZC%26src%3Dsearch,KAOS BOGOR TUGU KUJANG - KAOS BUITENZORG - KAOS BOGOR RAIN CITY - Tshirt Kaos Bogor Distro Combed Lembut,Pakaian & Fashion,Atasan & Pakaian Kasual,71000,15.0,5.0,Rvsh-store.bgr,tokopedia,1,kaos bogor tugu kujang kaos buitenzorg kaos bogor rain city tshirt kaos bogor distro combed lembut,52800.0,88729.0,95094.30746757053,39271.25,92250.0,1.3446969696969697,-0.1864359757396206,11.170449240431308,1,0.0002443323618213232,1.0,0.30017103265327494
https://www.tokopedia.com/alva-colektion/kaos-bogor-rain-city-kaos-sovenir-pria-wanita-1732576246526084130?extParam=ivf%3Dfalse%26keyword%3Dbaju+khas+bogor%26search_id%3D2026021109130511B9842E0A271F168GZC%26src%3Dsearch,Kaos BOGOR RAIN CITY Kaos Sovenir Pria Wanita,Pakaian & Fashion,Atasan & Pakaian Kasual,44000,12.0,3.0,Alva Colektion,tokopedia,0,kaos bogor rain city kaos sovenir pria wanita,52800.0,88729.0,95094.30746757053,39271.25,92250.0,0.8333333333333334,-0.4703646431754464,10.691967639914864,1,0.0001919754271453254,0.6,0.1801343827990017
https://www.tokopedia.com/fariz-collection/setelan-kaos-wisata-puncak-bogor-lengan-3-4-anak-fashion-1729843652412736600?extParam=ivf%3Dfalse%26keyword%3Dbaju+khas+bogor%26search_id%3D2026021109130511B9842E0A271F168GZC%26src%3Dsearch,setelan kaos wisata puncak Bogor Lengan 3/4 Anak Fashion,Pakaian & Fashion,Pakaian Anak,34000,70.0,5.0,Fariz collection_NEW,tokopedia,1,setel kaos wisata puncak bogor lengan anak fashion,52800.0,88729.0,95094.30746757053,39271.25,92250.0,0.6439393939393939,-0.5755234088924189,10.434145214930487,0,0.0012042094975479502,1.0,0.30084294664828354
https://www.tokopedia.com/bajukuofficialstore/kaos-bogor-rain-city-kaos-sovenir-terbaru-pria-wanita-1732576631690004292?extParam=ivf%3Dfalse%26keyword%3Dbaju+khas+bogor%26search_id%3D2026021109130511B9842E0A271F168GZC%26src%3Dsearch,Kaos BOGOR RAIN CITY Kaos Sovenir Terbaru Pria Wanita,Pakaian & Fashion,Atasan & Pakaian Kasual,49400,1.0,4.6872,Bajuku.OfficialStore,tokopedia,0,kaos bogor rain city kaos sovenir baru pria wanita,52800.0,88729.0,95094.30746757053,39271.25,92250.0,0.9356060606060606,-0.41357890968828126,10.807725945886109,1,0.0,0.9374399999999999,0.281232
https://www.tokopedia.com/bajukuofficialstore/tshirt-sovenir-kota-bogor-kaos-oleh-oleh-bogor-kota-hujan-rain-city-unisex-1732920466917328708?extParam=ivf%3Dfalse%26keyword%3Dbaju+khas+bogor%26search_id%3D2026021109130511B9842E0A271F168GZC%26src%3Dsearch,Tshirt Sovenir Kota Bogor Kaos Oleh Oleh Bogor Kota Hujan Rain City Unisex,Pakaian & Fashion,Atasan & Pakaian Kasual,49400,896.9068,4.6872,Bajuku.OfficialStore,tokopedia,0,tshirt sovenir kota bogor kaos bogor kota hujan rain city unisex,52800.0,88729.0,95094.30746757053,39271.25,92250.0,0.9356060606060606,-0.41357890968828126,10.807725945886109,1,0.01563564460112742,0.9374399999999999,0.2921769512207892
https://www.tokopedia.com/fariz-collection/setelan-kaos-anak-khas-puncak-bogor-polka-dot-fashion-1729700317890185304?extParam=ivf%3Dfalse%26keyword%3Dbaju+khas+bogor%26search_id%3D2026021109130511B9842E0A271F168GZC%26src%3Dsearch,setelan kaos anak khas puncak Bogor Polka Dot Fashion,Pakaian & Fashion,Pakaian Anak,35000,14.0,4.0,Fariz collection_NEW,tokopedia,0,setel kaos anak khas puncak bogor polka dot fashion,52800.0,88729.0,95094.30746757053,39271.25,92250.0,0.6628787878787878,-0.5650075323207217,10.463131911491967,0,0.0002268800502626573,0.8,0.24015881603518385
https://www.tokopedia.com/fariz-collection/kaos-anak-setelan-khas-puncak-bogor-1729699495231457368?extParam=ivf%3Dfalse%26keyword%3Dbaju+khas+bogor%26search_id%3D2026021109130511B9842E0A271F168GZC%26src%3Dsearch,kaos anak setelan khas puncak Bogor,Pakaian & Fashion,Pakaian Anak,33500,2.0,4.6872,Fariz collection_NEW,tokopedia,0,kaos anak setel khas puncak bogor,52800.0,88729.0,95094.30746757053,39271.25,92250.0,0.634469696969697,-0.5807813471782676,10.419330568113901,0,1.7452311558665946e-05,0.9374399999999999,0.28124421661809107
https://www.tokopedia.com/fariz-collection/setelan-kaos-anak-puncak-bogor-fashion-1729699855988000856?extParam=ivf%3Dfalse%26keyword%3Dbaju+khas+bogor%26search_id%3D2026021109130511B9842E0A271F168GZC%26src%3Dsearch,setelan kaos anak Puncak Bogor Fashion,Pakaian & Fashion,Pakaian Anak,33500,12.0,5.0,Fariz collection_NEW,tokopedia,1,setel kaos anak puncak bogor fashion,52800.0,88729.0,95094.30746757053,39271.25,92250.0,0.634469696969697,-0.5807813471782676,10.419330568113901,0,0.0001919754271453254,1.0,0.30013438279900173
https://www.tokopedia.com/fariz-collection/stelan-kaos-anak-puncak-bogor-motif-daun-fashion-1729699501530777688?extParam=ivf%3Dfalse%26keyword%3Dbaju+khas+bogor%26search_id%3D2026021109130511B9842E0A271F168GZC%26src%3Dsearch,stelan kaos anak Puncak Bogor motif daun Fashion,Pakaian & Fashion,Pakaian Anak,33508,11.0,5.0,Fariz collection_NEW,tokopedia,1,stelan kaos anak puncak bogor motif daun fashion,52800.0,88729.0,95094.30746757053,39271.25,92250.0,0.6346212121212121,-0.580697220165694,10.419569338447822,0,0.00017452311558665946,1.0,0.30012216618091064
https://www.tokopedia.com/fariz-collection/setelan-kaos-anak-puncak-bogor-1729700801924466776?extParam=ivf%3Dfalse%26keyword%3Dbaju+khas+bogor%26search_id%3D2026021109130511B9842E0A271F168GZC%26src%3Dsearch,setelan kaos anak puncak Bogor,Pakaian & Fashion,Pakaian Anak,35000,25.0,5.0,Fariz collection_NEW,tokopedia,1,setel kaos anak puncak bogor,52800.0,88729.0,95094.30746757053,39271.25,92250.0,0.6628787878787878,-0.5650075323207217,10.463131911491967,0,0.0004188554774079827,1.0,0.3002931988341856
https://www.tokopedia.com/fariz-collection/kaos-setelan-anak-puncak-bogor-fashion-1729699645592537176?extParam=ivf%3Dfalse%26keyword%3Dbaju+khas+bogor%26search_id%3D2026021109130511B9842E0A271F168GZC%26src%3Dsearch,kaos setelan anak puncak Bogor Fashion,Pakaian & Fashion,Pakaian Anak,34500,13.0,5.0,Fariz collection_NEW,tokopedia,1,kaos setel anak puncak bogor fashion,52800.0,88729.0,95094.30746757053,39271.25,92250.0,0.6534090909090909,-0.5702654706065703,10.448743588106625,0,0.00020942773870399135,1.0,0.30014659941709276
https://www.tokopedia.com/fariz-collection/kaos-setelan-wisata-anak-puncak-bogor-fashion-1729699873249003608?extParam=ivf%3Dfalse%26keyword%3Dbaju+khas+bogor%26search_id%3D2026021109130511B9842E0A271F168GZC%26src%3Dsearch,kaos setelan wisata anak puncak Bogor Fashion,Pakaian & Fashion,Pakaian Anak,30000,11.0,5.0,Fariz collection_NEW,tokopedia,1,kaos setel wisata anak puncak bogor fashion,52800.0,88729.0,95094.30746757053,39271.25,92250.0,0.5681818181818182,-0.6175869151792079,10.308985993422082,0,0.00017452311558665946,1.0,0.30012216618091064
https://www.tokopedia.com/fariz-collection/kaos-setelan-oleh2-puncak-bogor-anak-fashion-1729700007865583704?extParam=ivf%3Dfalse%26keyword%3Dbaju+khas+bogor%26search_id%3D2026021109130511B9842E0A271F168GZC%26src%3Dsearch,kaos setelan oleh2 puncak Bogor Anak Fashion,Pakaian & Fashion,Pakaian Anak,27000,6.0,5.0,Fariz collection_NEW,tokopedia,1,kaos setel puncak bogor anak fashion,52800.0,88729.0,95094.30746757053,39271.25,92250.0,0.5113636363636364,-0.6491345448942997,10.203629181337648,0,8.726155779332973e-05,1.0,0.3000610830904553
https://www.tokopedia.com/fariz-collection/kaos-setelan-oleh2-puncak-bogor-anak-fashion-1729699650073888856?extParam=ivf%3Dfalse%26keyword%3Dbaju+khas+bogor%26search_id%3D2026021109130511B9842E0A271F168GZC%26src%3Dsearch,kaos setelan oleh2 puncak Bogor Anak Fashion,Pakaian & Fashion,Pakaian Anak,34500,9.0,4.8,Fariz collection_NEW,tokopedia,0,kaos setel puncak bogor anak fashion,52800.0,88729.0,95094.30746757053,39271.25,92250.0,0.6534090909090909,-0.5702654706065703,10.448743588106625,0,0.00013961849246932757,0.96,0.2880977329447285
https://www.tokopedia.com/pids1304/cod-tshirt-kaos-bogor-kota-hujan-ga-banjir-1729544250271042142?extParam=ivf%3Dfalse%26keyword%3Dbaju+khas+bogor%26search_id%3D2026021109130511B9842E0A271F168GZC%26src%3Dsearch,COD TSHIRT KAOS BOGOR KOTA HUJAN GA BANJIR,Pakaian & Fashion,Atasan & Pakaian Kasual,64000,80.0,4.6,PIDS1304,tokopedia,0,tshirt kaos bogor kota hujan ga banjir,52800.0,88729.0,95094.30746757053,39271.25,92250.0,1.2121212121212122,-0.26004711174150136,11.06665398721974,1,0.0013787326131346096,0.9199999999999999,0.27696511282919417
https://www.tokopedia.com/mamang-clothing/t-shirt-kaos-bogor-original-brand-local-cotton-combed-24s-kaos-distro-murah-keren-katun-unisex-hitam-baju-pria-crew-neck-cowok-polos-motif-pendek-panjang-dewasa-oblong-putih-atasan-wanita-1729628024475583929?extParam=ivf%3Dfalse%26keyword%3Dbaju+khas+bogor%26search_id%3D2026021109130511B9842E0A271F168GZC%26src%3Dsearch,T-shirt Kaos Bogor Original Brand Local Cotton Combed 24s / Kaos Distro Murah Keren Katun Unisex Hitam Baju Pria Crew Neck Cowok Polos Motif Pendek Panjang  Dewasa Oblong Putih Atasan Wanita,Pakaian & Fashion,Atasan & Pakaian Kasual,84963,100.0,4.9,Mamang Clothing,tokopedia,1,t shirt kaos bogor brand local cotton combed s kaos distro keren katun unisex hitam baju pria crew neck cowok polos motif pendek panjang dewasa oblong putih atas wanita,52800.0,88729.0,95094.30746757053,39271.25,92250.0,1.6091477272727273,-0.03960279116901185,11.349982916346775,1,0.0017277788443079286,0.9800000000000001,0.2952094451910156
https://www.tokopedia.com/dk1522-printing/kaos-baju-pencinta-kopi-liong-baju-bogor?extParam=ivf%3Dfalse%26keyword%3Dbaju+khas+bogor%26search_id%3D2026021109130511B9842E0A271F168GZC%26src%3Dsearch,KAOS BAJU PENCINTA KOPI LIONG . BAJU BOGOR,Pakaian & Fashion,Atasan & Pakaian Kasual,60000,896.9068,4.6872,DK Cloth,tokopedia,0,kaos baju cinta kopi liong baju bogor,52800.0,88729.0,95094.30746757053,39271.25,92250.0,1.1363636363636365,-0.30211061802829037,11.002116507732017,1,0.01563564460112742,0.9374399999999999,0.2921769512207892
https://www.tokopedia.com/warselstore84/jarsey-viking-bogor-pria-bahan-adem-dan-nyaman-enak-untuk-dipakai-baju-cowok-1730525199911323242?extParam=ivf%3Dfalse%26keyword%3Dbaju+khas+bogor%26search_id%3D2026021109130511B9842E0A271F168GZC%26src%3Dsearch,jarsey viking bogor Pria bahan adem dan nyaman enak untuk dipakai Baju Cowok,Pakaian & Fashion,Atasan & Pakaian Kasual,135000,896.9068,4.6872,Warselstore84,tokopedia,0,jarsey viking bogor pria bahan adem nyaman enak untuk pakai baju cowok,52800.0,88729.0,95094.30746757053,39271.25,92250.0,2.5568181818181817,0.4865801248490036,11.813037464800539,2,0.01563564460112742,0.9374399999999999,0.2921769512207892
https://www.tokopedia.com/sablonkaos-id/tshirt-baju-kaos-bogor-belongs-to-me-kaos-persikabo-bogor-1973-hitam-s?extParam=ivf%3Dfalse%26keyword%3Dbaju+khas+bogor%26search_id%3D2026021109130511B9842E0A271F168GZC%26src%3Dsearch,Tshirt Baju Kaos Bogor Belongs to me / Kaos Persikabo Bogor 1973,Pakaian & Fashion,Atasan & Pakaian Kasual,55000,1.0,4.6872,Sablonkaosid,tokopedia,0,tshirt baju kaos bogor belongs to me kaos persikabo bogor,52800.0,88729.0,95094.30746757053,39271.25,92250.0,1.0416666666666667,-0.3546900008867766,10.915106645867503,1,0.0,0.9374399999999999,0.281232
https://www.tokopedia.com/drsstoreid-152/baju-kaos-murah-pria-wanita-baju-casual-football-fans-baju-viking-bogor-leuwiliang-pria-wanita-1729583832780343806?extParam=ivf%3Dfalse%26keyword%3Dbaju+khas+bogor%26search_id%3D2026021109130511B9842E0A271F168GZC%26src%3Dsearch,"baju kaos murah pria wanita, baju casual football fans, baju Viking Bogor Leuwiliang Pria Wanita",Pakaian & Fashion,Atasan & Pakaian Kasual,140000,896.9068,4.6872,DRSStore.ID,tokopedia,0,baju kaos pria wanita baju casual football fans baju viking bogor leuwiliang pria wanita,52800.0,88729.0,95094.30746757053,39271.25,92250.0,2.6515151515151514,0.5391595077074899,11.849404844423074,2,0.01563564460112742,0.9374399999999999,0.2921769512207892
https://www.tokopedia.com/fasion-store-masa-kini/bogor-rain-city-kaos-pakaian-baju-t-shirt-murah-distro-kekinian-keren-kata-kota-lokal-pria-wanita-cod-terlaris-1733746068490389315?extParam=ivf%3Dfalse%26keyword%3Dbaju+khas+bogor%26search_id%3D2026021109130511B9842E0A271F168GZC%26src%3Dsearch,Bogor - Rain City / Kaos / Pakaian / Baju / T-Shirt / Murah / Distro / Kekinian / Keren / Kata / Kota / Lokal / Pria / Wanita / COD / Terlaris,Pakaian & Fashion,Atasan & Pakaian Kasual,51750,1.0,4.6872,FASION STORE MASA KINI,tokopedia,0,bogor rain city kaos pakai baju t shirt distro kini keren kata kota lokal pria wanita,52800.0,88729.0,95094.30746757053,39271.25,92250.0,0.9801136363636364,-0.3888665997447927,10.854199034612414,1,0.0,0.9374399999999999,0.281232
https://www.tokopedia.com/zerryncollection/kain-batik-kampung-urug-bogor-1729999280409315701?extParam=ivf%3Dfalse%26keyword%3Dbatik+khas+bogor%26search_id%3D20260211085708138BB0696595B30DBNLW%26src%3Dsearch,kain batik kampung urug bogor,Pakaian & Fashion,Pakaian Tradisional & Etnik,205000,30.0,4.8,Zerryncollection,tokopedia,0,kain batik kampung urug bogor,52800.0,88729.0,95094.30746757053,39271.25,92250.0,3.882575757575758,1.2226914848678112,12.230770136157428,2,0.0005061170352013124,0.96,0.2883542819246409
https://www.tokopedia.com/masmet-collection/dodot-batik-bogor-kain-praktis-batik-urug-dodot-d211026-1731650965998240962?extParam=ivf%3Dfalse%26keyword%3Dbatik+khas+bogor%26search_id%3D20260211085708138BB0696595B30DBNLW%26src%3Dsearch,DODOT BATIK BOGOR - KAIN PRAKTIS BATIK URUG [ DODOT-D211026 ],Pakaian & Fashion,Pakaian Tradisional & Etnik,187500,896.9068,4.6872,MS Collection Busana Adat,tokopedia,0,dodot batik bogor kain praktis batik urug dodot d,52800.0,88729.0,95094.30746757053,39271.25,92250.0,3.5511363636363638,1.0386636448631092,12.141539457711714,2,0.01563564460112742,0.9374399999999999,0.2921769512207892
https://www.tokopedia.com/tokoabyd/seragam-pns-pria-pemkab-bogor-batik-motif-kampung-urug-batik-galeri-m?extParam=ivf%3Dfalse%26keyword%3Dbatik+khas+bogor%26search_id%3D20260211085708138BB0696595B30DBNLW%26src%3Dsearch,Seragam PNS Pria Pemkab Bogor Batik Motif Kampung Urug (Batik Galeri),Pakaian & Fashion,Pakaian Tradisional & Etnik,400000,8.0,5.0,teeskashop,tokopedia,1,seragam pns pria pemkab bogor batik motif kampung urug batik galeri,52800.0,88729.0,95094.30746757053,39271.25,92250.0,7.575757575757576,3.2732874163487753,12.899222326086994,2,0.0001221661809106616,1.0,0.30008551632663744
https://www.tokopedia.com/tokoabyd/bahan-kain-untuk-seragam-batik-kampung-urug-pns-pemerintah-kab-bogor-2m?extParam=ivf%3Dfalse%26keyword%3Dbatik+khas+bogor%26search_id%3D20260211085708138BB0696595B30DBNLW%26src%3Dsearch,Bahan Kain untuk Seragam Batik Kampung Urug PNS Pemerintah Kab Bogor,Pakaian & Fashion,Pakaian Tradisional & Etnik,275000,16.0,5.0,teeskashop,tokopedia,1,bahan kain untuk seragam batik kampung urug pns perintah kab bogor,52800.0,88729.0,95094.30746757053,39271.25,92250.0,5.208333333333333,1.9588028448866188,12.524530013005734,2,0.0002617846733799892,1.0,0.30018324927136597
https://www.tokopedia.com/zerryncollection/baju-batik-kemeja-kampung-urug-pria-lengan-pendek-1729623929832506741?extParam=ivf%3Dfalse%26keyword%3Dbatik+khas+bogor%26search_id%3D20260211085708138BB0696595B30DBNLW%26src%3Dsearch,Baju batik kemeja kampung urug pria lengan pendek,Pakaian & Fashion,Pakaian Tradisional & Etnik,285000,27.0,4.9,Zerryncollection,tokopedia,1,baju batik kemeja kampung urug pria lengan pendek,52800.0,88729.0,95094.30746757053,39271.25,92250.0,5.3977272727272725,2.0639616106035916,12.560247968016562,2,0.0004537601005253146,0.9800000000000001,0.29431763207036776
https://www.tokopedia.com/toko-ananda-cileungsi/batik-songket-pria-dewasa-murah-dan-bagus-dengan-desain-etnik-klasik-dan-warna-warna-cerah-1733649141512897650?extParam=ivf%3Dfalse%26keyword%3Dbatik+khas+bogor%26search_id%3D20260211085708138BB0696595B30DBNLW%26src%3Dsearch,Batik Songket Pria Dewasa Murah dan Bagus dengan Desain Etnik Klasik dan Warna-warna Cerah,Pakaian & Fashion,Pakaian Tradisional & Etnik,30500,896.9068,4.6872,toko ananda Cileungsi,tokopedia,0,batik songket pria dewasa bagus dengan desain etnik klasik warna warna cerah,52800.0,88729.0,95094.30746757053,39271.25,92250.0,0.5776515151515151,-0.6123289768933593,10.32551474894327,0,0.01563564460112742,0.9374399999999999,0.2921769512207892
https://www.tokopedia.com/dklhkkl124/bahan-kain-batik-printing-motif-megamendung-katun-batik-baturaden-hijau-botol-f5d0f?extParam=ivf%3Dfalse%26keyword%3Dbatik+khas+bogor%26search_id%3D20260211085708138BB0696595B30DBNLW%26src%3Dsearch,Bahan kain Batik Printing Motif Megamendung / Katun Batik Baturaden,Pakaian & Fashion,Pakaian Tradisional & Etnik,40000,80.0,4.6872,QarinTextile18,tokopedia,0,bahan kain batik printing motif megamendung katun batik baturaden,52800.0,88729.0,95094.30746757053,39271.25,92250.0,0.7575757575757576,-0.5124281494622354,10.596659732783579,1,0.0013787326131346096,0.9374399999999999,0.2821971128291942
https://www.tokopedia.com/zerryncollection/kemeja-batik-kampung-urug-wanita-1729623929688655221?extParam=ivf%3Dfalse%26keyword%3Dbatik+khas+bogor%26search_id%3D20260211085708138BB0696595B30DBNLW%26src%3Dsearch,Kemeja batik kampung urug wanita,Pakaian & Fashion,Pakaian Tradisional & Etnik,315000,25.0,4.6,Zerryncollection,tokopedia,0,kemeja batik kampung urug wanita,52800.0,88729.0,95094.30746757053,39271.25,92250.0,5.965909090909091,2.379437907754509,12.660331092405906,2,0.0004188554774079827,0.9199999999999999,0.27629319883418557
https://www.tokopedia.com/zerryncollection/baju-kemeja-batik-kampung-urug-pria-lengan-panjang-1729623832450663797?extParam=ivf%3Dfalse%26keyword%3Dbatik+khas+bogor%26search_id%3D20260211085708138BB0696595B30DBNLW%26src%3Dsearch,Baju kemeja batik kampung urug pria lengan panjang,Pakaian & Fashion,Pakaian Tradisional & Etnik,320000,7.0,5.0,Zerryncollection,tokopedia,1,baju kemeja batik kampung urug pria lengan panjang,52800.0,88729.0,95094.30746757053,39271.25,92250.0,6.0606060606060606,2.432017290612995,12.676079399771027,2,0.00010471386935199568,1.0,0.3000732997085464
https://www.lazada.co.id/products/pdp-i7272560359.html,Kripik Bawang Khas Bogor 250 Gram,Makanan,Camilan & Snack,25000,1400.0,4.7,Kab. Bogor,tokopedia,1,kripik bawang khas bogor,36000.0,42386.53311258278,30340.890453295866,23000.0,52000.0,0.6944444444444444,-0.5730396456012423,10.12667110305036,1,0.024415783870573658,0.9400000000000001,0.29909104870940156
https://www.lazada.co.id/products/pdp-i7333596660.html,KACANG BOGOR JUMBO OVEN OVEN 250 GRAM,Makanan,Camilan & Snack,37500,88.0,4.18,Kota Jakarta Pusat,tokopedia,0,kacang bogor jumbo oven oven,36000.0,42386.53311258278,30340.890453295866,23000.0,52000.0,1.0416666666666667,-0.1610543738030591,10.53212287826962,1,0.0015183511056039373,0.836,0.2518628457739227
https://www.lazada.co.id/products/pdp-i5920950107.html,Kacang Bogor Asli 250 Gram / Kacang Bogor Super / Bogor Asin Gurih ( Kiloan ) LarisSnack,Makanan,Camilan & Snack,14000,424.0,4.5,Kota Jakarta Pusat,tokopedia,0,kacang bogor kacang bogor super bogor asin gurih kilo larissnack,36000.0,42386.53311258278,30340.890453295866,23000.0,52000.0,0.3888888888888889,-0.9355866847836436,9.546884034617925,0,0.0073823277893156946,0.9,0.275167629452521
https://www.lazada.co.id/products/pdp-i5920936355.html,Kacang Bogor Super 500Gr,Makanan,Camilan & Snack,29990,193.0,4.2,Kota Jakarta Pusat,tokopedia,0,kacang bogor super,36000.0,42386.53311258278,30340.890453295866,23000.0,52000.0,0.8330555555555555,-0.4085751250994076,10.30865261563529,1,0.0033508438192638617,0.8400000000000001,0.2543455906734847
https://www.lazada.co.id/products/pdp-i5264978479.html,"Opak Singkong Mentah (isi 40 pcs) Original, Pedas Asli Bogor - Duo Bocil Snack",Makanan,Camilan & Snack,17000,5500.0,4.8,Kota Depok,tokopedia,1,opak singkong mentah isi pedas bogor duo bocil snack,36000.0,42386.53311258278,30340.890453295866,23000.0,52000.0,0.4722222222222222,-0.8367102195520796,9.741027444837728,0,0.09597026126110403,0.96,0.3551791828827728
https://www.lazada.co.id/products/pdp-i6157732870.html,Kacang Bogor 500 Gram,Makanan,Camilan & Snack,82000,1200.0,4.9,Kota Jakarta Utara,tokopedia,1,kacang bogor,36000.0,42386.53311258278,30340.890453295866,23000.0,52000.0,2.2777777777777777,1.3056131937984732,11.314486721293981,2,0.020925321558840467,0.9800000000000001,0.3086477250911884
https://www.lazada.co.id/products/pdp-i5554604247.html,Lapis Talas Bogor | Kabayan lapis bogor oleh oleh jakarta bogor nusantara brownies kukus bolu talas,Makanan,Kue & Roti,45000,2500.0,4.9,Kab. Tangerang,tokopedia,1,lapis talas bogor kabayan lapis bogor jakarta bogor nusantara brownies kukus bolu talas,36000.0,42386.53311258278,30340.890453295866,23000.0,52000.0,1.25,0.08613678927585083,10.714439990727769,1,0.0436133265851062,0.9800000000000001,0.3245293286095744
https://www.lazada.co.id/products/pdp-i5917228922.html,Kacang Bogor Super 500Gr / Kacang Bogor Asin Gurih / Kacang Bogor Asli ( Kiloan ) LarisSnack,Makanan,Camilan & Snack,29990,128.0,4.4,Kota Jakarta Pusat,tokopedia,0,kacang bogor super kacang bogor asin gurih kacang bogor kilo larissnack,36000.0,42386.53311258278,30340.890453295866,23000.0,52000.0,0.8330555555555555,-0.4085751250994076,10.30865261563529,1,0.0022164435679505753,0.8800000000000001,0.2655515104975654
https://www.lazada.co.id/products/pdp-i1768382560.html,Kacang Bogor 1 kg,Makanan,Camilan & Snack,140000,326.0,4.9,Kota Jakarta Utara,tokopedia,1,kacang bogor,36000.0,42386.53311258278,30340.890453295866,23000.0,52000.0,3.888888888888889,3.2172248549420432,11.849404844423074,2,0.0056720012565664325,0.9800000000000001,0.29797040087959653
https://www.lazada.co.id/products/pdp-i7346656246.html,KACANG BOGOR ASLI 250GR / KACANG BOGOR SUPER GROSIR SPESIAL (BISA COD),Makanan,Camilan & Snack,45900,14.0,4.0,Kota Jakarta Barat,tokopedia,0,kacang bogor kacang bogor super grosir spesial bisa,36000.0,42386.53311258278,30340.890453295866,23000.0,52000.0,1.275,0.11579972884532003,10.734242182303689,1,0.0002268800502626573,0.8,0.24015881603518385
https://www.lazada.co.id/products/pdp-i8014606525.html,Talas bogor segar 1 iket (3 bonggol)asli bogor oleh oleh bogor,Makanan,Buah & Bahan Mentah Segar,38000,126.0,4.5,Kab. Bogor,tokopedia,0,talas bogor segar iket bonggol bogor bogor,36000.0,42386.53311258278,30340.890453295866,23000.0,52000.0,1.0555555555555556,-0.14457496293113178,10.545367754151743,1,0.002181538944833243,0.9,0.2715270772613833
https://www.lazada.co.id/products/pdp-i5581512746.html,"Kopi Cap Teko Toko Agus Tanpa Gula Kopi Legendaris Kota Bogor, Oleh oleh Bogor",Minuman,Kopi,14000,2600.0,4.9,Kota Bogor,tokopedia,1,kopi cap teko toko agus tanpa gula kopi legendaris kota bogor bogor,34125.0,37780.642857142855,48393.300293114764,11500.0,44986.75,0.41025641025641024,-0.4914036181269969,9.546884034617925,1,0.04535855774097279,0.9800000000000001,0.325750990418681
https://www.lazada.co.id/products/pdp-i7705464563.html,Lapis Talas Bogor Kabayan - Original | oleh-oleh Nusantara jakarta Bogor brownies kukus,Makanan,Kue & Roti,42000,46.0,4.8,Kota Jakarta Utara,tokopedia,0,lapis talas bogor kabayan nusantara jakarta bogor brownies kukus,36000.0,42386.53311258278,30340.890453295866,23000.0,52000.0,1.1666666666666667,-0.012739675955713141,10.645448706505872,1,0.0007853540201399675,0.96,0.288549747814098
https://www.lazada.co.id/products/pdp-i5971902786.html,MSA Snack - KERIPIK TALAS GURIH RENYAH OLEH OLEH BOGOR 150 GRAM,Makanan,Camilan & Snack,14475,162.0,4.7,Kab. Bogor,tokopedia,0,msa snack keripik talas gurih renyah bogor,36000.0,42386.53311258278,30340.890453295866,23000.0,52000.0,0.40208333333333335,-0.9199312444553126,9.580247384683632,0,0.0028098221609452172,0.9400000000000001,0.2839668755126617
https://www.lazada.co.id/products/pdp-i8205894357.html,Kopi Liong Bulan plus gula 20Pcs Khas oleh oleh Bogor Murah,Minuman,Kopi,11500,74.0,4.1,Kab. Bogor,tokopedia,0,kopi liong bulan plus gula khas bogor,34125.0,37780.642857142855,48393.300293114764,11500.0,44986.75,0.336996336996337,-0.5430636616631409,9.350189267092581,0,0.001274018743782614,0.82,0.24689181312064779
https://www.lazada.co.id/products/pdp-i6720822669.html,Manisan Asinan Anggur Bogor 250gr,Makanan,Buah & Bahan Mentah Segar,25000,98.0,4.8,Kota Jakarta Pusat,tokopedia,0,manis asin anggur bogor,36000.0,42386.53311258278,30340.890453295866,23000.0,52000.0,0.6944444444444444,-0.5730396456012423,10.12667110305036,1,0.0016928742211905967,0.96,0.28918501195483337
https://www.lazada.co.id/products/pdp-i2396172214.html,Kacang Bogor 500 gram,Makanan,Camilan & Snack,70000,837.0,4.9,Kota Jakarta Utara,tokopedia,1,kacang bogor,36000.0,42386.53311258278,30340.890453295866,23000.0,52000.0,1.9444444444444444,0.9101073328722172,11.156264806643742,2,0.01459013246304473,0.9800000000000001,0.30421309272413133
https://www.lazada.co.id/products/pdp-i8318774257.html,DODOL KETAN HITAM ASLI (500gr) DODOL BETAWI ASLI BOGOR DODOL MPOK IYEK,Makanan,Camilan & Snack,25000,2800.0,4.8,Kab. Bogor,tokopedia,1,dodol ketan hitam dodol betawi bogor dodol mpok iyek,36000.0,42386.53311258278,30340.890453295866,23000.0,52000.0,0.6944444444444444,-0.5730396456012423,10.12667110305036,1,0.04884902005270598,0.96,0.32219431403689414
https://www.lazada.co.id/products/pdp-i7572834825.html,Kopi Piala 250 gram Tanpa Gula kopi khas oleh oleh kota bogor,Minuman,Kopi,33750,51.0,4.9,Kota Bogor,tokopedia,1,kopi piala tanpa gula kopi khas kota bogor,34125.0,37780.642857142855,48393.300293114764,11500.0,44986.75,0.989010989010989,-0.08328927419145914,10.426765325491356,1,0.0008726155779332972,0.9800000000000001,0.29461083090455337
https://www.lazada.co.id/products/pdp-i6120006556.html,[ BELI 6 GRATIS 1 ]Cemilan Camilan Kue Kering Juara Snack Serba 5000 Grosir Makanan Ringan Bogor Basreng Kacang,Makanan,Kue & Roti,5000,57300.0,4.7,Kota Depok,tokopedia,1,beli gratis cemilan camil kue kering juara snack serba grosir makan ringan bogor basreng kacang,36000.0,42386.53311258278,30340.890453295866,23000.0,52000.0,0.1388888888888889,-1.2322160804783355,8.517393171418904,0,1.0,0.9400000000000001,0.982
https://www.lazada.co.id/products/pdp-i8311480511.html,kerupuk asoy mentah khas bogor enak mekar renyah & gurih 500 Gr - 1000 Gr,Makanan,Camilan & Snack,21000,220.0,4.9,Kab. Bogor,tokopedia,1,kerupuk asoy mentah khas bogor enak mekar renyah gurih,36000.0,42386.53311258278,30340.890453295866,23000.0,52000.0,0.5833333333333334,-0.704874932576661,9.952325334619427,0,0.003822056231347842,0.9800000000000001,0.2966754393619435
https://www.lazada.co.id/products/pdp-i6561324966.html,Serba 9ribu Gratis Ongkir / Promo Beli 5 Gratis Hadiah / Promo Serba 9ribu Camilan Enak dan Murah MSA Snack Aneka Makanan Ringan Bogor,Makanan,Camilan & Snack,8685,50300.0,4.8,Kab. Bogor,tokopedia,1,serba ribu gratis ongkir beli gratis hadiah serba ribu camil enak msa snack aneka makan ringan bogor,36000.0,42386.53311258278,30340.890453295866,23000.0,52000.0,0.24125,-1.110762822352231,9.069467813094768,0,0.8778338190893383,0.96,0.9024836733625368
https://www.lazada.co.id/products/pdp-i5831050679.html,talas ketan / talas bogor ungu per pcs,Makanan,Buah & Bahan Mentah Segar,18000,196.0,4.1,Kota Tangerang Selatan,tokopedia,0,talas ketan talas bogor ungu per,36000.0,42386.53311258278,30340.890453295866,23000.0,52000.0,0.5,-0.8037513978082249,9.798182590890704,0,0.003403200753939859,0.82,0.24838224052775787
https://www.lazada.co.id/products/pdp-i6014766601.html,TALAS KHAS BOGOR ISI 1 IKAT (3 BUAH),Makanan,Buah & Bahan Mentah Segar,64900,124.0,4.7,Kab. Bogor,tokopedia,0,talas khas bogor isi ikat buah,36000.0,42386.53311258278,30340.890453295866,23000.0,52000.0,1.8027777777777778,0.7420173419785585,11.080618310893968,2,0.0021466343217159114,0.9400000000000001,0.28350264402520114
https://www.lazada.co.id/products/pdp-i7221202156.html,Lapis Bogor Sangkuriang Asli,Makanan,Kue & Roti,52999,281.0,4.7,Kota Bogor,tokopedia,0,lapis bogor sangkuriang,36000.0,42386.53311258278,30340.890453295866,23000.0,52000.0,1.4721944444444444,0.34977440440494423,10.87804719253426,2,0.004886647236426464,0.9400000000000001,0.2854206530654986
https://www.lazada.co.id/products/pdp-i6831124161.html,Sangkuriang jajanan khas oleholeh bogor,Makanan,Kue & Roti,45000,9.0,4.6872,Kab. Bogor,tokopedia,0,sangkuriang jajan khas oleholeh bogor,36000.0,42386.53311258278,30340.890453295866,23000.0,52000.0,1.25,0.08613678927585083,10.714439990727769,1,0.00013961849246932757,0.9374399999999999,0.2813297329447285
https://www.lazada.co.id/products/pdp-i8715522261.html,super murah kerupuk mentah/ kerupuk ASOY mentah khas orang bogor,Makanan,Camilan & Snack,13600,896.9068,3.5,Kab. Bogor,tokopedia,0,super kerupuk mentah kerupuk asoy mentah khas orang bogor,36000.0,42386.53311258278,30340.890453295866,23000.0,52000.0,0.37777777777777777,-0.9487702134811854,9.517898598432753,0,0.01563564460112742,0.7,0.2209449512207892
https://www.lazada.co.id/products/pdp-i8284108390.html,DODOL BETAWI KETAN HITAM ASLI (500GR) DODOL BETAWI DODOL MPOK IYEK ENAK GURIH DAN LEZAT BISA COD DODOL ASLI BOGOR DODOL KUE LEBARAN DODOL ACARA PERNIKAHAN,Makanan,Kue & Roti,17500,1300.0,4.9,Kab. Bogor,tokopedia,1,dodol betawi ketan hitam dodol betawi dodol mpok iyek enak gurih lezat bisa dodol bogor dodol kue lebaran dodol acara nikah,36000.0,42386.53311258278,30340.890453295866,23000.0,52000.0,0.4861111111111111,-0.8202308086801523,9.770013301136158,0,0.022670552714707064,0.9800000000000001,0.309869386900295
https://www.lazada.co.id/products/pdp-i1151038416.html,Kacang Bogor 250 gram,Makanan,Camilan & Snack,36000,420.0,4.6872,Kota Jakarta Utara,tokopedia,0,kacang bogor,36000.0,42386.53311258278,30340.890453295866,23000.0,52000.0,1.0,-0.2104926064188411,10.491301994830229,1,0.007312518543081031,0.9374399999999999,0.2863507629801567
https://www.lazada.co.id/products/pdp-i7965242438.html,TERLARIS Jambu biji khas bogor,Makanan,Buah & Bahan Mentah Segar,9700,896.9068,4.8,Kab. Bogor,tokopedia,1,jambu biji khas bogor,36000.0,42386.53311258278,30340.890453295866,23000.0,52000.0,0.26944444444444443,-1.0773096182822186,9.179984251961283,0,0.01563564460112742,0.96,0.2989449512207892
https://www.lazada.co.id/products/pdp-i8331968689.html,DODOL KETAN HITAM ASLI 500gr DODOL BETAWI DODOL MPOK IYEK ENAK GURIH DAN LEZAT BISA COD DODOL ASLI BOGOR DODOL KUE LEBARAN DODOL ACARA PERNIKAHAN,Makanan,Kue & Roti,25000,123.0,4.7,Kab. Bogor,tokopedia,0,dodol ketan hitam dodol betawi dodol mpok iyek enak gurih lezat bisa dodol bogor dodol kue lebaran dodol acara nikah,36000.0,42386.53311258278,30340.890453295866,23000.0,52000.0,0.6944444444444444,-0.5730396456012423,10.12667110305036,1,0.002129182010157245,0.9400000000000001,0.2834904274071101
https://www.lazada.co.id/products/pdp-i8014638234.html,Talas bogor fresh 3 1iket asli bogor oleh oleh bogor,Makanan,Buah & Bahan Mentah Segar,38000,43.0,4.8,Kab. Bogor,tokopedia,0,talas bogor fresh iket bogor bogor,36000.0,42386.53311258278,30340.890453295866,23000.0,52000.0,1.0555555555555556,-0.14457496293113178,10.545367754151743,1,0.0007329970854639697,0.96,0.28851309795982477
https://www.lazada.co.id/products/pdp-i4800836097.html,Dodol  Original Ketan Hitam 1kg Asli Bogor,Makanan,Camilan & Snack,50000,137.0,4.0,Kab. Bogor,tokopedia,0,dodol ketan hitam bogor,36000.0,42386.53311258278,30340.890453295866,23000.0,52000.0,1.3888888888888888,0.25093089799512414,10.819798284210286,1,0.0023735143719785684,0.8,0.241661460060385
https://www.lazada.co.id/products/pdp-i8712982943.html,kacang Bogor/kacang koro kupas rasa asin gurih,Makanan,Camilan & Snack,12000,896.9068,4.3,Kota Bekasi,tokopedia,0,kacang bogor kacang koro kupas rasa asin gurih,36000.0,42386.53311258278,30340.890453295866,23000.0,52000.0,0.3333333333333333,-1.001504328271353,9.392745258631441,0,0.01563564460112742,0.86,0.2689449512207892
https://www.lazada.co.id/products/pdp-i7324748573.html,Kacang Bogor Super Asli 1 Kg,Makanan,Camilan & Snack,149000,17.0,4.7,Kota Jakarta Pusat,tokopedia,0,kacang bogor super,36000.0,42386.53311258278,30340.890453295866,23000.0,52000.0,4.138888888888889,3.513854250636735,11.91170829631447,2,0.00027923698493865514,0.9400000000000001,0.2821954658894571
https://www.lazada.co.id/products/pdp-i353150772.html,RAMADHAN PROMO!! Kerupuk Mie Bogor Wayang Emas 88 (mentah 200 gr),Makanan,Camilan & Snack,13000,204.0,4.7,Kota Jakarta Pusat,tokopedia,0,ramadhan kerupuk mie bogor wayang emas mentah,36000.0,42386.53311258278,30340.890453295866,23000.0,52000.0,0.3611111111111111,-0.9685455065274983,9.472781556562168,0,0.003542819246409187,0.9400000000000001,0.28447997347248644
https://www.lazada.co.id/products/pdp-i8133276556.html,Manisan Anggur Bogor Asam Manis,Makanan,Buah & Bahan Mentah Segar,23000,12.0,4.0,Kota Jakarta Barat,tokopedia,0,manis anggur bogor asam manis,36000.0,42386.53311258278,30340.890453295866,23000.0,52000.0,0.6388888888888888,-0.6389572890889517,10.043292972227004,0,0.0001919754271453254,0.8,0.2401343827990017
https://www.lazada.co.id/products/pdp-i7749154078.html,basreng pedas daun jeruk khas bogor,Makanan,Camilan & Snack,18500,896.9068,4.6872,Kab. Bogor,tokopedia,0,basreng pedas daun jeruk khas bogor,36000.0,42386.53311258278,30340.890453295866,23000.0,52000.0,0.5138888888888888,-0.7872719869362976,9.825580063659602,0,0.01563564460112742,0.9374399999999999,0.2921769512207892
https://www.lazada.co.id/products/pdp-i8377298765.html,Kacang Bogor Gurih Asin  Renyah,Makanan,Camilan & Snack,85000,896.9068,4.6872,Kota Jakarta Barat,tokopedia,0,kacang bogor gurih asin renyah,36000.0,42386.53311258278,30340.890453295866,23000.0,52000.0,2.361111111111111,1.404489659030037,11.350418300109132,2,0.01563564460112742,0.9374399999999999,0.2921769512207892
https://www.lazada.co.id/products/pdp-i8366390491.html,COD kerupuk  mentah murah/ jual kerupuk mentah ASOY khas orang bogor,Makanan,Camilan & Snack,18000,896.9068,4.6872,Kab. Bogor,tokopedia,0,kerupuk mentah jual kerupuk mentah asoy khas orang bogor,36000.0,42386.53311258278,30340.890453295866,23000.0,52000.0,0.5,-0.8037513978082249,9.798182590890704,0,0.01563564460112742,0.9374399999999999,0.2921769512207892
https://www.tokopedia.com/fariz-collection/atasan-kaos-oblong-khas-puncak-bogor-pria-wanita-1729700861608429656?extParam=ivf%3Dfalse%26keyword%3Dbaju+khas+bogor%26search_id%3D2026021109130511B9842E0A271F168GZC%26src%3Dsearch,atasan kaos oblong khas puncak Bogor Pria Wanita,Pakaian & Fashion,Atasan & Pakaian Kasual,35000,13.0,3.0,Fariz collection_NEW,tokopedia,0,atas kaos oblong khas puncak bogor pria wanita,52800.0,88729.0,95094.30746757053,39271.25,92250.0,0.6628787878787878,-0.5650075323207217,10.463131911491967,0,0.00020942773870399135,0.6,0.1801465994170928
https://www.tokopedia.com/fariz-collection/kaos-atasan-kimono-puncak-bogor-combed-1729700886192556120?extParam=ivf%3Dfalse%26keyword%3Dbaju+khas+bogor%26search_id%3D2026021109130511B9842E0A271F168GZC%26src%3Dsearch,kaos atasan kimono puncak Bogor. Combed,Pakaian & Fashion,Atasan & Pakaian Kasual,37000,16.0,2.0,Fariz collection_NEW,tokopedia,0,kaos atas kimono puncak bogor combed,52800.0,88729.0,95094.30746757053,39271.25,92250.0,0.7007575757575758,-0.5439757791773272,10.518700218288165,0,0.0002617846733799892,0.4,0.12018324927136599
https://www.tokopedia.com/fariz-collection/t-shirt-puncak-bogor-oleh-oleh-puncak-bogor-atasan-kaos-1729700863651252312?extParam=ivf%3Dfalse%26keyword%3Dbaju+khas+bogor%26search_id%3D2026021109130511B9842E0A271F168GZC%26src%3Dsearch,t shirt puncak Bogor oleh oleh Puncak Bogor Atasan Kaos,Pakaian & Fashion,Atasan & Pakaian Kasual,33000,21.0,4.5,Fariz collection_NEW,tokopedia,0,t shirt puncak bogor puncak bogor atas kaos,52800.0,88729.0,95094.30746757053,39271.25,92250.0,0.625,-0.5860392854641162,10.404293143019792,0,0.0003490462311733189,0.9,0.2702443323618213
https://www.tokopedia.com/fariz-collection/kaos-anak-oleh-oleh-khas-puncak-bogor-fashion-1729700025178228824?extParam=ivf%3Dfalse%26keyword%3Dbaju+khas+bogor%26search_id%3D2026021109130511B9842E0A271F168GZC%26src%3Dsearch,kaos anak oleh oleh khas puncak Bogor Fashion,Pakaian & Fashion,Pakaian Anak,32500,1.0,4.6872,Fariz collection_NEW,tokopedia,0,kaos anak khas puncak bogor fashion,52800.0,88729.0,95094.30746757053,39271.25,92250.0,0.615530303030303,-0.5912972237499649,10.389026137075234,0,0.0,0.9374399999999999,0.281232
https://www.tokopedia.com/fariz-collection/kaos-puncak-bogor-oleh-oleh-wisata-katun-santai-hitam-atasan-1729700870969985112?extParam=ivf%3Dfalse%26keyword%3Dbaju+khas+bogor%26search_id%3D2026021109130511B9842E0A271F168GZC%26src%3Dsearch,kaos puncak Bogor oleh oleh wisata Katun Santai Hitam Atasan,Pakaian & Fashion,Atasan & Pakaian Kasual,35000,4.0,4.6872,Fariz collection_NEW,tokopedia,0,kaos puncak bogor wisata katun santai hitam atas,52800.0,88729.0,95094.30746757053,39271.25,92250.0,0.6628787878787878,-0.5650075323207217,10.463131911491967,0,5.235693467599784e-05,0.9374399999999999,0.2812686498542732
https://www.tokopedia.com/alva-colektion/tshirt-sovenir-kota-bogor-kaos-oleh-oleh-bogor-kota-hujan-rain-city-unisex-1732908438195766306?extParam=ivf%3Dfalse%26keyword%3Dbaju+khas+bogor%26search_id%3D2026021109130511B9842E0A271F168GZC%26src%3Dsearch,Tshirt Sovenir Kota Bogor Kaos Oleh Oleh Bogor Kota Hujan Rain City Unisex,Pakaian & Fashion,Atasan & Pakaian Kasual,44000,896.9068,4.6872,Alva Colektion,tokopedia,0,tshirt sovenir kota bogor kaos bogor kota hujan rain city unisex,52800.0,88729.0,95094.30746757053,39271.25,92250.0,0.8333333333333334,-0.4703646431754464,10.691967639914864,1,0.01563564460112742,0.9374399999999999,0.2921769512207892
https://www.tokopedia.com/rvsh-storebgr/kaos-bogor-tugu-kujang-kaos-buitenzorg-kaos-bogor-rain-city-tshirt-kaos-bogor-distro-combed-lembut-1729690086615255682?extParam=ivf%3Dfalse%26keyword%3Dbaju+khas+bogor%26search_id%3D2026021109130511B9842E0A271F168GZC%26src%3Dsearch,KAOS BOGOR TUGU KUJANG - KAOS BUITENZORG - KAOS BOGOR RAIN CITY - Tshirt Kaos Bogor Distro Combed Lembut,Pakaian & Fashion,Atasan & Pakaian Kasual,71000,15.0,5.0,Rvsh-store.bgr,tokopedia,1,kaos bogor tugu kujang kaos buitenzorg kaos bogor rain city tshirt kaos bogor distro combed lembut,52800.0,88729.0,95094.30746757053,39271.25,92250.0,1.3446969696969697,-0.1864359757396206,11.170449240431308,1,0.0002443323618213232,1.0,0.30017103265327494
https://www.tokopedia.com/alva-colektion/kaos-bogor-rain-city-kaos-sovenir-pria-wanita-1732576246526084130?extParam=ivf%3Dfalse%26keyword%3Dbaju+khas+bogor%26search_id%3D2026021109130511B9842E0A271F168GZC%26src%3Dsearch,Kaos BOGOR RAIN CITY Kaos Sovenir Pria Wanita,Pakaian & Fashion,Atasan & Pakaian Kasual,44000,12.0,3.0,Alva Colektion,tokopedia,0,kaos bogor rain city kaos sovenir pria wanita,52800.0,88729.0,95094.30746757053,39271.25,92250.0,0.8333333333333334,-0.4703646431754464,10.691967639914864,1,0.0001919754271453254,0.6,0.1801343827990017
https://www.tokopedia.com/fariz-collection/setelan-kaos-wisata-puncak-bogor-lengan-3-4-anak-fashion-1729843652412736600?extParam=ivf%3Dfalse%26keyword%3Dbaju+khas+bogor%26search_id%3D2026021109130511B9842E0A271F168GZC%26src%3Dsearch,setelan kaos wisata puncak Bogor Lengan 3/4 Anak Fashion,Pakaian & Fashion,Pakaian Anak,34000,70.0,5.0,Fariz collection_NEW,tokopedia,1,setel kaos wisata puncak bogor lengan anak fashion,52800.0,88729.0,95094.30746757053,39271.25,92250.0,0.6439393939393939,-0.5755234088924189,10.434145214930487,0,0.0012042094975479502,1.0,0.30084294664828354
https://www.tokopedia.com/bajukuofficialstore/kaos-bogor-rain-city-kaos-sovenir-terbaru-pria-wanita-1732576631690004292?extParam=ivf%3Dfalse%26keyword%3Dbaju+khas+bogor%26search_id%3D2026021109130511B9842E0A271F168GZC%26src%3Dsearch,Kaos BOGOR RAIN CITY Kaos Sovenir Terbaru Pria Wanita,Pakaian & Fashion,Atasan & Pakaian Kasual,49400,1.0,4.6872,Bajuku.OfficialStore,tokopedia,0,kaos bogor rain city kaos sovenir baru pria wanita,52800.0,88729.0,95094.30746757053,39271.25,92250.0,0.9356060606060606,-0.41357890968828126,10.807725945886109,1,0.0,0.9374399999999999,0.281232
https://www.tokopedia.com/bajukuofficialstore/tshirt-sovenir-kota-bogor-kaos-oleh-oleh-bogor-kota-hujan-rain-city-unisex-1732920466917328708?extParam=ivf%3Dfalse%26keyword%3Dbaju+khas+bogor%26search_id%3D2026021109130511B9842E0A271F168GZC%26src%3Dsearch,Tshirt Sovenir Kota Bogor Kaos Oleh Oleh Bogor Kota Hujan Rain City Unisex,Pakaian & Fashion,Atasan & Pakaian Kasual,49400,896.9068,4.6872,Bajuku.OfficialStore,tokopedia,0,tshirt sovenir kota bogor kaos bogor kota hujan rain city unisex,52800.0,88729.0,95094.30746757053,39271.25,92250.0,0.9356060606060606,-0.41357890968828126,10.807725945886109,1,0.01563564460112742,0.9374399999999999,0.2921769512207892
https://www.tokopedia.com/fariz-collection/setelan-kaos-anak-khas-puncak-bogor-polka-dot-fashion-1729700317890185304?extParam=ivf%3Dfalse%26keyword%3Dbaju+khas+bogor%26search_id%3D2026021109130511B9842E0A271F168GZC%26src%3Dsearch,setelan kaos anak khas puncak Bogor Polka Dot Fashion,Pakaian & Fashion,Pakaian Anak,35000,14.0,4.0,Fariz collection_NEW,tokopedia,0,setel kaos anak khas puncak bogor polka dot fashion,52800.0,88729.0,95094.30746757053,39271.25,92250.0,0.6628787878787878,-0.5650075323207217,10.463131911491967,0,0.0002268800502626573,0.8,0.24015881603518385
https://www.tokopedia.com/fariz-collection/kaos-anak-setelan-khas-puncak-bogor-1729699495231457368?extParam=ivf%3Dfalse%26keyword%3Dbaju+khas+bogor%26search_id%3D2026021109130511B9842E0A271F168GZC%26src%3Dsearch,kaos anak setelan khas puncak Bogor,Pakaian & Fashion,Pakaian Anak,33500,2.0,4.6872,Fariz collection_NEW,tokopedia,0,kaos anak setel khas puncak bogor,52800.0,88729.0,95094.30746757053,39271.25,92250.0,0.634469696969697,-0.5807813471782676,10.419330568113901,0,1.7452311558665946e-05,0.9374399999999999,0.28124421661809107
https://www.tokopedia.com/fariz-collection/setelan-kaos-anak-puncak-bogor-fashion-1729699855988000856?extParam=ivf%3Dfalse%26keyword%3Dbaju+khas+bogor%26search_id%3D2026021109130511B9842E0A271F168GZC%26src%3Dsearch,setelan kaos anak Puncak Bogor Fashion,Pakaian & Fashion,Pakaian Anak,33500,12.0,5.0,Fariz collection_NEW,tokopedia,1,setel kaos anak puncak bogor fashion,52800.0,88729.0,95094.30746757053,39271.25,92250.0,0.634469696969697,-0.5807813471782676,10.419330568113901,0,0.0001919754271453254,1.0,0.30013438279900173
https://www.tokopedia.com/fariz-collection/stelan-kaos-anak-puncak-bogor-motif-daun-fashion-1729699501530777688?extParam=ivf%3Dfalse%26keyword%3Dbaju+khas+bogor%26search_id%3D2026021109130511B9842E0A271F168GZC%26src%3Dsearch,stelan kaos anak Puncak Bogor motif daun Fashion,Pakaian & Fashion,Pakaian Anak,33508,11.0,5.0,Fariz collection_NEW,tokopedia,1,stelan kaos anak puncak bogor motif daun fashion,52800.0,88729.0,95094.30746757053,39271.25,92250.0,0.6346212121212121,-0.580697220165694,10.419569338447822,0,0.00017452311558665946,1.0,0.30012216618091064
https://www.tokopedia.com/fariz-collection/setelan-kaos-anak-puncak-bogor-1729700801924466776?extParam=ivf%3Dfalse%26keyword%3Dbaju+khas+bogor%26search_id%3D2026021109130511B9842E0A271F168GZC%26src%3Dsearch,setelan kaos anak puncak Bogor,Pakaian & Fashion,Pakaian Anak,35000,25.0,5.0,Fariz collection_NEW,tokopedia,1,setel kaos anak puncak bogor,52800.0,88729.0,95094.30746757053,39271.25,92250.0,0.6628787878787878,-0.5650075323207217,10.463131911491967,0,0.0004188554774079827,1.0,0.3002931988341856
https://www.tokopedia.com/fariz-collection/kaos-setelan-anak-puncak-bogor-fashion-1729699645592537176?extParam=ivf%3Dfalse%26keyword%3Dbaju+khas+bogor%26search_id%3D2026021109130511B9842E0A271F168GZC%26src%3Dsearch,kaos setelan anak puncak Bogor Fashion,Pakaian & Fashion,Pakaian Anak,34500,13.0,5.0,Fariz collection_NEW,tokopedia,1,kaos setel anak puncak bogor fashion,52800.0,88729.0,95094.30746757053,39271.25,92250.0,0.6534090909090909,-0.5702654706065703,10.448743588106625,0,0.00020942773870399135,1.0,0.30014659941709276
https://www.tokopedia.com/fariz-collection/kaos-setelan-wisata-anak-puncak-bogor-fashion-1729699873249003608?extParam=ivf%3Dfalse%26keyword%3Dbaju+khas+bogor%26search_id%3D2026021109130511B9842E0A271F168GZC%26src%3Dsearch,kaos setelan wisata anak puncak Bogor Fashion,Pakaian & Fashion,Pakaian Anak,30000,11.0,5.0,Fariz collection_NEW,tokopedia,1,kaos setel wisata anak puncak bogor fashion,52800.0,88729.0,95094.30746757053,39271.25,92250.0,0.5681818181818182,-0.6175869151792079,10.308985993422082,0,0.00017452311558665946,1.0,0.30012216618091064
https://www.tokopedia.com/fariz-collection/kaos-setelan-oleh2-puncak-bogor-anak-fashion-1729700007865583704?extParam=ivf%3Dfalse%26keyword%3Dbaju+khas+bogor%26search_id%3D2026021109130511B9842E0A271F168GZC%26src%3Dsearch,kaos setelan oleh2 puncak Bogor Anak Fashion,Pakaian & Fashion,Pakaian Anak,27000,6.0,5.0,Fariz collection_NEW,tokopedia,1,kaos setel puncak bogor anak fashion,52800.0,88729.0,95094.30746757053,39271.25,92250.0,0.5113636363636364,-0.6491345448942997,10.203629181337648,0,8.726155779332973e-05,1.0,0.3000610830904553
https://www.tokopedia.com/fariz-collection/kaos-setelan-oleh2-puncak-bogor-anak-fashion-1729699650073888856?extParam=ivf%3Dfalse%26keyword%3Dbaju+khas+bogor%26search_id%3D2026021109130511B9842E0A271F168GZC%26src%3Dsearch,kaos setelan oleh2 puncak Bogor Anak Fashion,Pakaian & Fashion,Pakaian Anak,34500,9.0,4.8,Fariz collection_NEW,tokopedia,0,kaos setel puncak bogor anak fashion,52800.0,88729.0,95094.30746757053,39271.25,92250.0,0.6534090909090909,-0.5702654706065703,10.448743588106625,0,0.00013961849246932757,0.96,0.2880977329447285
https://www.tokopedia.com/pids1304/cod-tshirt-kaos-bogor-kota-hujan-ga-banjir-1729544250271042142?extParam=ivf%3Dfalse%26keyword%3Dbaju+khas+bogor%26search_id%3D2026021109130511B9842E0A271F168GZC%26src%3Dsearch,COD TSHIRT KAOS BOGOR KOTA HUJAN GA BANJIR,Pakaian & Fashion,Atasan & Pakaian Kasual,64000,80.0,4.6,PIDS1304,tokopedia,0,tshirt kaos bogor kota hujan ga banjir,52800.0,88729.0,95094.30746757053,39271.25,92250.0,1.2121212121212122,-0.26004711174150136,11.06665398721974,1,0.0013787326131346096,0.9199999999999999,0.27696511282919417
https://www.tokopedia.com/mamang-clothing/t-shirt-kaos-bogor-original-brand-local-cotton-combed-24s-kaos-distro-murah-keren-katun-unisex-hitam-baju-pria-crew-neck-cowok-polos-motif-pendek-panjang-dewasa-oblong-putih-atasan-wanita-1729628024475583929?extParam=ivf%3Dfalse%26keyword%3Dbaju+khas+bogor%26search_id%3D2026021109130511B9842E0A271F168GZC%26src%3Dsearch,T-shirt Kaos Bogor Original Brand Local Cotton Combed 24s / Kaos Distro Murah Keren Katun Unisex Hitam Baju Pria Crew Neck Cowok Polos Motif Pendek Panjang  Dewasa Oblong Putih Atasan Wanita,Pakaian & Fashion,Atasan & Pakaian Kasual,84963,100.0,4.9,Mamang Clothing,tokopedia,1,t shirt kaos bogor brand local cotton combed s kaos distro keren katun unisex hitam baju pria crew neck cowok polos motif pendek panjang dewasa oblong putih atas wanita,52800.0,88729.0,95094.30746757053,39271.25,92250.0,1.6091477272727273,-0.03960279116901185,11.349982916346775,1,0.0017277788443079286,0.9800000000000001,0.2952094451910156
https://www.tokopedia.com/dk1522-printing/kaos-baju-pencinta-kopi-liong-baju-bogor?extParam=ivf%3Dfalse%26keyword%3Dbaju+khas+bogor%26search_id%3D2026021109130511B9842E0A271F168GZC%26src%3Dsearch,KAOS BAJU PENCINTA KOPI LIONG . BAJU BOGOR,Pakaian & Fashion,Atasan & Pakaian Kasual,60000,896.9068,4.6872,DK Cloth,tokopedia,0,kaos baju cinta kopi liong baju bogor,52800.0,88729.0,95094.30746757053,39271.25,92250.0,1.1363636363636365,-0.30211061802829037,11.002116507732017,1,0.01563564460112742,0.9374399999999999,0.2921769512207892
https://www.tokopedia.com/warselstore84/jarsey-viking-bogor-pria-bahan-adem-dan-nyaman-enak-untuk-dipakai-baju-cowok-1730525199911323242?extParam=ivf%3Dfalse%26keyword%3Dbaju+khas+bogor%26search_id%3D2026021109130511B9842E0A271F168GZC%26src%3Dsearch,jarsey viking bogor Pria bahan adem dan nyaman enak untuk dipakai Baju Cowok,Pakaian & Fashion,Atasan & Pakaian Kasual,135000,896.9068,4.6872,Warselstore84,tokopedia,0,jarsey viking bogor pria bahan adem nyaman enak untuk pakai baju cowok,52800.0,88729.0,95094.30746757053,39271.25,92250.0,2.5568181818181817,0.4865801248490036,11.813037464800539,2,0.01563564460112742,0.9374399999999999,0.2921769512207892
https://www.tokopedia.com/sablonkaos-id/tshirt-baju-kaos-bogor-belongs-to-me-kaos-persikabo-bogor-1973-hitam-s?extParam=ivf%3Dfalse%26keyword%3Dbaju+khas+bogor%26search_id%3D2026021109130511B9842E0A271F168GZC%26src%3Dsearch,Tshirt Baju Kaos Bogor Belongs to me / Kaos Persikabo Bogor 1973,Pakaian & Fashion,Atasan & Pakaian Kasual,55000,1.0,4.6872,Sablonkaosid,tokopedia,0,tshirt baju kaos bogor belongs to me kaos persikabo bogor,52800.0,88729.0,95094.30746757053,39271.25,92250.0,1.0416666666666667,-0.3546900008867766,10.915106645867503,1,0.0,0.9374399999999999,0.281232
https://www.tokopedia.com/drsstoreid-152/baju-kaos-murah-pria-wanita-baju-casual-football-fans-baju-viking-bogor-leuwiliang-pria-wanita-1729583832780343806?extParam=ivf%3Dfalse%26keyword%3Dbaju+khas+bogor%26search_id%3D2026021109130511B9842E0A271F168GZC%26src%3Dsearch,"baju kaos murah pria wanita, baju casual football fans, baju Viking Bogor Leuwiliang Pria Wanita",Pakaian & Fashion,Atasan & Pakaian Kasual,140000,896.9068,4.6872,DRSStore.ID,tokopedia,0,baju kaos pria wanita baju casual football fans baju viking bogor leuwiliang pria wanita,52800.0,88729.0,95094.30746757053,39271.25,92250.0,2.6515151515151514,0.5391595077074899,11.849404844423074,2,0.01563564460112742,0.9374399999999999,0.2921769512207892
https://www.tokopedia.com/fasion-store-masa-kini/bogor-rain-city-kaos-pakaian-baju-t-shirt-murah-distro-kekinian-keren-kata-kota-lokal-pria-wanita-cod-terlaris-1733746068490389315?extParam=ivf%3Dfalse%26keyword%3Dbaju+khas+bogor%26search_id%3D2026021109130511B9842E0A271F168GZC%26src%3Dsearch,Bogor - Rain City / Kaos / Pakaian / Baju / T-Shirt / Murah / Distro / Kekinian / Keren / Kata / Kota / Lokal / Pria / Wanita / COD / Terlaris,Pakaian & Fashion,Atasan & Pakaian Kasual,51750,1.0,4.6872,FASION STORE MASA KINI,tokopedia,0,bogor rain city kaos pakai baju t shirt distro kini keren kata kota lokal pria wanita,52800.0,88729.0,95094.30746757053,39271.25,92250.0,0.9801136363636364,-0.3888665997447927,10.854199034612414,1,0.0,0.9374399999999999,0.281232
https://www.lazada.co.id/products/pdp-i7272560359.html,Kripik Bawang Khas Bogor 250 Gram,Makanan,Camilan & Snack,25000,1400.0,4.7,berkhstore261,lazada,1,kripik bawang khas bogor,36000.0,42386.53311258278,30340.890453295866,23000.0,52000.0,0.6944444444444444,-0.5730396456012423,10.12667110305036,1,0.024415783870573658,0.9400000000000001,0.29909104870940156
https://www.lazada.co.id/products/pdp-i7333596660.html,KACANG BOGOR JUMBO OVEN OVEN 250 GRAM,Makanan,Camilan & Snack,37500,88.0,4.18,OFFIAL BBQ SNACK,lazada,0,kacang bogor jumbo oven oven,36000.0,42386.53311258278,30340.890453295866,23000.0,52000.0,1.0416666666666667,-0.1610543738030591,10.53212287826962,1,0.0015183511056039373,0.836,0.2518628457739227
https://www.lazada.co.id/products/pdp-i5920950107.html,Kacang Bogor Asli 250 Gram / Kacang Bogor Super / Bogor Asin Gurih ( Kiloan ) LarisSnack,Makanan,Camilan & Snack,14000,424.0,4.5,Larissnack_id,lazada,0,kacang bogor kacang bogor super bogor asin gurih kilo larissnack,36000.0,42386.53311258278,30340.890453295866,23000.0,52000.0,0.3888888888888889,-0.9355866847836436,9.546884034617925,0,0.0073823277893156946,0.9,0.275167629452521
https://www.lazada.co.id/products/pdp-i5920936355.html,Kacang Bogor Super 500Gr,Makanan,Camilan & Snack,29990,193.0,4.2,Larissnack_id,lazada,0,kacang bogor super,36000.0,42386.53311258278,30340.890453295866,23000.0,52000.0,0.8330555555555555,-0.4085751250994076,10.30865261563529,1,0.0033508438192638617,0.8400000000000001,0.2543455906734847
https://www.lazada.co.id/products/pdp-i5264978479.html,"Opak Singkong Mentah (isi 40 pcs) Original, Pedas Asli Bogor - Duo Bocil Snack",Makanan,Camilan & Snack,17000,5500.0,4.8,Duo Bocil Snack,lazada,1,opak singkong mentah isi pedas bogor duo bocil snack,36000.0,42386.53311258278,30340.890453295866,23000.0,52000.0,0.4722222222222222,-0.8367102195520796,9.741027444837728,0,0.09597026126110403,0.96,0.3551791828827728
https://www.lazada.co.id/products/pdp-i6157732870.html,Kacang Bogor 500 Gram,Makanan,Camilan & Snack,82000,1200.0,4.9,Banteng mas snack,lazada,1,kacang bogor,36000.0,42386.53311258278,30340.890453295866,23000.0,52000.0,2.2777777777777777,1.3056131937984732,11.314486721293981,2,0.020925321558840467,0.9800000000000001,0.3086477250911884
https://www.lazada.co.id/products/pdp-i5554604247.html,Lapis Talas Bogor | Kabayan lapis bogor oleh oleh jakarta bogor nusantara brownies kukus bolu talas,Makanan,Kue & Roti,45000,2500.0,4.9,Brownies.id,lazada,1,lapis talas bogor kabayan lapis bogor jakarta bogor nusantara brownies kukus bolu talas,36000.0,42386.53311258278,30340.890453295866,23000.0,52000.0,1.25,0.08613678927585083,10.714439990727769,1,0.0436133265851062,0.9800000000000001,0.3245293286095744
https://www.lazada.co.id/products/pdp-i5917228922.html,Kacang Bogor Super 500Gr / Kacang Bogor Asin Gurih / Kacang Bogor Asli ( Kiloan ) LarisSnack,Makanan,Camilan & Snack,29990,128.0,4.4,Larissnack_id,lazada,0,kacang bogor super kacang bogor asin gurih kacang bogor kilo larissnack,36000.0,42386.53311258278,30340.890453295866,23000.0,52000.0,0.8330555555555555,-0.4085751250994076,10.30865261563529,1,0.0022164435679505753,0.8800000000000001,0.2655515104975654
https://www.lazada.co.id/products/pdp-i1768382560.html,Kacang Bogor 1 kg,Makanan,Camilan & Snack,140000,326.0,4.9,Aneka jajanan,lazada,1,kacang bogor,36000.0,42386.53311258278,30340.890453295866,23000.0,52000.0,3.888888888888889,3.2172248549420432,11.849404844423074,2,0.0056720012565664325,0.9800000000000001,0.29797040087959653
https://www.lazada.co.id/products/pdp-i7346656246.html,KACANG BOGOR ASLI 250GR / KACANG BOGOR SUPER GROSIR SPESIAL (BISA COD),Makanan,Camilan & Snack,45900,14.0,4.0,fresh_snack.com,lazada,0,kacang bogor kacang bogor super grosir spesial bisa,36000.0,42386.53311258278,30340.890453295866,23000.0,52000.0,1.275,0.11579972884532003,10.734242182303689,1,0.0002268800502626573,0.8,0.24015881603518385
https://www.lazada.co.id/products/pdp-i8014606525.html,Talas bogor segar 1 iket (3 bonggol)asli bogor oleh oleh bogor,Makanan,Buah & Bahan Mentah Segar,38000,126.0,4.5,Sultan Bogor,lazada,0,talas bogor segar iket bonggol bogor bogor,36000.0,42386.53311258278,30340.890453295866,23000.0,52000.0,1.0555555555555556,-0.14457496293113178,10.545367754151743,1,0.002181538944833243,0.9,0.2715270772613833
https://www.lazada.co.id/products/pdp-i5581512746.html,"Kopi Cap Teko Toko Agus Tanpa Gula Kopi Legendaris Kota Bogor, Oleh oleh Bogor",Minuman,Kopi,14000,2600.0,4.9,d&d store skincre and groceries,lazada,1,kopi cap teko toko agus tanpa gula kopi legendaris kota bogor bogor,34125.0,37780.642857142855,48393.300293114764,11500.0,44986.75,0.41025641025641024,-0.4914036181269969,9.546884034617925,1,0.04535855774097279,0.9800000000000001,0.325750990418681
https://www.lazada.co.id/products/pdp-i7705464563.html,Lapis Talas Bogor Kabayan - Original | oleh-oleh Nusantara jakarta Bogor brownies kukus,Makanan,Kue & Roti,42000,46.0,4.8,Brownies.id.Tangerang,lazada,0,lapis talas bogor kabayan nusantara jakarta bogor brownies kukus,36000.0,42386.53311258278,30340.890453295866,23000.0,52000.0,1.1666666666666667,-0.012739675955713141,10.645448706505872,1,0.0007853540201399675,0.96,0.288549747814098
https://www.lazada.co.id/products/pdp-i5971902786.html,MSA Snack - KERIPIK TALAS GURIH RENYAH OLEH OLEH BOGOR 150 GRAM,Makanan,Camilan & Snack,14475,162.0,4.7,msastore.id,lazada,0,msa snack keripik talas gurih renyah bogor,36000.0,42386.53311258278,30340.890453295866,23000.0,52000.0,0.40208333333333335,-0.9199312444553126,9.580247384683632,0,0.0028098221609452172,0.9400000000000001,0.2839668755126617
https://www.lazada.co.id/products/pdp-i8205894357.html,Kopi Liong Bulan plus gula 20Pcs Khas oleh oleh Bogor Murah,Minuman,Kopi,11500,74.0,4.1,D'Risska Shop,lazada,0,kopi liong bulan plus gula khas bogor,34125.0,37780.642857142855,48393.300293114764,11500.0,44986.75,0.336996336996337,-0.5430636616631409,9.350189267092581,0,0.001274018743782614,0.82,0.24689181312064779
https://www.lazada.co.id/products/pdp-i6720822669.html,Manisan Asinan Anggur Bogor 250gr,Makanan,Buah & Bahan Mentah Segar,25000,98.0,4.8,Sankrip,lazada,0,manis asin anggur bogor,36000.0,42386.53311258278,30340.890453295866,23000.0,52000.0,0.6944444444444444,-0.5730396456012423,10.12667110305036,1,0.0016928742211905967,0.96,0.28918501195483337
https://www.lazada.co.id/products/pdp-i2396172214.html,Kacang Bogor 500 gram,Makanan,Camilan & Snack,70000,837.0,4.9,Aneka jajanan,lazada,1,kacang bogor,36000.0,42386.53311258278,30340.890453295866,23000.0,52000.0,1.9444444444444444,0.9101073328722172,11.156264806643742,2,0.01459013246304473,0.9800000000000001,0.30421309272413133
https://www.lazada.co.id/products/pdp-i8318774257.html,DODOL KETAN HITAM ASLI (500gr) DODOL BETAWI ASLI BOGOR DODOL MPOK IYEK,Makanan,Camilan & Snack,25000,2800.0,4.8,Dodol Mpok Iyek,lazada,1,dodol ketan hitam dodol betawi bogor dodol mpok iyek,36000.0,42386.53311258278,30340.890453295866,23000.0,52000.0,0.6944444444444444,-0.5730396456012423,10.12667110305036,1,0.04884902005270598,0.96,0.32219431403689414
https://www.lazada.co.id/products/pdp-i7572834825.html,Kopi Piala 250 gram Tanpa Gula kopi khas oleh oleh kota bogor,Minuman,Kopi,33750,51.0,4.9,lookandlike.id,lazada,1,kopi piala tanpa gula kopi khas kota bogor,34125.0,37780.642857142855,48393.300293114764,11500.0,44986.75,0.989010989010989,-0.08328927419145914,10.426765325491356,1,0.0008726155779332972,0.9800000000000001,0.29461083090455337
https://www.lazada.co.id/products/pdp-i6120006556.html,[ BELI 6 GRATIS 1 ]Cemilan Camilan Kue Kering Juara Snack Serba 5000 Grosir Makanan Ringan Bogor Basreng Kacang,Makanan,Kue & Roti,5000,57300.0,4.7,Juara Snack,lazada,1,beli gratis cemilan camil kue kering juara snack serba grosir makan ringan bogor basreng kacang,36000.0,42386.53311258278,30340.890453295866,23000.0,52000.0,0.1388888888888889,-1.2322160804783355,8.517393171418904,0,1.0,0.9400000000000001,0.982
https://www.lazada.co.id/products/pdp-i8311480511.html,kerupuk asoy mentah khas bogor enak mekar renyah & gurih 500 Gr - 1000 Gr,Makanan,Camilan & Snack,21000,220.0,4.9,Nurul Aziz Store,lazada,1,kerupuk asoy mentah khas bogor enak mekar renyah gurih,36000.0,42386.53311258278,30340.890453295866,23000.0,52000.0,0.5833333333333334,-0.704874932576661,9.952325334619427,0,0.003822056231347842,0.9800000000000001,0.2966754393619435
https://www.lazada.co.id/products/pdp-i6561324966.html,Serba 9ribu Gratis Ongkir / Promo Beli 5 Gratis Hadiah / Promo Serba 9ribu Camilan Enak dan Murah MSA Snack Aneka Makanan Ringan Bogor,Makanan,Camilan & Snack,8685,50300.0,4.8,msastore.id,lazada,1,serba ribu gratis ongkir beli gratis hadiah serba ribu camil enak msa snack aneka makan ringan bogor,36000.0,42386.53311258278,30340.890453295866,23000.0,52000.0,0.24125,-1.110762822352231,9.069467813094768,0,0.8778338190893383,0.96,0.9024836733625368
https://www.lazada.co.id/products/pdp-i5831050679.html,talas ketan / talas bogor ungu per pcs,Makanan,Buah & Bahan Mentah Segar,18000,196.0,4.1,toko sayur kita semua,lazada,0,talas ketan talas bogor ungu per,36000.0,42386.53311258278,30340.890453295866,23000.0,52000.0,0.5,-0.8037513978082249,9.798182590890704,0,0.003403200753939859,0.82,0.24838224052775787
https://www.lazada.co.id/products/pdp-i6014766601.html,TALAS KHAS BOGOR ISI 1 IKAT (3 BUAH),Makanan,Buah & Bahan Mentah Segar,64900,124.0,4.7,bolang buah 22,lazada,0,talas khas bogor isi ikat buah,36000.0,42386.53311258278,30340.890453295866,23000.0,52000.0,1.8027777777777778,0.7420173419785585,11.080618310893968,2,0.0021466343217159114,0.9400000000000001,0.28350264402520114
https://www.lazada.co.id/products/pdp-i7221202156.html,Lapis Bogor Sangkuriang Asli,Makanan,Kue & Roti,52999,281.0,4.7,toko talas,lazada,0,lapis bogor sangkuriang,36000.0,42386.53311258278,30340.890453295866,23000.0,52000.0,1.4721944444444444,0.34977440440494423,10.87804719253426,2,0.004886647236426464,0.9400000000000001,0.2854206530654986
https://www.lazada.co.id/products/pdp-i6831124161.html,Sangkuriang jajanan khas oleholeh bogor,Makanan,Kue & Roti,45000,9.0,4.6872,alziirazein10,lazada,0,sangkuriang jajan khas oleholeh bogor,36000.0,42386.53311258278,30340.890453295866,23000.0,52000.0,1.25,0.08613678927585083,10.714439990727769,1,0.00013961849246932757,0.9374399999999999,0.2813297329447285
https://www.lazada.co.id/products/pdp-i8715522261.html,super murah kerupuk mentah/ kerupuk ASOY mentah khas orang bogor,Makanan,Camilan & Snack,13600,896.9068,3.5,radja asin,lazada,0,super kerupuk mentah kerupuk asoy mentah khas orang bogor,36000.0,42386.53311258278,30340.890453295866,23000.0,52000.0,0.37777777777777777,-0.9487702134811854,9.517898598432753,0,0.01563564460112742,0.7,0.2209449512207892
https://www.lazada.co.id/products/pdp-i8284108390.html,DODOL BETAWI KETAN HITAM ASLI (500GR) DODOL BETAWI DODOL MPOK IYEK ENAK GURIH DAN LEZAT BISA COD DODOL ASLI BOGOR DODOL KUE LEBARAN DODOL ACARA PERNIKAHAN,Makanan,Camilan & Snack,17500,1300.0,4.9,Dodol Mpok Iyek,lazada,1,dodol betawi ketan hitam dodol betawi dodol mpok iyek enak gurih lezat bisa dodol bogor dodol kue lebaran dodol acara nikah,36000.0,42386.53311258278,30340.890453295866,23000.0,52000.0,0.4861111111111111,-0.8202308086801523,9.770013301136158,0,0.022670552714707064,0.9800000000000001,0.309869386900295
https://www.lazada.co.id/products/pdp-i1151038416.html,Kacang Bogor 250 gram,Makanan,Camilan & Snack,36000,420.0,4.6872,Aneka jajanan,lazada,0,kacang bogor,36000.0,42386.53311258278,30340.890453295866,23000.0,52000.0,1.0,-0.2104926064188411,10.491301994830229,1,0.007312518543081031,0.9374399999999999,0.2863507629801567
https://www.lazada.co.id/products/pdp-i7965242438.html,TERLARIS Jambu biji khas bogor,Makanan,Buah & Bahan Mentah Segar,9700,896.9068,4.8,Shop_Nugraha,lazada,1,jambu biji khas bogor,36000.0,42386.53311258278,30340.890453295866,23000.0,52000.0,0.26944444444444443,-1.0773096182822186,9.179984251961283,0,0.01563564460112742,0.96,0.2989449512207892
https://www.lazada.co.id/products/pdp-i8331968689.html,DODOL KETAN HITAM ASLI 500gr DODOL BETAWI DODOL MPOK IYEK ENAK GURIH DAN LEZAT BISA COD DODOL ASLI BOGOR DODOL KUE LEBARAN DODOL ACARA PERNIKAHAN,Makanan,Kue & Roti,25000,123.0,4.7,Dodol Mpok Iyek,lazada,0,dodol ketan hitam dodol betawi dodol mpok iyek enak gurih lezat bisa dodol bogor dodol kue lebaran dodol acara nikah,36000.0,42386.53311258278,30340.890453295866,23000.0,52000.0,0.6944444444444444,-0.5730396456012423,10.12667110305036,1,0.002129182010157245,0.9400000000000001,0.2834904274071101
https://www.lazada.co.id/products/pdp-i8014638234.html,Talas bogor fresh 3 1iket asli bogor oleh oleh bogor,Makanan,Buah & Bahan Mentah Segar,38000,43.0,4.8,lapak ry,lazada,0,talas bogor fresh iket bogor bogor,36000.0,42386.53311258278,30340.890453295866,23000.0,52000.0,1.0555555555555556,-0.14457496293113178,10.545367754151743,1,0.0007329970854639697,0.96,0.28851309795982477
https://www.lazada.co.id/products/pdp-i4800836097.html,Dodol  Original Ketan Hitam 1kg Asli Bogor,Makanan,Camilan & Snack,50000,137.0,4.0,Recok setore,lazada,0,dodol ketan hitam bogor,36000.0,42386.53311258278,30340.890453295866,23000.0,52000.0,1.3888888888888888,0.25093089799512414,10.819798284210286,1,0.0023735143719785684,0.8,0.241661460060385
https://www.lazada.co.id/products/pdp-i8712982943.html,kacang Bogor/kacang koro kupas rasa asin gurih,Makanan,Camilan & Snack,12000,896.9068,4.3,Mumun Snack,lazada,0,kacang bogor kacang koro kupas rasa asin gurih,36000.0,42386.53311258278,30340.890453295866,23000.0,52000.0,0.3333333333333333,-1.001504328271353,9.392745258631441,0,0.01563564460112742,0.86,0.2689449512207892
https://www.lazada.co.id/products/pdp-i7324748573.html,Kacang Bogor Super Asli 1 Kg,Makanan,Camilan & Snack,149000,17.0,4.7,BBQ Snack,lazada,0,kacang bogor super,36000.0,42386.53311258278,30340.890453295866,23000.0,52000.0,4.138888888888889,3.513854250636735,11.91170829631447,2,0.00027923698493865514,0.9400000000000001,0.2821954658894571
https://www.lazada.co.id/products/pdp-i353150772.html,RAMADHAN PROMO!! Kerupuk Mie Bogor Wayang Emas 88 (mentah 200 gr),Makanan,Camilan & Snack,13000,204.0,4.7,wayang emas 88,lazada,0,ramadhan kerupuk mie bogor wayang emas mentah,36000.0,42386.53311258278,30340.890453295866,23000.0,52000.0,0.3611111111111111,-0.9685455065274983,9.472781556562168,0,0.003542819246409187,0.9400000000000001,0.28447997347248644
https://www.lazada.co.id/products/pdp-i8133276556.html,Manisan Anggur Bogor Asam Manis,Makanan,Buah & Bahan Mentah Segar,23000,12.0,4.0,Snack gyan16,lazada,0,manis anggur bogor asam manis,36000.0,42386.53311258278,30340.890453295866,23000.0,52000.0,0.6388888888888888,-0.6389572890889517,10.043292972227004,0,0.0001919754271453254,0.8,0.2401343827990017
https://www.lazada.co.id/products/pdp-i7749154078.html,basreng pedas daun jeruk khas bogor,Makanan,Camilan & Snack,18500,896.9068,4.6872,camilanBogorno1,lazada,0,basreng pedas daun jeruk khas bogor,36000.0,42386.53311258278,30340.890453295866,23000.0,52000.0,0.5138888888888888,-0.7872719869362976,9.825580063659602,0,0.01563564460112742,0.9374399999999999,0.2921769512207892
https://www.lazada.co.id/products/pdp-i8377298765.html,Kacang Bogor Gurih Asin  Renyah,Makanan,Camilan & Snack,85000,896.9068,4.6872,Snack gyan16,lazada,0,kacang bogor gurih asin renyah,36000.0,42386.53311258278,30340.890453295866,23000.0,52000.0,2.361111111111111,1.404489659030037,11.350418300109132,2,0.01563564460112742,0.9374399999999999,0.2921769512207892
https://www.lazada.co.id/products/pdp-i8366390491.html,COD kerupuk  mentah murah/ jual kerupuk mentah ASOY khas orang bogor,Makanan,Camilan & Snack,18000,896.9068,4.6872,radja asin,lazada,0,kerupuk mentah jual kerupuk mentah asoy khas orang bogor,36000.0,42386.53311258278,30340.890453295866,23000.0,52000.0,0.5,-0.8037513978082249,9.798182590890704,0,0.01563564460112742,0.9374399999999999,0.2921769512207892
https://shopee.co.id/Lapis-Talas-Bogor-Haturnuhun-Oleholeh-Lembang-Bandung-i.1054517505.16995696623?extraParams=%7B%22display_model_id%22%3A186959528567%2C%22model_selection_logic%22%3A2%7D&sp_atk=665c912e-69d6-4970-bf38-95d9437ab507&xptdk=665c912e-69d6-4970-bf38-95d9437ab507,Lapis Talas Bogor Haturnuhun | Oleholeh Lembang Bandung,Makanan,Kue & Roti,37000,1000.0,4.9,Haturnuhun,shopee,1,lapis talas bogor haturnuhun oleholeh lembang bandung,36000.0,42386.53311258278,30340.890453295866,23000.0,52000.0,1.0277777777777777,-0.17753378467498643,10.518700218288165,1,0.01743485924710728,0.9800000000000001,0.3062044014729751
https://shopee.co.id/COKLAT-I-LOVE-BOGOR-COKLAT-CHOCODOT-ASLI-GARUT-MILK-COKLAT-DARK-COKLAT-40GRAM-i.160134502.25853184568?extraParams=%7B%22display_model_id%22%3A214806806336%2C%22model_selection_logic%22%3A2%7D&sp_atk=64151c9a-4e59-4e4b-91db-7d94013d74f0&xptdk=64151c9a-4e59-4e4b-91db-7d94013d74f0,COKLAT I LOVE BOGOR - COKLAT CHOCODOT ASLI GARUT - MILK COKLAT & DARK COKLAT 40GRAM,Makanan,Camilan & Snack,17499,139.0,4.8,Chocodot,shopee,0,coklat i love bogor coklat chocodot garut milk coklat dark coklat,36000.0,42386.53311258278,30340.890453295866,23000.0,52000.0,0.4860833333333333,-0.8202637675018961,9.769956159911606,0,0.0024084189950959005,0.96,0.28968589329656713
https://shopee.co.id/Golden-Cakery-Keripik-Stik-TALAS-KUNING-Talas-Bogor-i.190494147.5347703868?extraParams=%7B%22display_model_id%22%3A243186718133%2C%22model_selection_logic%22%3A2%7D&sp_atk=d78f0a43-7721-4af2-92fa-494e3ae75b06&xptdk=d78f0a43-7721-4af2-92fa-494e3ae75b06,Golden Cakery | Keripik Stik TALAS KUNING / Talas Bogor,Makanan,Kue & Roti,16106,2000.0,4.9,Golden Cakery,shopee,1,golden cakery keripik stik talas kuning talas bogor,36000.0,42386.53311258278,30340.890453295866,23000.0,52000.0,0.4473888888888889,-0.8661754061910857,9.68700923909068,0,0.03488717080577323,0.9800000000000001,0.3184210195640413
https://shopee.co.id/OLEH-OLEH-KHAS-KOTA-BOGOR-JAWA-BARAT-PROMO-GANTUNGAN-KUNCI-BULAT-LINGKARAN-BAHAN-PLASTIK-GAMBAR-1-SISI-UKURAN-44-MM-4-4-CM-BELAKANG-PUTIH-BERSIH-RING-STAINLESS-KOKOH-KUAT-UNTUK-TAS-PINTU-MOTOR-MOBIL-DLL-DESAIN-DICETAK-WARNA-JELAS-BUKAN-CUSTOM-i.153622983.25152531831?extraParams=%7B%22display_model_id%22%3A147459341305%2C%22model_selection_logic%22%3A2%7D&sp_atk=5d193c48-407d-430f-b838-96f7185f4619&xptdk=5d193c48-407d-430f-b838-96f7185f4619,"OLEH-OLEH KHAS KOTA BOGOR JAWA BARAT | PROMO GANTUNGAN KUNCI BULAT LINGKARAN | BAHAN PLASTIK GAMBAR 1 SISI UKURAN 44 MM/4,4 CM BELAKANG PUTIH BERSIH | RING STAINLESS KOKOH & KUAT UNTUK TAS PINTU MOTOR MOBIL DLL | DESAIN DICETAK WARNA JELAS | BUKAN CUSTOM",Aksesoris & Souvenir,Aksesoris & Souvenir,1990,2000.0,4.9,Toko Souvenir Bogor,shopee,1,khas kota bogor jawa barat gantung kunci bulat lingkar bahan plastik gambar sisi ukur mm cm belakang putih bersih ring stainless kokoh kuat untuk tas pintu motor mobil dll desain cetak warna jelas bukan custom,20000.0,16701.8,13083.1942277106,3920.0,27999.0,0.0995,-1.1244807455995693,7.596392304064196,0,0.03488717080577323,0.9800000000000001,0.3184210195640413
https://shopee.co.id/Keripik-Pisang-Lumer-Sang-Cau-Bogor-i.1011341824.23469911709?extraParams=%7B%22display_model_id%22%3A177724561072%2C%22model_selection_logic%22%3A2%7D&sp_atk=ef77b179-c9a3-4484-bec1-26f104bb812f&xptdk=ef77b179-c9a3-4484-bec1-26f104bb812f,Keripik Pisang Lumer Sang Cau Bogor,Makanan,Camilan & Snack,13672,10000.0,4.8,Sang Cau Bogor,shopee,1,keripik pisang lumer sang cau bogor,36000.0,42386.53311258278,30340.890453295866,23000.0,52000.0,0.37977777777777777,-0.9463971783156279,9.523178364309082,0,0.17450566327510078,0.96,0.4101539642925705
https://shopee.co.id/Bolu-Lembang-Dan-Lapis-Tales-Bogor-Identik-Kuning-Kuning-22-i.295785998.28816384778?extraParams=%7B%22display_model_id%22%3A139124620355%2C%22model_selection_logic%22%3A2%7D&sp_atk=69e9d9eb-a02a-46e7-935e-f753b8ef334b&xptdk=69e9d9eb-a02a-46e7-935e-f753b8ef334b,Bolu Lembang Dan Lapis Tales Bogor Identik Kuning Kuning 22,Makanan,Kue & Roti,32000,886.0,4.9,Identik Kuning Kuning 22,shopee,1,bolu lembang lapis tales bogor identik kuning kuning,36000.0,42386.53311258278,30340.890453295866,23000.0,52000.0,0.8888888888888888,-0.34232789339425973,10.373522431293592,1,0.015445295729419361,0.9800000000000001,0.30481170701059357
https://shopee.co.id/Keripik-Talas-Kripik-Tales-Bogor-Gurih-Renyah-250-Gram-Molagi-Snack-i.1096980704.25550710711?extraParams=%7B%22display_model_id%22%3A194742576939%2C%22model_selection_logic%22%3A2%7D&sp_atk=f3bca731-d1f3-4a02-9a83-32cdf9dfc289&xptdk=f3bca731-d1f3-4a02-9a83-32cdf9dfc289,Keripik Talas / Kripik Tales Bogor Gurih Renyah 250 Gram - Molagi Snack,Makanan,Camilan & Snack,19000,1000.0,4.7,Molagi Snack,shopee,1,keripik talas kripik tales bogor gurih renyah molagi snack,36000.0,42386.53311258278,30340.890453295866,23000.0,52000.0,0.5277777777777778,-0.7707925760643702,9.852246888342531,0,0.01743485924710728,0.9400000000000001,0.2942044014729751
https://shopee.co.id/Keripik-Bayam-Asli-Bogor-Gurih-Original-Cemilan-Murah-Snack-NyokotChips-160gr-OLEH-OLEH-ASLI-BOGOR-TERMURAH-i.222220053.3664733253?extraParams=%7B%22display_model_id%22%3A41939968659%2C%22model_selection_logic%22%3A2%7D&sp_atk=d991028e-de37-45fc-af7c-36273ee269ae&xptdk=d991028e-de37-45fc-af7c-36273ee269ae,Keripik Bayam Asli Bogor Gurih Original | Cemilan Murah | Snack | NyokotChips |160gr| OLEH OLEH ASLI BOGOR TERMURAH,Makanan,Camilan & Snack,18000,450.0,4.9,NyokotChips,shopee,1,keripik bayam bogor gurih cemilan snack nyokotchips bogor murah,36000.0,42386.53311258278,30340.890453295866,23000.0,52000.0,0.5,-0.8037513978082249,9.798182590890704,0,0.00783608788984101,0.9800000000000001,0.29948526152288873
https://shopee.co.id/Lapis-Talas-Bogor-Kabayan-oleh-oleh-bogor-jakarta-nusantara-brownies-kukus-visit-bogor-Pesta-Arisan-meeting-hadiah-i.397545349.5982014711?extraParams=%7B%22display_model_id%22%3A122371632221%2C%22model_selection_logic%22%3A2%7D&sp_atk=f1cfa362-e577-4688-b517-7a0edeb688db&xptdk=f1cfa362-e577-4688-b517-7a0edeb688db,Lapis Talas Bogor Kabayan | oleh-oleh bogor jakarta nusantara brownies kukus visit bogor | Pesta Arisan meeting hadiah,Makanan,Kue & Roti,45000,10000.0,4.9,Lapis Bogor Kabayan,shopee,1,lapis talas bogor kabayan bogor jakarta nusantara brownies kukus visit bogor pesta arisan meeting hadiah,36000.0,42386.53311258278,30340.890453295866,23000.0,52000.0,1.25,0.08613678927585083,10.714439990727769,1,0.17450566327510078,0.9800000000000001,0.41615396429257057
https://shopee.co.id/Lapis-Bogor-Sangkuriang-Mini-pack-(250-gr)-i.433543929.27253811507?extraParams=%7B%22display_model_id%22%3A236484437608%2C%22model_selection_logic%22%3A2%7D&sp_atk=3a6036d1-d431-438e-a621-351d9b7dc649&xptdk=3a6036d1-d431-438e-a621-351d9b7dc649,Lapis Bogor Sangkuriang - Mini pack (250 gr),Makanan,Kue & Roti,33000,560.0,4.9,Lapis Bogor Sangkuriang,shopee,1,lapis bogor sangkuriang mini pack,36000.0,42386.53311258278,30340.890453295866,23000.0,52000.0,0.9166666666666666,-0.30936907165040506,10.404293143019792,1,0.009755842161294263,0.9800000000000001,0.30082908951290604
https://shopee.co.id/Lapis-Talas-Bogor-Yasmin-Keik-360-Gram-i.1392392340.29016694093?extraParams=%7B%22display_model_id%22%3A256963213378%2C%22model_selection_logic%22%3A2%7D&sp_atk=89b386df-9f40-4d63-9ba9-d0aea651c98c&xptdk=89b386df-9f40-4d63-9ba9-d0aea651c98c,Lapis Talas Bogor Yasmin Keik 360 Gram,Makanan,Kue & Roti,31500,33.0,4.8,Yasmin Keik,shopee,0,lapis talas bogor yasmin keik,36000.0,42386.53311258278,30340.890453295866,23000.0,52000.0,0.875,-0.35880730426618707,10.357774570341576,1,0.0005584739698773103,0.96,0.2883909317789141
https://shopee.co.id/Lapis-Bogor-Sangkuriang-Original-Reguler-Pack-(500gr)-Oleh-oleh-Khas-Bogor-i.237534970.5427734641?extraParams=%7B%22display_model_id%22%3A22379074371%2C%22model_selection_logic%22%3A3%7D&sp_atk=200ca6fa-6434-4f65-80da-4ae84f582465&xptdk=200ca6fa-6434-4f65-80da-4ae84f582465,Lapis Bogor Sangkuriang Original - Reguler Pack (500gr) - Oleh-oleh Khas Bogor,Makanan,Kue & Roti,53000,8000.0,4.7,Lapis Bogor Sangkuriang,shopee,1,lapis bogor sangkuriang reguler pack khas bogor,36000.0,42386.53311258278,30340.890453295866,23000.0,52000.0,1.4722222222222223,0.3498073632266881,10.87806606028079,2,0.1396010401577689,0.9400000000000001,0.3797207281104382
https://shopee.co.id/KERIPIK-STIK-TALAS-KERIPIK-TALAS-BOGOR-KERIPIK-TALES-ASIN-i.1009352648.22587146371?extraParams=%7B%22display_model_id%22%3A214774271877%2C%22model_selection_logic%22%3A2%7D&sp_atk=dd99161e-b6f5-44d9-8ad3-f782f2d4b7e2&xptdk=dd99161e-b6f5-44d9-8ad3-f782f2d4b7e2,KERIPIK STIK TALAS KERIPIK TALAS BOGOR  KERIPIK TALES ASIN,Makanan,Camilan & Snack,13600,2000.0,4.7,Toko Keripik Talas,shopee,1,keripik stik talas keripik talas bogor keripik tales asin,36000.0,42386.53311258278,30340.890453295866,23000.0,52000.0,0.37777777777777777,-0.9487702134811854,9.517898598432753,0,0.03488717080577323,0.9400000000000001,0.3064210195640413
https://shopee.co.id/Keripik-Stik-Talas-250Gr-Keripik-Bogor-Stick-tales-i.377795843.10880881354?extraParams=%7B%22display_model_id%22%3A38215651750%2C%22model_selection_logic%22%3A2%7D&sp_atk=ba6d94ee-aad1-4b7a-b93f-1c15020d9052&xptdk=ba6d94ee-aad1-4b7a-b93f-1c15020d9052,Keripik Stik Talas - 250Gr Keripik Bogor Stick tales,Makanan,Camilan & Snack,23760,10000.0,4.8,Toko Keripik Talas,shopee,1,keripik stik talas keripik bogor stick tales,36000.0,42386.53311258278,30340.890453295866,23000.0,52000.0,0.66,-0.6139085845636221,10.075800860133013,1,0.17450566327510078,0.96,0.4101539642925705
https://shopee.co.id/TOTEBAG-OLEH-OLEH-BOGOR-BANYAK-VARIAN-GAMBAR-i.45109799.17797944430?extraParams=%7B%22display_model_id%22%3A127623233098%2C%22model_selection_logic%22%3A2%7D&sp_atk=256f0331-25f6-411b-bd3b-52943fb1ba67&xptdk=256f0331-25f6-411b-bd3b-52943fb1ba67,TOTEBAG - OLEH OLEH BOGOR BANYAK VARIAN GAMBAR,Aksesoris & Souvenir,Aksesoris & Souvenir,29600,111.0,4.6,Toko Souvenir Bogor,shopee,0,totebag bogor banyak varian gambar,20000.0,16701.8,13083.1942277106,3920.0,27999.0,1.48,0.985860163466902,10.295563423525277,2,0.001919754271453254,0.9199999999999999,0.2773438279900172
https://shopee.co.id/Lapis-Bogor-Sangkuriang-Original-Mini-Pack-(250gr)-Oleh-oleh-Khas-Bogor-i.237534970.7459323383?extraParams=%7B%22display_model_id%22%3A61541810302%2C%22model_selection_logic%22%3A2%7D&sp_atk=309a5856-151b-431f-9998-274d3724b384&xptdk=309a5856-151b-431f-9998-274d3724b384,Lapis Bogor Sangkuriang Original - Mini Pack (250gr) - Oleh-oleh Khas Bogor,Makanan,Kue & Roti,29000,2000.0,4.8,Lapis Bogor Sangkuriang,shopee,1,lapis bogor sangkuriang mini pack khas bogor,36000.0,42386.53311258278,30340.890453295866,23000.0,52000.0,0.8055555555555556,-0.4412043586258237,10.275085591132715,1,0.03488717080577323,0.96,0.3124210195640412
https://shopee.co.id/Paket-Hemat-3-box-Lapis-Bogor-Sangkuriang-(500-gr)-Mix-rasa-FREE-SPOUNBOUN-SANGKURIANG-i.433543929.29460851122?extraParams=%7B%22display_model_id%22%3A207796263137%2C%22model_selection_logic%22%3A3%7D&sp_atk=ed30ed2f-f51f-4b80-b009-196bcc24045d&xptdk=ed30ed2f-f51f-4b80-b009-196bcc24045d,Paket Hemat 3 box Lapis Bogor Sangkuriang (500 gr) Mix rasa+FREE SPOUNBOUN SANGKURIANG,Makanan,Kue & Roti,158000,468.0,4.9,Lapis Bogor Sangkuriang,shopee,1,paket hemat box lapis bogor sangkuriang mix rasa free spounboun sangkuriang,36000.0,42386.53311258278,30340.890453295866,23000.0,52000.0,4.388888888888889,3.810483646331427,11.970356641102999,2,0.008150229497896996,0.9800000000000001,0.2997051606485279
https://shopee.co.id/Souvenir-gantungan-kunci-oleh-oleh-bogor-i.141895738.7415370894?extraParams=%7B%22display_model_id%22%3A71163978779%2C%22model_selection_logic%22%3A2%7D&sp_atk=c0f255a7-93ce-4e7b-9a97-b3733e3ddddb&xptdk=c0f255a7-93ce-4e7b-9a97-b3733e3ddddb,Souvenir gantungan kunci oleh oleh bogor,Aksesoris & Souvenir,Aksesoris & Souvenir,3920,364.0,4.6,Toko Souvenir Bogor,shopee,0,souvenir gantung kunci bogor,20000.0,16701.8,13083.1942277106,3920.0,27999.0,0.196,-0.9769632535858682,8.27410200229233,0,0.006335189095795738,0.9199999999999999,0.28043463236705696
https://shopee.co.id/Lapis-Bogor-Sangkuriang-Talas-Keju-Lembut-i.433543929.25919102145?extraParams=%7B%22display_model_id%22%3A217374913431%2C%22model_selection_logic%22%3A3%7D&sp_atk=1e3ff318-6544-45e0-bd31-8745e07b8ab6&xptdk=1e3ff318-6544-45e0-bd31-8745e07b8ab6,Lapis Bogor Sangkuriang Talas Keju Lembut,Makanan,Kue & Roti,51000,2000.0,5.0,Lapis Bogor Sangkuriang,shopee,1,lapis bogor sangkuriang talas keju lembut,36000.0,42386.53311258278,30340.890453295866,23000.0,52000.0,1.4166666666666667,0.2838897197389788,10.839600519357369,1,0.03488717080577323,1.0,0.32442101956404124
https://shopee.co.id/Lapis-Talas-Bogor-Haturnuhun-Oleholeh-Lembang-Bandung-i.1019470903.23271526807?extraParams=%7B%22display_model_id%22%3A184379752858%2C%22model_selection_logic%22%3A2%7D&sp_atk=d90484bf-496e-4cee-97f2-a5595f483eec&xptdk=d90484bf-496e-4cee-97f2-a5595f483eec,Lapis Talas Bogor Haturnuhun | Oleholeh Lembang Bandung,Makanan,Kue & Roti,37000,1000.0,4.9,Haturnuhun,shopee,1,lapis talas bogor haturnuhun oleholeh lembang bandung,36000.0,42386.53311258278,30340.890453295866,23000.0,52000.0,1.0277777777777777,-0.17753378467498643,10.518700218288165,1,0.01743485924710728,0.9800000000000001,0.3062044014729751
https://shopee.co.id/Blackforest-Sangkuriang-Lapis-Talas-Bogor-Sangkuriang-Lapis-Talas-Sangkuriang-i.1526282971.27484762890?extraParams=%7B%22display_model_id%22%3A198465733960%2C%22model_selection_logic%22%3A2%7D&sp_atk=a660df9d-5ffb-4096-aa3d-722f459a0951&xptdk=a660df9d-5ffb-4096-aa3d-722f459a0951,Blackforest Sangkuriang | Lapis Talas Bogor Sangkuriang | Lapis Talas Sangkuriang,Makanan,Kue & Roti,42000,96.0,5.0,Lapis Bogor Sangkuriang,shopee,1,blackforest sangkuriang lapis talas bogor sangkuriang lapis talas sangkuriang,36000.0,42386.53311258278,30340.890453295866,23000.0,52000.0,1.1666666666666667,-0.012739675955713141,10.645448706505872,1,0.0016579695980732648,1.0,0.30116057871865126
https://shopee.co.id/ALL-VARIANT-Lapis-Talas-Bogor-Sangkuriang-Lapis-Talas-Bogor-Sangkuriang-Lapis-Talas-Sangkuriang-Oleholeh-Bogor-DIRIM-BARU-DAN-FRESH-i.1609934052.28090359278?extraParams=%7B%22display_model_id%22%3A198660489234%2C%22model_selection_logic%22%3A2%7D&sp_atk=df691162-6706-46f8-8e29-649ee8b9bbbe&xptdk=df691162-6706-46f8-8e29-649ee8b9bbbe,ALL VARIANT Lapis Talas Bogor Sangkuriang | Lapis Talas Bogor Sangkuriang | Lapis Talas Sangkuriang | Oleholeh Bogor | DIRIM BARU DAN FRESH,Makanan,Kue & Roti,40000,52.0,4.6,Lapis Bogor Sangkuriang,shopee,0,all variant lapis talas bogor sangkuriang lapis talas bogor sangkuriang lapis talas sangkuriang oleholeh bogor rim baru fresh,36000.0,42386.53311258278,30340.890453295866,23000.0,52000.0,1.1111111111111112,-0.07865731944342245,10.596659732783579,1,0.0008900678894919632,0.9199999999999999,0.2766230475226443
https://shopee.co.id/Lapis-Bogor-Sangkuriang-Chocovila-Oreo-Reguler-Pack-(500gr)-Oleh-oleh-Khas-Bogor-i.237534970.7627729902?extraParams=%7B%22display_model_id%22%3A21773263815%2C%22model_selection_logic%22%3A3%7D&sp_atk=712eb24f-b5d6-4533-81db-531abbfbb763&xptdk=712eb24f-b5d6-4533-81db-531abbfbb763,Lapis Bogor Sangkuriang Chocovila Oreo - Reguler Pack (500gr) - Oleh-oleh Khas Bogor,Makanan,Kue & Roti,53000,2000.0,4.8,Lapis Bogor Sangkuriang,shopee,1,lapis bogor sangkuriang chocovila oreo reguler pack khas bogor,36000.0,42386.53311258278,30340.890453295866,23000.0,52000.0,1.4722222222222223,0.3498073632266881,10.87806606028079,2,0.03488717080577323,0.96,0.3124210195640412
https://shopee.co.id/Lapis-Talas-Bogor-Sangkuriang-i.397811192.9521365393?extraParams=%7B%22display_model_id%22%3A73962138447%2C%22model_selection_logic%22%3A2%7D&sp_atk=56841171-47c4-4b5d-aaea-b39bbe6b29b3&xptdk=56841171-47c4-4b5d-aaea-b39bbe6b29b3,Lapis Talas Bogor Sangkuriang,Makanan,Kue & Roti,44000,3000.0,4.9,Lapis Bogor Sangkuriang,shopee,1,lapis talas bogor sangkuriang,36000.0,42386.53311258278,30340.890453295866,23000.0,52000.0,1.2222222222222223,0.053177967531996176,10.691967639914864,1,0.05233948236443917,0.9800000000000001,0.33063763765510745
https://shopee.co.id/Keripik-Stik-TALAS-KUNING-Oleh-oleh-khas-Bogor-i.621221248.15058252828?extraParams=%7B%22display_model_id%22%3A128322474084%2C%22model_selection_logic%22%3A2%7D&sp_atk=6a8c54e0-945a-4ec4-a54f-521558d704f9&xptdk=6a8c54e0-945a-4ec4-a54f-521558d704f9,Keripik Stik TALAS KUNING | Oleh-oleh khas Bogor,Makanan,Camilan & Snack,24500,813.0,4.9,Toko Oleh-oleh Bogor,shopee,1,keripik stik talas kuning khas bogor,36000.0,42386.53311258278,30340.890453295866,23000.0,52000.0,0.6805555555555556,-0.5895190564731697,10.106469212026385,1,0.014171276985636748,0.9800000000000001,0.3039198938899458
https://shopee.co.id/Kacang-Bogor-Oleh-Oleh-Khas-Bogor-Gurih-dan-Renyah-i.405899.8686869776?extraParams=%7B%22display_model_id%22%3A94008580392%2C%22model_selection_logic%22%3A2%7D&sp_atk=080d72c0-f791-419e-ade5-21c5ae17ede1&xptdk=080d72c0-f791-419e-ade5-21c5ae17ede1,Kacang Bogor Oleh-Oleh Khas Bogor Gurih dan Renyah,Makanan,Camilan & Snack,26900,275.0,5.0,Toko Oleh-oleh Bogor,shopee,1,kacang bogor khas bogor gurih renyah,36000.0,42386.53311258278,30340.890453295866,23000.0,52000.0,0.7472222222222222,-0.5104178842879185,10.199918739620157,1,0.004781933367074469,1.0,0.3033473533569521
https://shopee.co.id/Lapis-Talas-Bogor-Kabayan-oleh-oleh-bogor-jakarta-nusantara-brownies-kukus-visit-Bogor-pesta-arisan-i.1060100218.23352610820?extraParams=%7B%22display_model_id%22%3A88772145749%2C%22model_selection_logic%22%3A2%7D&sp_atk=8d56fcaa-aaea-4377-806f-30f52b44560e&xptdk=8d56fcaa-aaea-4377-806f-30f52b44560e,Lapis Talas Bogor Kabayan | oleh oleh bogor jakarta nusantara brownies kukus visit Bogor pesta arisan,Makanan,Kue & Roti,45000,203.0,5.0,Lapis Bogor Kabayan,shopee,1,lapis talas bogor kabayan bogor jakarta nusantara brownies kukus visit bogor pesta arisan,36000.0,42386.53311258278,30340.890453295866,23000.0,52000.0,1.25,0.08613678927585083,10.714439990727769,1,0.003525366934850521,1.0,0.30246775685439536
https://shopee.co.id/Pie-Susu-Bogor-Rasa-Coklat-350-g-By-Yasmin-Keik-i.1206159334.26415463476?extraParams=%7B%22display_model_id%22%3A158851444580%2C%22model_selection_logic%22%3A2%7D&sp_atk=7cff3ff7-364d-4e70-8e2b-8e8fcd4f577b&xptdk=7cff3ff7-364d-4e70-8e2b-8e8fcd4f577b,Pie Susu Bogor Rasa Coklat 350 g By Yasmin Keik,Minuman,Kue & Roti,31000,194.0,4.7,Yasmin Keik,shopee,0,pie susu bogor rasa coklat g by yasmin keik,34125.0,37780.642857142855,48393.300293114764,11500.0,44986.75,0.9084249084249084,-0.14011532208121755,10.34177474101152,1,0.0033682961308225275,0.9400000000000001,0.2843578072915758
https://shopee.co.id/Chiffon-Talas-Keju-Lapis-Bogor-Sangkuriang-Oleh-Oleh-Jakarta-i.1526282971.54101036494?extraParams=%7B%22display_model_id%22%3A430093790631%2C%22model_selection_logic%22%3A2%7D&sp_atk=134b6c31-6b49-4ad2-8fd5-65aa3440e8ca&xptdk=134b6c31-6b49-4ad2-8fd5-65aa3440e8ca,Chiffon Talas Keju Lapis Bogor Sangkuriang Oleh-Oleh Jakarta,Makanan,Kue & Roti,38000,36.0,4.9,Lapis Bogor Sangkuriang,shopee,1,chiffon talas keju lapis bogor sangkuriang jakarta,36000.0,42386.53311258278,30340.890453295866,23000.0,52000.0,1.0555555555555556,-0.14457496293113178,10.545367754151743,1,0.000610830904553308,0.9800000000000001,0.29442758163318733
https://shopee.co.id/Keripik-Pisang-Coklat-Aburasa-Oleh-Oleh-Khas-Bogor-i.88033266.27012037809?extraParams=%7B%22display_model_id%22%3A187826317425%2C%22model_selection_logic%22%3A2%7D&sp_atk=cc7e9452-0c10-4d77-ba1f-e13b9019405b&xptdk=cc7e9452-0c10-4d77-ba1f-e13b9019405b,Keripik Pisang Coklat Aburasa Oleh Oleh Khas Bogor,Makanan,Camilan & Snack,25600,10.0,5.0,Aburasa,shopee,1,keripik pisang coklat aburasa khas bogor,36000.0,42386.53311258278,30340.890453295866,23000.0,52000.0,0.7111111111111111,-0.5532643525549296,10.150386692204734,1,0.0001570708040279935,1.0,0.3001099495628196
https://shopee.co.id/Bolu-Signature-Talas-rasa-Keju-by-Lapis-Bogor-Sangkuriang-Bolu-Talas-Premium-535gr-Oleh-oleh-Khas-Bogor-i.237534970.27879135035?extraParams=%7B%22display_model_id%22%3A242848633825%2C%22model_selection_logic%22%3A3%7D&sp_atk=8c9f4f56-b99e-4b08-81bf-f41b85bb0936&xptdk=8c9f4f56-b99e-4b08-81bf-f41b85bb0936,Bolu Signature Talas rasa Keju by Lapis Bogor Sangkuriang / Bolu Talas Premium - 535gr - Oleh-oleh Khas Bogor,Makanan,Kue & Roti,64000,731.0,4.8,Lapis Bogor Sangkuriang,shopee,1,bolu signature talas rasa keju by lapis bogor sangkuriang bolu talas premium khas bogor,36000.0,42386.53311258278,30340.890453295866,23000.0,52000.0,1.7777777777777777,0.7123544024090893,11.06665398721974,2,0.01274018743782614,0.96,0.29691813120647825
https://shopee.co.id/LAPIS-TALAS-BOGOR-Pum-Oleh-Oleh-Bogor-Termurah-i.1535266278.45406096291?extraParams=%7B%22display_model_id%22%3A224652229526%2C%22model_selection_logic%22%3A2%7D&sp_atk=caca444b-4dd5-46cd-836b-788cd1376c05&xptdk=caca444b-4dd5-46cd-836b-788cd1376c05,LAPIS TALAS BOGOR Pum Oleh-Oleh Bogor Termurah,Makanan,Kue & Roti,50000,896.9068,4.6872,Pum Oleh-Oleh Bogor,shopee,0,lapis talas bogor pum bogor murah,36000.0,42386.53311258278,30340.890453295866,23000.0,52000.0,1.3888888888888888,0.25093089799512414,10.819798284210286,1,0.01563564460112742,0.9374399999999999,0.2921769512207892
https://shopee.co.id/Triple-Pack-D-(Reguler-Original-Brownies-Full-Talas)-Oleh-oleh-Khas-Bogor-i.237534970.25958036756?extraParams=%7B%22display_model_id%22%3A245208389857%2C%22model_selection_logic%22%3A3%7D&sp_atk=6a1b4e8c-bbbc-483e-a74f-8f238eca8d60&xptdk=6a1b4e8c-bbbc-483e-a74f-8f238eca8d60,Triple Pack D (Reguler - Original + Brownies + Full Talas) - Oleh-oleh Khas Bogor,Makanan,Kue & Roti,159000,711.0,4.8,Lapis Bogor Sangkuriang,shopee,1,triple pack d reguler brownies full talas khas bogor,36000.0,42386.53311258278,30340.890453295866,23000.0,52000.0,4.416666666666667,3.8434424680752817,11.976665770490767,2,0.012391141206652821,0.96,0.29667379884465694
https://shopee.co.id/Lapis-Bogor-Sangkuriang-Full-Talas-Reguler-Pack-(550gr)-Oleh-oleh-Khas-Bogor-i.237534970.4627750900?extraParams=%7B%22display_model_id%22%3A21773263639%2C%22model_selection_logic%22%3A3%7D&sp_atk=ddacf406-e8ed-4781-8ccf-ec85888f0493&xptdk=ddacf406-e8ed-4781-8ccf-ec85888f0493,Lapis Bogor Sangkuriang Full Talas - Reguler Pack (550gr) - Oleh-oleh Khas Bogor,Makanan,Kue & Roti,53000,3000.0,4.8,Lapis Bogor Sangkuriang,shopee,1,lapis bogor sangkuriang full talas reguler pack khas bogor,36000.0,42386.53311258278,30340.890453295866,23000.0,52000.0,1.4722222222222223,0.3498073632266881,10.87806606028079,2,0.05233948236443917,0.96,0.3246376376551074
https://shopee.co.id/POUCH-OLEH-OLEH-BOGOR-BANYAK-VARIAN-GAMBAR-i.45109799.23846633946?extraParams=%7B%22display_model_id%22%3A225354122522%2C%22model_selection_logic%22%3A2%7D&sp_atk=d996ca55-c381-4d89-b68e-00b92d72c9e8&xptdk=d996ca55-c381-4d89-b68e-00b92d72c9e8,POUCH - OLEH OLEH BOGOR BANYAK VARIAN GAMBAR,Aksesoris & Souvenir,Aksesoris & Souvenir,20000,171.0,4.3,Toko Souvenir Bogor,shopee,0,pouch bogor banyak varian gambar,20000.0,16701.8,13083.1942277106,3920.0,27999.0,1.0,0.2520944000826888,9.90353755128617,1,0.0029668929649732108,0.86,0.26007682507548124
https://shopee.co.id/Keripik-Talas-Bogor-Renyah-Gurih-Oleh-Oleh-Khas-Pilihan-i.1181383595.54203908364?extraParams=%7B%22display_model_id%22%3A435371777944%2C%22model_selection_logic%22%3A2%7D&sp_atk=977be277-9f2a-4ee1-a74d-549bf6a48990&xptdk=977be277-9f2a-4ee1-a74d-549bf6a48990,"Keripik Talas Bogor: Renyah Gurih, Oleh-Oleh Khas Pilihan",Makanan,Camilan & Snack,35999,20.0,4.3,Toko Keripik Talas,shopee,0,keripik talas bogor renyah gurih khas pilih,36000.0,42386.53311258278,30340.890453295866,23000.0,52000.0,0.9999722222222223,-0.21052556524058494,10.491274217438248,1,0.00033159391961465296,0.86,0.2582321157437303
https://shopee.co.id/Kripik-Pisang-Coklat-Lumer-Rasa-Dark-Chocolate-Bogor-Termurah-i.1011341824.24815882304?extraParams=%7B%22display_model_id%22%3A395390298240%2C%22model_selection_logic%22%3A2%7D&sp_atk=e9624d2f-e6b0-4dcb-a594-a944d49fba19&xptdk=e9624d2f-e6b0-4dcb-a594-a944d49fba19,Kripik Pisang Coklat Lumer Rasa Dark Chocolate Bogor Termurah,Makanan,Camilan & Snack,15249,6000.0,4.8,Toko Keripik Pisang,shopee,1,kripik pisang coklat lumer rasa dark chocolate bogor murah,36000.0,42386.53311258278,30340.890453295866,23000.0,52000.0,0.4235833333333333,-0.8944211164255691,9.632334782035558,0,0.104696417040437,0.96,0.3612874919283059
https://shopee.co.id/Donut-Kukus-Talas-Keju-isi-8pcs-Oleh-oleh-Khas-Bogor-i.237534970.4772434934?extraParams=%7B%22display_model_id%22%3A32981319257%2C%22model_selection_logic%22%3A2%7D&sp_atk=c3d9f7f5-9425-4816-8e4e-9dd77e92e95e&xptdk=c3d9f7f5-9425-4816-8e4e-9dd77e92e95e,Donut Kukus Talas Keju - isi 8pcs - Oleh-oleh Khas Bogor,Makanan,Kue & Roti,48000,4000.0,4.9,Lapis Bogor Sangkuriang,shopee,1,donut kukus talas keju isi khas bogor,36000.0,42386.53311258278,30340.890453295866,23000.0,52000.0,1.3333333333333333,0.18501325450741482,10.778977123006351,1,0.06979179392310511,0.9800000000000001,0.3428542557461736
https://shopee.co.id/Lapis-Talas-Sangkuriang-Talas-Bogor-Sangkuriang-enak-terkenal-oleh-oleh-jakarta-Bogor-Nusantara-harga-terjangkau-i.1060100218.23552641978?extraParams=%7B%22display_model_id%22%3A177829249354%2C%22model_selection_logic%22%3A3%7D&sp_atk=73a37efc-2cde-4928-978e-a3000f11b734&xptdk=73a37efc-2cde-4928-978e-a3000f11b734,Lapis Talas Sangkuriang || Talas Bogor Sangkuriang enak terkenal oleh oleh jakarta Bogor Nusantara harga terjangkau,Makanan,Kue & Roti,56500,63.0,4.9,Lapis Bogor Sangkuriang,shopee,1,lapis talas sangkuriang talas bogor sangkuriang enak kenal jakarta bogor nusantara harga jangkau,36000.0,42386.53311258278,30340.890453295866,23000.0,52000.0,1.5694444444444444,0.4651632393301794,10.942013616092948,2,0.0010820433166372886,0.9800000000000001,0.29475743032164614
https://shopee.co.id/Lapis-Talas-Bogor-Sangkuriang-Variasi-Beragam-i.401728671.7081729740?extraParams=%7B%22display_model_id%22%3A91099303485%2C%22model_selection_logic%22%3A2%7D&sp_atk=4939a6d6-10d6-4805-88b9-df6f48ad1d5c&xptdk=4939a6d6-10d6-4805-88b9-df6f48ad1d5c,Lapis Talas Bogor Sangkuriang Variasi Beragam,Makanan,Kue & Roti,44000,2000.0,4.9,Lapis Bogor Sangkuriang,shopee,1,lapis talas bogor sangkuriang variasi agam,36000.0,42386.53311258278,30340.890453295866,23000.0,52000.0,1.2222222222222223,0.053177967531996176,10.691967639914864,1,0.03488717080577323,0.9800000000000001,0.3184210195640413
https://shopee.co.id/Best-Seller!-Lapis-Talas-Bogor-i.5676726.53255254473?extraParams=%7B%22display_model_id%22%3A282361941551%2C%22model_selection_logic%22%3A2%7D&sp_atk=e7783182-05a3-4e0a-bdf8-ac39580f39d3&xptdk=e7783182-05a3-4e0a-bdf8-ac39580f39d3,Best Seller! Lapis Talas Bogor,Makanan,Kue & Roti,28420,3.0,5.0,Lapis Bogor (Umum),shopee,1,best seller lapis talas bogor,36000.0,42386.53311258278,30340.890453295866,23000.0,52000.0,0.7894444444444444,-0.4603204752372594,10.25488358752045,1,3.490462311733189e-05,1.0,0.3000244332361821
https://shopee.co.id/Lapis-Bogor-Sangkuriang-Full-Talas-i.1668336080.47051109678?extraParams=%7B%22display_model_id%22%3A272139786294%2C%22model_selection_logic%22%3A2%7D&sp_atk=84e5edab-274c-48e6-9f60-42e741afabaf&xptdk=84e5edab-274c-48e6-9f60-42e741afabaf,Lapis Bogor Sangkuriang - Full Talas,Makanan,Kue & Roti,46000,11.0,4.5,Lapis Bogor Sangkuriang,shopee,0,lapis bogor sangkuriang full talas,36000.0,42386.53311258278,30340.890453295866,23000.0,52000.0,1.2777777777777777,0.11909561101970549,10.736418414365374,1,0.00017452311558665946,0.9,0.27012216618091067
https://shopee.co.id/Lapis-Bogor-Sangkuriang-Blackforest-Reguler-Pack-(550gr)-Oleh-oleh-Khas-Bogor-i.237534970.4647583796?extraParams=%7B%22display_model_id%22%3A50671450845%2C%22model_selection_logic%22%3A3%7D&sp_atk=a3fbf5c5-2125-47b1-8179-5d472d1a008a&xptdk=a3fbf5c5-2125-47b1-8179-5d472d1a008a,Lapis Bogor Sangkuriang Blackforest - Reguler Pack (550gr) - Oleh-oleh Khas Bogor,Makanan,Kue & Roti,53000,4000.0,4.8,Lapis Bogor Sangkuriang,shopee,1,lapis bogor sangkuriang blackforest reguler pack khas bogor,36000.0,42386.53311258278,30340.890453295866,23000.0,52000.0,1.4722222222222223,0.3498073632266881,10.87806606028079,2,0.06979179392310511,0.96,0.33685425574617356
https://shopee.co.id/Lapis-Bogor-Sangkuriang-Blackforest-Mini-Pack-(250gr)-Oleh-oleh-Khas-Bogor-i.237534970.6042103909?extraParams=%7B%22display_model_id%22%3A60280048927%2C%22model_selection_logic%22%3A2%7D&sp_atk=2e3de436-9156-4c72-90d8-444dea6cbefb&xptdk=2e3de436-9156-4c72-90d8-444dea6cbefb,Lapis Bogor Sangkuriang Blackforest - Mini Pack (250gr) - Oleh-oleh Khas Bogor,Makanan,Kue & Roti,29000,2000.0,4.7,Lapis Bogor Sangkuriang,shopee,1,lapis bogor sangkuriang blackforest mini pack khas bogor,36000.0,42386.53311258278,30340.890453295866,23000.0,52000.0,0.8055555555555556,-0.4412043586258237,10.275085591132715,1,0.03488717080577323,0.9400000000000001,0.3064210195640413
https://shopee.co.id/Lapis-Talas-Bogor-Keju-Oleh-Oleh-Bogor-By-Golden-France-(470gram)-i.1206159334.24475910161?extraParams=%7B%22display_model_id%22%3A217455638380%2C%22model_selection_logic%22%3A2%7D&sp_atk=ffb371b9-d7db-4a68-8d2c-0cc37530cb5e&xptdk=ffb371b9-d7db-4a68-8d2c-0cc37530cb5e,Lapis Talas Bogor Keju Oleh-Oleh Bogor By Golden France (470gram),Makanan,Kue & Roti,41500,257.0,4.6,Golden France,shopee,0,lapis talas bogor keju bogor by golden france,36000.0,42386.53311258278,30340.890453295866,23000.0,52000.0,1.1527777777777777,-0.02921908682764047,10.633472802314019,1,0.004467791759018482,0.9199999999999999,0.2791274542313129
https://shopee.co.id/Lapis-Talas-Bogor-Sangkuriang-Chocovilla-Oreo-i.401728671.11207840190?extraParams=%7B%22display_model_id%22%3A35691754025%2C%22model_selection_logic%22%3A2%7D&sp_atk=07102230-3927-46d7-b400-e06618e3cdf5&xptdk=07102230-3927-46d7-b400-e06618e3cdf5,Lapis Talas Bogor Sangkuriang Chocovilla Oreo,Makanan,Kue & Roti,44000,169.0,4.9,Lapis Bogor Sangkuriang,shopee,1,lapis talas bogor sangkuriang chocovilla oreo,36000.0,42386.53311258278,30340.890453295866,23000.0,52000.0,1.2222222222222223,0.053177967531996176,10.691967639914864,1,0.0029319883418558786,0.9800000000000001,0.29605239183929916
https://shopee.co.id/Lapis-Bogor-Sangkuriang-Bolu-Gulung-Talas-Keju-i.1668336080.49051120154?extraParams=%7B%22display_model_id%22%3A390098858311%2C%22model_selection_logic%22%3A3%7D&sp_atk=ea58e270-a57a-465b-8609-2c40caba0b0a&xptdk=ea58e270-a57a-465b-8609-2c40caba0b0a,Lapis Bogor Sangkuriang - Bolu Gulung Talas Keju,Makanan,Kue & Roti,60000,5.0,5.0,Lapis Bogor Sangkuriang,shopee,1,lapis bogor sangkuriang bolu gulung talas keju,36000.0,42386.53311258278,30340.890453295866,23000.0,52000.0,1.6666666666666667,0.5805191154336707,11.002116507732017,2,6.980924623466378e-05,1.0,0.30004886647236423
https://shopee.co.id/Lapis-Talas-Bogor-Sangkuriang-Original-i.397811192.3390441198?extraParams=%7B%22display_model_id%22%3A26111471429%2C%22model_selection_logic%22%3A2%7D&sp_atk=595ae028-7335-4109-bf72-6ce6abea3346&xptdk=595ae028-7335-4109-bf72-6ce6abea3346,Lapis Talas Bogor Sangkuriang Original,Makanan,Kue & Roti,44000,696.0,4.9,Lapis Bogor Sangkuriang,shopee,1,lapis talas bogor sangkuriang,36000.0,42386.53311258278,30340.890453295866,23000.0,52000.0,1.2222222222222223,0.053177967531996176,10.691967639914864,1,0.012129356533272831,0.9800000000000001,0.302490549573291
https://shopee.co.id/Double-Pack-(Chiffon-Talas-Keju-Chiffon-Talas-Keju)-%E2%80%93-Lapis-Bogor-Sangkuriang-290g-Oleh-Oleh-Khas-Bogor-i.237534970.29792971886?extraParams=%7B%22display_model_id%22%3A276973437077%2C%22model_selection_logic%22%3A3%7D&sp_atk=832e2bb0-de17-409e-9c4e-0a10f7b33a6d&xptdk=832e2bb0-de17-409e-9c4e-0a10f7b33a6d,Double Pack (Chiffon Talas Keju + Chiffon Talas Keju)  – Lapis Bogor Sangkuriang 290g | Oleh-Oleh Khas Bogor,Makanan,Kue & Roti,84000,21.0,5.0,Lapis Bogor Sangkuriang,shopee,1,double pack chiffon talas keju chiffon talas keju lapis bogor sangkuriang g khas bogor,36000.0,42386.53311258278,30340.890453295866,23000.0,52000.0,2.3333333333333335,1.3715308372861825,11.338583982516495,2,0.0003490462311733189,1.0,0.3002443323618213
https://shopee.co.id/GANDIKA-KOPI-HITAM-TUBRUK-TULEN-KOPI-GULA-28gr-1PAK-ISI-20PCS-KOPI-BOGOR-SPECIALITY-KOPI-KHAS-BOGOR-OLEH-OLEH-BOGOR-ORI-ARABIKA-BLEND-i.27283214.27912012229?extraParams=%7B%22display_model_id%22%3A195571600839%2C%22model_selection_logic%22%3A2%7D&sp_atk=75df870f-b289-4286-966f-661ecf65e940&xptdk=75df870f-b289-4286-966f-661ecf65e940,GANDIKA KOPI HITAM TUBRUK TULEN KOPI & GULA 28gr 1PAK ISI 20PCS KOPI BOGOR SPECIALITY KOPI KHAS BOGOR OLEH OLEH BOGOR ORI ARABIKA BLEND,Minuman,Kopi,44999,13.0,5.0,Gandika Kopi,shopee,1,gandika kopi hitam tubruk tulen kopi gula pak isi kopi bogor speciality kopi khas bogor bogor arabika blend,34125.0,37780.642857142855,48393.300293114764,11500.0,44986.75,1.3186520146520146,0.1491602577037745,10.714417768752456,2,0.00020942773870399135,1.0,0.30014659941709276
https://shopee.co.id/Lapis-Talas-Bogor-Sangkuriang-Blackforest-i.401728671.10507839856?extraParams=%7B%22display_model_id%22%3A26116090600%2C%22model_selection_logic%22%3A2%7D&sp_atk=c3f7c87c-fea0-431f-a920-c08145f06aea&xptdk=c3f7c87c-fea0-431f-a920-c08145f06aea,Lapis Talas Bogor Sangkuriang Blackforest,Makanan,Kue & Roti,44000,223.0,5.0,Lapis Bogor Sangkuriang,shopee,1,lapis talas bogor sangkuriang blackforest,36000.0,42386.53311258278,30340.890453295866,23000.0,52000.0,1.2222222222222223,0.053177967531996176,10.691967639914864,1,0.00387441316602384,1.0,0.3027120892162167
https://shopee.co.id/Pia-bogor-lestari-i.54787280.891398470?extraParams=%7B%22display_model_id%22%3A40398330184%2C%22model_selection_logic%22%3A3%7D&sp_atk=6c52d838-a2a7-4894-8d34-5e8b1f8914b6&xptdk=6c52d838-a2a7-4894-8d34-5e8b1f8914b6,Pia bogor lestari,Makanan,Kue & Roti,53900,385.0,4.9,Pia Lestari,shopee,1,pia bogor lestari,36000.0,42386.53311258278,30340.890453295866,23000.0,52000.0,1.4972222222222222,0.3794703027961573,10.894904309600681,2,0.006701687638527723,0.9800000000000001,0.2986911813469694
https://shopee.co.id/KERIPIK-TALAS-ASLI-BOGOR-Gurih-Renyah-Stik-Talas-Bogor-Oleh-Oleh-Khas-Bogor-250gr-500gr-i.1181383595.47754074090?extraParams=%7B%22display_model_id%22%3A380385264630%2C%22model_selection_logic%22%3A2%7D&sp_atk=e0645011-a377-4607-8b48-abad479b6abb&xptdk=e0645011-a377-4607-8b48-abad479b6abb,KERIPIK TALAS ASLI BOGOR Gurih Renyah / Stik Talas Bogor Oleh Oleh Khas Bogor 250gr-500gr,Makanan,Camilan & Snack,23000,2.0,5.0,Toko Keripik Talas,shopee,1,keripik talas bogor gurih renyah stik talas bogor khas bogor,36000.0,42386.53311258278,30340.890453295866,23000.0,52000.0,0.6388888888888888,-0.6389572890889517,10.043292972227004,0,1.7452311558665946e-05,1.0,0.3000122166180911
https://shopee.co.id/Lapis-Bogor-Brownies-Keju-Blackforest-talas-bogor-oleh-oleh-jakarta-Bogor-nusantara-i.1060100218.19486988089?extraParams=%7B%22display_model_id%22%3A235902891720%2C%22model_selection_logic%22%3A3%7D&sp_atk=cc0973f2-0a60-4701-a08c-f5d0dd4f06e5&xptdk=cc0973f2-0a60-4701-a08c-f5d0dd4f06e5,Lapis Bogor | Brownies Keju | Blackforest | talas bogor oleh oleh jakarta Bogor nusantara,Makanan,Kue & Roti,51000,30.0,4.9,Lapis Bogor (Umum),shopee,1,lapis bogor brownies keju blackforest talas bogor jakarta bogor nusantara,36000.0,42386.53311258278,30340.890453295866,23000.0,52000.0,1.4166666666666667,0.2838897197389788,10.839600519357369,1,0.0005061170352013124,0.9800000000000001,0.29435428192464097
https://shopee.co.id/Bogor-Raincake-Dubai-Chocolate-Series-i.172394964.11614188962?extraParams=%7B%22display_model_id%22%3A297224331829%2C%22model_selection_logic%22%3A3%7D&sp_atk=fc1ef1c3-d1b8-4632-85f2-ba59d5020d38&xptdk=fc1ef1c3-d1b8-4632-85f2-ba59d5020d38,Bogor Raincake - Dubai  Chocolate Series,Makanan,Kue & Roti,57000,5000.0,4.8,Bogor Raincake,shopee,1,bogor raincake dubai chocolate series,36000.0,42386.53311258278,30340.890453295866,23000.0,52000.0,1.5833333333333333,0.4816426502021067,10.950824090522445,2,0.08724410548177106,0.96,0.3490708738372397
https://shopee.co.id/Chocovilla-Oreo-Sangkuriang-Lapis-Talas-Bogor-Sangkuriang-Lapis-Talas-Sangkuriang-i.1526282971.27634767799?extraParams=%7B%22display_model_id%22%3A188465758394%2C%22model_selection_logic%22%3A2%7D&sp_atk=0c8ac8db-dd0f-4db6-b638-0528b2832673&xptdk=0c8ac8db-dd0f-4db6-b638-0528b2832673,Chocovilla Oreo Sangkuriang | Lapis Talas Bogor Sangkuriang | Lapis Talas Sangkuriang,Makanan,Kue & Roti,43000,76.0,5.0,Lapis Bogor Sangkuriang,shopee,1,chocovilla oreo sangkuriang lapis talas bogor sangkuriang lapis talas sangkuriang,36000.0,42386.53311258278,30340.890453295866,23000.0,52000.0,1.1944444444444444,0.020219145788141518,10.668978650219241,1,0.001308923366899946,1.0,0.30091624635682995
https://shopee.co.id/Donut-Kukus-Cokelat-Oleh-oleh-Khas-Bogor-i.237534970.23459677332?extraParams=%7B%22display_model_id%22%3A137756393951%2C%22model_selection_logic%22%3A2%7D&sp_atk=5ea91fe2-20b3-459b-bb32-670933f02f46&xptdk=5ea91fe2-20b3-459b-bb32-670933f02f46,Donut Kukus Cokelat - Oleh-oleh Khas Bogor,Makanan,Kue & Roti,48000,413.0,4.9,Lapis Bogor Sangkuriang,shopee,1,donut kukus cokelat khas bogor,36000.0,42386.53311258278,30340.890453295866,23000.0,52000.0,1.3333333333333333,0.18501325450741482,10.778977123006351,1,0.00719035236217037,0.9800000000000001,0.2990332466535193
https://shopee.co.id/GANDIKA-KOPI-HITAM-TUBRUK-TULEN-KOPI-GULA-28gr-1PAK-ISI-20PCS-KOPI-BOGOR-SPECIALITY-KOPI-KHAS-BOGOR-OLEH-OLEH-BOGOR-ORI-ARABIKA-BLEND-i.27283214.27912012229?extraParams=%7B%22display_model_id%22%3A195571600839%2C%22model_selection_logic%22%3A2%7D&sp_atk=2bcdc570-7dda-4a9f-b9a0-90369b14d211&xptdk=2bcdc570-7dda-4a9f-b9a0-90369b14d211,GANDIKA KOPI HITAM TUBRUK TULEN KOPI & GULA 28gr 1PAK ISI 20PCS KOPI BOGOR SPECIALITY KOPI KHAS BOGOR OLEH OLEH BOGOR ORI ARABIKA BLEND,Minuman,Kopi,44999,13.0,5.0,Gandika Kopi,shopee,1,gandika kopi hitam tubruk tulen kopi gula pak isi kopi bogor speciality kopi khas bogor bogor arabika blend,34125.0,37780.642857142855,48393.300293114764,11500.0,44986.75,1.3186520146520146,0.1491602577037745,10.714417768752456,2,0.00020942773870399135,1.0,0.30014659941709276
https://shopee.co.id/GANDIKA-KOPI-HITAM-TUBRUK-TULEN-KOPI-GULA-AREN-23gr-1PAK-ISI-20PCS-KOPI-BOGOR-SPECIALITY-KOPI-KHAS-BOGOR-OLEH-OLEH-BOGOR-ORI-ARABIKA-BLEND-i.27283214.26218196936?extraParams=%7B%22display_model_id%22%3A129145888091%2C%22model_selection_logic%22%3A2%7D&sp_atk=629d36e2-0314-433a-8f44-05d198d24d13&xptdk=629d36e2-0314-433a-8f44-05d198d24d13,GANDIKA KOPI HITAM TUBRUK TULEN KOPI & GULA AREN 23gr 1PAK ISI 20PCS KOPI BOGOR SPECIALITY KOPI KHAS BOGOR OLEH OLEH BOGOR ORI ARABIKA BLEND,Minuman,Kopi,44999,1.0,5.0,Gandika Kopi,shopee,1,gandika kopi hitam tubruk tulen kopi gula aren pak isi kopi bogor speciality kopi khas bogor bogor arabika blend,34125.0,37780.642857142855,48393.300293114764,11500.0,44986.75,1.3186520146520146,0.1491602577037745,10.714417768752456,2,0.0,1.0,0.3
https://shopee.co.id/Lapis-Bogor-Sangkuriang-Full-Talas-i.1668336080.47051109678?extraParams=%7B%22display_model_id%22%3A272139786294%2C%22model_selection_logic%22%3A2%7D&sp_atk=bd2d7083-56e4-40ac-9478-61d83982cfa4&xptdk=bd2d7083-56e4-40ac-9478-61d83982cfa4,Lapis Bogor Sangkuriang - Full Talas,Makanan,Kue & Roti,46000,11.0,4.5,Lapis Bogor Sangkuriang,shopee,0,lapis bogor sangkuriang full talas,36000.0,42386.53311258278,30340.890453295866,23000.0,52000.0,1.2777777777777777,0.11909561101970549,10.736418414365374,1,0.00017452311558665946,0.9,0.27012216618091067
https://shopee.co.id/Lapis-Talas-Bogor-Sangkuriang-Variasi-Beragam-i.401728671.7081729740?extraParams=%7B%22display_model_id%22%3A91099303485%2C%22model_selection_logic%22%3A2%7D&sp_atk=3031fc94-97df-4e40-a2af-43de45dc7ca0&xptdk=3031fc94-97df-4e40-a2af-43de45dc7ca0,Lapis Talas Bogor Sangkuriang Variasi Beragam,Makanan,Kue & Roti,44000,2000.0,4.9,Lapis Bogor Sangkuriang,shopee,1,lapis talas bogor sangkuriang variasi agam,36000.0,42386.53311258278,30340.890453295866,23000.0,52000.0,1.2222222222222223,0.053177967531996176,10.691967639914864,1,0.03488717080577323,0.9800000000000001,0.3184210195640413
https://shopee.co.id/Lapis-Talas-Bogor-Sangkuriang-Blackforest-i.401728671.10507839856?extraParams=%7B%22display_model_id%22%3A26116090600%2C%22model_selection_logic%22%3A2%7D&sp_atk=0cfcf6a5-b0a5-4ce8-be26-d0d1a6aa6f5f&xptdk=0cfcf6a5-b0a5-4ce8-be26-d0d1a6aa6f5f,Lapis Talas Bogor Sangkuriang Blackforest,Makanan,Kue & Roti,44000,223.0,5.0,Lapis Bogor Sangkuriang,shopee,1,lapis talas bogor sangkuriang blackforest,36000.0,42386.53311258278,30340.890453295866,23000.0,52000.0,1.2222222222222223,0.053177967531996176,10.691967639914864,1,0.00387441316602384,1.0,0.3027120892162167
https://shopee.co.id/Lapis-Talas-Bogor-Sangkuriang-Chocovilla-Oreo-i.401728671.11207840190?extraParams=%7B%22display_model_id%22%3A35691754025%2C%22model_selection_logic%22%3A2%7D&sp_atk=637e2f6e-96de-4997-b6c8-c84e359b23f8&xptdk=637e2f6e-96de-4997-b6c8-c84e359b23f8,Lapis Talas Bogor Sangkuriang Chocovilla Oreo,Makanan,Kue & Roti,44000,169.0,4.9,Lapis Bogor Sangkuriang,shopee,1,lapis talas bogor sangkuriang chocovilla oreo,36000.0,42386.53311258278,30340.890453295866,23000.0,52000.0,1.2222222222222223,0.053177967531996176,10.691967639914864,1,0.0029319883418558786,0.9800000000000001,0.29605239183929916
https://shopee.co.id/Paket-Hemat-3-box-Mini-pack-Lapis-Bogor-Sangkuriang-FREE-SPOUNBOUN-SANGKURIANG-i.433543929.29204086051?extraParams=%7B%22display_model_id%22%3A256108816351%2C%22model_selection_logic%22%3A3%7D&sp_atk=719a6693-d5c5-4a3d-b34e-609733ab7a85&xptdk=719a6693-d5c5-4a3d-b34e-609733ab7a85,Paket Hemat 3 box Mini pack Lapis Bogor Sangkuriang + FREE SPOUNBOUN SANGKURIANG,Makanan,Kue & Roti,100000,211.0,5.0,Lapis Bogor Sangkuriang,shopee,1,paket hemat box mini pack lapis bogor sangkuriang free spounboun sangkuriang,36000.0,42386.53311258278,30340.890453295866,23000.0,52000.0,2.7777777777777777,1.898871985187857,11.51293546492023,2,0.0036649854273198487,1.0,0.3025654897991239
https://shopee.co.id/Lapis-Bogor-Sangkuriang-Chocovilla-Keju-Reguler-Pack-(500gr)-Oleh-oleh-Khas-Bogor-i.237534970.7027745881?extraParams=%7B%22display_model_id%22%3A70858192390%2C%22model_selection_logic%22%3A3%7D&sp_atk=33d44ba6-72ff-47a4-bfa1-1d36dd90b4f4&xptdk=33d44ba6-72ff-47a4-bfa1-1d36dd90b4f4,Lapis Bogor Sangkuriang Chocovilla Keju - Reguler Pack (500gr) - Oleh-oleh Khas Bogor,Makanan,Kue & Roti,53000,1000.0,4.8,Lapis Bogor Sangkuriang,shopee,1,lapis bogor sangkuriang chocovilla keju reguler pack khas bogor,36000.0,42386.53311258278,30340.890453295866,23000.0,52000.0,1.4722222222222223,0.3498073632266881,10.87806606028079,2,0.01743485924710728,0.96,0.30020440147297506
https://shopee.co.id/GANDIKA-KOPI-HITAM-TULEN-KOPI-TANPA-GULA-8gr-KOPI-BOGOR-SPECIALITY-KOPI-KHAS-BOGOR-OLEH-OLEH-BOGOR-ORI-i.27283214.27402145254?extraParams=%7B%22display_model_id%22%3A255979340141%2C%22model_selection_logic%22%3A2%7D&sp_atk=a178470c-607b-4a21-b0bb-58ce99b7b0dc&xptdk=a178470c-607b-4a21-b0bb-58ce99b7b0dc,GANDIKA KOPI HITAM TULEN KOPI TANPA GULA 8gr KOPI BOGOR SPECIALITY KOPI KHAS BOGOR OLEH OLEH BOGOR ORI,Minuman,Kopi,3999,246.0,4.8,Gandika Kopi,shopee,0,gandika kopi hitam tulen kopi tanpa gula kopi bogor speciality kopi khas bogor bogor,34125.0,37780.642857142855,48393.300293114764,11500.0,44986.75,0.11718681318681319,-0.6980644562889875,8.294049640102028,0,0.0042758163318731566,0.96,0.2909930714323112
https://shopee.co.id/Lapis-Bogor-Sangkuriang-Dessert-Cup-Cokelat-Oleh-oleh-Khas-Bogor-i.237534970.22770733256?extraParams=%7B%22display_model_id%22%3A49318214491%2C%22model_selection_logic%22%3A2%7D&sp_atk=2e7917f1-ef6e-4200-8c27-d31a3c079b38&xptdk=2e7917f1-ef6e-4200-8c27-d31a3c079b38,Lapis Bogor Sangkuriang - Dessert Cup Cokelat - Oleh-oleh Khas Bogor,Makanan,Kue & Roti,22000,178.0,4.9,Lapis Bogor Sangkuriang,shopee,1,lapis bogor sangkuriang dessert cup cokelat khas bogor,36000.0,42386.53311258278,30340.890453295866,23000.0,52000.0,0.6111111111111112,-0.6719161108328063,9.99884318585288,0,0.003089059145883872,0.9800000000000001,0.2961623414021187
https://shopee.co.id/Bogor-Raincake-Dubai-Chocolate-Series-Kunafa-Pistachio-i.1404403673.27068863837?extraParams=%7B%22display_model_id%22%3A277230122115%2C%22model_selection_logic%22%3A3%7D&sp_atk=4e2d9bee-ecce-419e-a4e7-ff61171a4dd2&xptdk=4e2d9bee-ecce-419e-a4e7-ff61171a4dd2,Bogor Raincake - Dubai Chocolate Series Kunafa Pistachio,Makanan,Kue & Roti,61000,2000.0,4.8,Bogor Raincake,shopee,1,bogor raincake dubai chocolate series kunafa pistachio,36000.0,42386.53311258278,30340.890453295866,23000.0,52000.0,1.6944444444444444,0.6134779371775254,11.0186455364637,2,0.03488717080577323,0.96,0.3124210195640412
https://shopee.co.id/Lapis-Bogor-Sangkuriang-Brownies-Karamel-i.433543929.24070269129?extraParams=%7B%22display_model_id%22%3A245520531051%2C%22model_selection_logic%22%3A3%7D&sp_atk=5fc3b29b-4d0a-430d-8b0e-9a1ec5cabe41&xptdk=5fc3b29b-4d0a-430d-8b0e-9a1ec5cabe41,Lapis Bogor Sangkuriang Brownies Karamel,Makanan,Kue & Roti,52000,92.0,5.0,Lapis Bogor Sangkuriang,shopee,1,lapis bogor sangkuriang brownies karamel,36000.0,42386.53311258278,30340.890453295866,23000.0,52000.0,1.4444444444444444,0.3168485414828334,10.859018228147887,1,0.001588160351838601,1.0,0.301111712246287
https://shopee.co.id/Lapis-Bogor-Sangkuriang-Bolu-Gulung-Talas-Keju-i.1668336080.49051120154?extraParams=%7B%22display_model_id%22%3A390098858311%2C%22model_selection_logic%22%3A3%7D&sp_atk=90ad6cba-0858-457e-8daf-90b61ce1bfec&xptdk=90ad6cba-0858-457e-8daf-90b61ce1bfec,Lapis Bogor Sangkuriang - Bolu Gulung Talas Keju,Makanan,Kue & Roti,60000,5.0,5.0,Lapis Bogor Sangkuriang,shopee,1,lapis bogor sangkuriang bolu gulung talas keju,36000.0,42386.53311258278,30340.890453295866,23000.0,52000.0,1.6666666666666667,0.5805191154336707,11.002116507732017,2,6.980924623466378e-05,1.0,0.30004886647236423
https://shopee.co.id/Lapis-Talas-Bogor-Blueberry-Oleh-Oleh-Bogor-by-Golden-France-(470gram)-i.1206159334.29251001109?extraParams=%7B%22display_model_id%22%3A109173164337%2C%22model_selection_logic%22%3A2%7D&sp_atk=5cd5f23a-9fc0-4453-98ad-2735d2c02350&xptdk=5cd5f23a-9fc0-4453-98ad-2735d2c02350,Lapis Talas Bogor Blueberry Oleh-Oleh Bogor by Golden France (470gram),Makanan,Kue & Roti,41500,36.0,4.6,Golden France,shopee,0,lapis talas bogor blueberry bogor by golden france,36000.0,42386.53311258278,30340.890453295866,23000.0,52000.0,1.1527777777777777,-0.02921908682764047,10.633472802314019,1,0.000610830904553308,0.9199999999999999,0.27642758163318726
https://shopee.co.id/Lapis-Bogor-Sangkuriang-Brownies-Reguler-Pack-(550gr)-Oleh-oleh-Khas-Bogor-i.237534970.3227923730?extraParams=%7B%22display_model_id%22%3A41531360434%2C%22model_selection_logic%22%3A3%7D&sp_atk=4a70cad8-8e88-4f52-af1b-6613708580b8&xptdk=4a70cad8-8e88-4f52-af1b-6613708580b8,Lapis Bogor Sangkuriang Brownies - Reguler Pack (550gr) - Oleh-oleh Khas Bogor,Makanan,Kue & Roti,53000,2000.0,4.8,Lapis Bogor Sangkuriang,shopee,1,lapis bogor sangkuriang brownies reguler pack khas bogor,36000.0,42386.53311258278,30340.890453295866,23000.0,52000.0,1.4722222222222223,0.3498073632266881,10.87806606028079,2,0.03488717080577323,0.96,0.3124210195640412
https://shopee.co.id/Lapis-Bogor-Sangkuriang-FULL-TALAS-KEJU-Lapis-Talas-Bogor-Sangkuriang-Lapis-Talas-Sangkuriang-Oleholeh-Bogor-i.1609934052.43413751579?extraParams=%7B%22display_model_id%22%3A261137127369%2C%22model_selection_logic%22%3A2%7D&sp_atk=dcc8bdc4-f801-45dc-85e1-fa226d684b1f&xptdk=dcc8bdc4-f801-45dc-85e1-fa226d684b1f,Lapis Bogor Sangkuriang FULL TALAS KEJU | Lapis Talas Bogor Sangkuriang | Lapis Talas Sangkuriang | Oleholeh Bogor,Makanan,Kue & Roti,40000,1.0,4.6872,Lapis Bogor Sangkuriang,shopee,0,lapis bogor sangkuriang full talas keju lapis talas bogor sangkuriang lapis talas sangkuriang oleholeh bogor,36000.0,42386.53311258278,30340.890453295866,23000.0,52000.0,1.1111111111111112,-0.07865731944342245,10.596659732783579,1,0.0,0.9374399999999999,0.281232
https://shopee.co.id/Ketan-Srikaya-Talam-Srikaya-Pandan-Suji-Asli-Original-Empuk-Oleh-Oleh-Bogor-i.608878015.21637126390?extraParams=%7B%22display_model_id%22%3A201897489257%2C%22model_selection_logic%22%3A3%7D&sp_atk=ea306051-f0b8-4c41-b8f7-0acc52b11f5c&xptdk=ea306051-f0b8-4c41-b8f7-0acc52b11f5c,Ketan Srikaya Talam Srikaya Pandan Suji Asli Original Empuk Oleh Oleh Bogor,Makanan,Kue & Roti,69500,8.0,5.0,Toko Kue Tradisional Bogor,shopee,1,ketan srikaya talam srikaya pandan suji empuk bogor,36000.0,42386.53311258278,30340.890453295866,23000.0,52000.0,1.9305555555555556,0.89362792200029,11.149096419938578,2,0.0001221661809106616,1.0,0.30008551632663744
https://shopee.co.id/Roti-Unyil-Venus-Bogor-Rasa-Keju-Asin-Coklat-i.52857534.3129141520?extraParams=%7B%22display_model_id%22%3A14375815956%2C%22model_selection_logic%22%3A2%7D&sp_atk=555df20d-a6f9-4804-826d-ef8db268b570&xptdk=555df20d-a6f9-4804-826d-ef8db268b570,Roti Unyil Venus Bogor Rasa Keju Asin Coklat,Makanan,Kue & Roti,2000,2000.0,4.9,Roti Unyil Venus,shopee,1,roti unyil venus bogor rasa keju asin coklat,36000.0,42386.53311258278,30340.890453295866,23000.0,52000.0,0.05555555555555555,-1.3310925457098994,7.601402334583733,0,0.03488717080577323,0.9800000000000001,0.3184210195640413
https://shopee.co.id/Lapis-Talas-Bogor-Oleholeh-Asli-Bogor-i.1106315795.40128733861?extraParams=%7B%22display_model_id%22%3A128458712489%2C%22model_selection_logic%22%3A2%7D&sp_atk=0186e764-096b-4772-949b-42da0447463a&xptdk=0186e764-096b-4772-949b-42da0447463a,Lapis Talas Bogor | Oleholeh Asli Bogor,Makanan,Kue & Roti,41250,896.9068,4.6872,Lapis Bogor (Umum),shopee,0,lapis talas bogor oleholeh bogor,36000.0,42386.53311258278,30340.890453295866,23000.0,52000.0,1.1458333333333333,-0.037458792263604136,10.627430633893226,1,0.01563564460112742,0.9374399999999999,0.2921769512207892
https://shopee.co.id/LAPIS-TALAS-BOGOR-COKELAT-470-GR-GOLDEN-FRANCE-OLEH-OLEH-BOGOR-i.1392392340.28666721052?extraParams=%7B%22display_model_id%22%3A256964443271%2C%22model_selection_logic%22%3A2%7D&sp_atk=ff566adb-2786-4414-9ea8-26053424ef35&xptdk=ff566adb-2786-4414-9ea8-26053424ef35,LAPIS TALAS BOGOR COKELAT 470 GR GOLDEN FRANCE OLEH-OLEH BOGOR,Makanan,Kue & Roti,41500,1.0,5.0,Golden France,shopee,1,lapis talas bogor cokelat golden france bogor,36000.0,42386.53311258278,30340.890453295866,23000.0,52000.0,1.1527777777777777,-0.02921908682764047,10.633472802314019,1,0.0,1.0,0.3
https://shopee.co.id/Donut-Kukus-Sangkuriang-Kreasi-Cokelat-Blueberry-Oleh-oleh-Khas-Bogor-Termurah-i.1535266278.46256097944?extraParams=%7B%22display_model_id%22%3A385553747330%2C%22model_selection_logic%22%3A3%7D&sp_atk=c0a78aca-1b55-4948-b203-2a4a988cfee3&xptdk=c0a78aca-1b55-4948-b203-2a4a988cfee3,Donut Kukus Sangkuriang Kreasi Cokelat & Blueberry - Oleh-oleh Khas Bogor Termurah,Makanan,Kue & Roti,60000,896.9068,4.6872,Lapis Bogor Sangkuriang,shopee,0,donut kukus sangkuriang kreasi cokelat blueberry khas bogor murah,36000.0,42386.53311258278,30340.890453295866,23000.0,52000.0,1.6666666666666667,0.5805191154336707,11.002116507732017,2,0.01563564460112742,0.9374399999999999,0.2921769512207892
https://shopee.co.id/LAPIS-TALAS-BOGR-CAPPUCINO-470gram-GOLDEN-FRANCE-OLEH_OLEH-BOGOR-i.1392392340.26566713281?extraParams=%7B%22display_model_id%22%3A79833289275%2C%22model_selection_logic%22%3A2%7D&sp_atk=4a41475d-c447-48df-ada0-b4814e91ed8c&xptdk=4a41475d-c447-48df-ada0-b4814e91ed8c,LAPIS TALAS BOGR CAPPUCINO 470gram GOLDEN FRANCE OLEH_OLEH BOGOR,Makanan,Kue & Roti,31500,3.0,5.0,Golden France,shopee,1,lapis talas bogr cappucino golden france bogor,36000.0,42386.53311258278,30340.890453295866,23000.0,52000.0,0.875,-0.35880730426618707,10.357774570341576,1,3.490462311733189e-05,1.0,0.3000244332361821
https://shopee.co.id/Lapis-Bogor-Sangkuriang-BLACKFOREST-Lapis-Talas-Bogor-Sangkuriang-Lapis-Talas-Sangkuriang-Oleholeh-Bogor-i.1609934052.41613747435?extraParams=%7B%22display_model_id%22%3A49930568281%2C%22model_selection_logic%22%3A2%7D&sp_atk=a1b94c0c-b5ea-4d75-9c8a-0df8c068e198&xptdk=a1b94c0c-b5ea-4d75-9c8a-0df8c068e198,Lapis Bogor Sangkuriang BLACKFOREST | Lapis Talas Bogor Sangkuriang | Lapis Talas Sangkuriang | Oleholeh Bogor,Makanan,Kue & Roti,43000,896.9068,4.6872,Lapis Bogor Sangkuriang,shopee,0,lapis bogor sangkuriang blackforest lapis talas bogor sangkuriang lapis talas sangkuriang oleholeh bogor,36000.0,42386.53311258278,30340.890453295866,23000.0,52000.0,1.1944444444444444,0.020219145788141518,10.668978650219241,1,0.01563564460112742,0.9374399999999999,0.2921769512207892
https://shopee.co.id/LAPIS-TALAS-BOGR-CAPPUCINO-470gram-GOLDEN-FRANCE-OLEH_OLEH-BOGOR-i.1394127702.24437886963?extraParams=%7B%22display_model_id%22%3A118498813827%2C%22model_selection_logic%22%3A2%7D&sp_atk=7d7ecf88-8d24-4cd2-87ad-f472354ec6ed&xptdk=7d7ecf88-8d24-4cd2-87ad-f472354ec6ed,LAPIS TALAS BOGR CAPPUCINO 470gram GOLDEN FRANCE OLEH_OLEH BOGOR,Makanan,Kue & Roti,41500,1.0,5.0,Golden France,shopee,1,lapis talas bogr cappucino golden france bogor,36000.0,42386.53311258278,30340.890453295866,23000.0,52000.0,1.1527777777777777,-0.02921908682764047,10.633472802314019,1,0.0,1.0,0.3
https://shopee.co.id/BOLU-GULUNG-TALAS-Lapis-Bogor-Sangkuriang-Lapis-Talas-Bogor-Sangkuriang-Lapis-Talas-Sangkuriang-Oleholeh-Bogor-i.1609934052.42413749649?extraParams=%7B%22display_model_id%22%3A276137167756%2C%22model_selection_logic%22%3A3%7D&sp_atk=a47f8aba-9ee1-4fb7-be0d-9784a33ba63a&xptdk=a47f8aba-9ee1-4fb7-be0d-9784a33ba63a,BOLU GULUNG TALAS Lapis Bogor Sangkuriang | Lapis Talas Bogor Sangkuriang | Lapis Talas Sangkuriang | Oleholeh Bogor,Makanan,Kue & Roti,64000,1.0,4.6872,Lapis Bogor Sangkuriang,shopee,0,bolu gulung talas lapis bogor sangkuriang lapis talas bogor sangkuriang lapis talas sangkuriang oleholeh bogor,36000.0,42386.53311258278,30340.890453295866,23000.0,52000.0,1.7777777777777777,0.7123544024090893,11.06665398721974,2,0.0,0.9374399999999999,0.281232
https://shopee.co.id/LAPIS-TALAS-BOGOR-SANGKURIANG-ORIGINIL-KHUSUS-INSTAN-SAMEDAY-i.85998927.29863114311?extraParams=%7B%22display_model_id%22%3A207853972699%2C%22model_selection_logic%22%3A3%7D&sp_atk=20dd2f0d-a0e4-4d2a-948f-70a37d1ceaf2&xptdk=20dd2f0d-a0e4-4d2a-948f-70a37d1ceaf2,LAPIS TALAS BOGOR SANGKURIANG ORIGINIL KHUSUS INSTAN SAMEDAY,Makanan,Kue & Roti,52000,6.0,5.0,Lapis Bogor Sangkuriang,shopee,1,lapis talas bogor sangkuriang originil khusus instan sameday,36000.0,42386.53311258278,30340.890453295866,23000.0,52000.0,1.4444444444444444,0.3168485414828334,10.859018228147887,1,8.726155779332973e-05,1.0,0.3000610830904553
https://shopee.co.id/Lapis-Bogor-Sangkuriang-COCOPANDAN-Lapis-Talas-Bogor-Sangkuriang-Lapis-Talas-Sangkuriang-Oleholeh-Bogor-i.1609934052.43863747648?extraParams=%7B%22display_model_id%22%3A147916166819%2C%22model_selection_logic%22%3A2%7D&sp_atk=e76e1b6f-4e91-48ca-aad7-09ca597388c2&xptdk=e76e1b6f-4e91-48ca-aad7-09ca597388c2,Lapis Bogor Sangkuriang COCOPANDAN | Lapis Talas Bogor Sangkuriang | Lapis Talas Sangkuriang | Oleholeh Bogor,Makanan,Kue & Roti,43000,1.0,4.6872,Lapis Bogor Sangkuriang,shopee,0,lapis bogor sangkuriang cocopandan lapis talas bogor sangkuriang lapis talas sangkuriang oleholeh bogor,36000.0,42386.53311258278,30340.890453295866,23000.0,52000.0,1.1944444444444444,0.020219145788141518,10.668978650219241,1,0.0,0.9374399999999999,0.281232
https://shopee.co.id/Lapis-Talas-Bogor-Sangkuriang-Rasa-Ketan-Wangi-i.378798177.28019400115?extraParams=%7B%22display_model_id%22%3A118527687520%2C%22model_selection_logic%22%3A3%7D&sp_atk=bf29d4e3-8cab-45e9-b19a-fa3fa86fbc0e&xptdk=bf29d4e3-8cab-45e9-b19a-fa3fa86fbc0e,Lapis Talas Bogor Sangkuriang Rasa Ketan Wangi,Makanan,Kue & Roti,50999,1.0,5.0,Lapis Bogor Sangkuriang,shopee,1,lapis talas bogor sangkuriang rasa ketan wangi,36000.0,42386.53311258278,30340.890453295866,23000.0,52000.0,1.4166388888888888,0.28385676091723494,10.839580911706463,1,0.0,1.0,0.3
https://shopee.co.id/LAPIS-BOGOR-SANGKURIANG-FULL-TALAS-500gr--i.256037413.41914760471?extraParams=%7B%22display_model_id%22%3A306221210328%2C%22model_selection_logic%22%3A3%7D&sp_atk=416fd8ff-10ec-4472-b2c8-366cbf6cf5b8&xptdk=416fd8ff-10ec-4472-b2c8-366cbf6cf5b8,LAPIS BOGOR SANGKURIANG FULL TALAS [500gr],Makanan,Kue & Roti,65000,896.9068,4.6872,Lapis Bogor Sangkuriang,shopee,0,lapis bogor sangkuriang full talas,36000.0,42386.53311258278,30340.890453295866,23000.0,52000.0,1.8055555555555556,0.745313224152944,11.082157933374816,2,0.01563564460112742,0.9374399999999999,0.2921769512207892
https://shopee.co.id/Lapis-Talas-Bogor-Sangkuriang-Full-Talas-i.397811192.4290386569?extraParams=%7B%22display_model_id%22%3A55686636994%2C%22model_selection_logic%22%3A2%7D&sp_atk=a85e3dbb-381e-4195-aa91-0a4fa5bf1376&xptdk=a85e3dbb-381e-4195-aa91-0a4fa5bf1376,Lapis Talas Bogor Sangkuriang Full Talas,Makanan,Kue & Roti,44000,157.0,4.9,Lapis Bogor Sangkuriang,shopee,1,lapis talas bogor sangkuriang full talas,36000.0,42386.53311258278,30340.890453295866,23000.0,52000.0,1.2222222222222223,0.053177967531996176,10.691967639914864,1,0.0027225606031518875,0.9800000000000001,0.2959057924222064
https://shopee.co.id/Choco-Bag-By-Chocomorry-Oleh-Oleh-Bogor-Coklat-Almond-Crunchy-i.89804371.2200303095?extraParams=%7B%22display_model_id%22%3A4133303864%2C%22model_selection_logic%22%3A2%7D&sp_atk=e12682d3-24a1-4315-a7c3-177646a5b832&xptdk=e12682d3-24a1-4315-a7c3-177646a5b832,Choco Bag By Chocomorry Oleh-Oleh Bogor Coklat Almond Crunchy,Makanan,Camilan & Snack,50000,896.9068,4.6872,Chocomory,shopee,0,choco bag by chocomorry bogor coklat almond crunchy,36000.0,42386.53311258278,30340.890453295866,23000.0,52000.0,1.3888888888888888,0.25093089799512414,10.819798284210286,1,0.01563564460112742,0.9374399999999999,0.2921769512207892
https://shopee.co.id/1kg-Dodol-Betawi-Bogarasa-Tenjo-oleh-oleh-khas-Bogor-i.736272304.50201025664?extraParams=%7B%22display_model_id%22%3A370091599241%2C%22model_selection_logic%22%3A3%7D&sp_atk=235f1406-1223-4698-a5f1-9c3a4e68c559&xptdk=235f1406-1223-4698-a5f1-9c3a4e68c559,1kg Dodol Betawi Bogarasa Tenjo oleh oleh khas Bogor,Makanan,Camilan & Snack,80000,2.0,4.6872,Bogarasa,shopee,0,dodol betawi bogarasa tenjo khas bogor,36000.0,42386.53311258278,30340.890453295866,23000.0,52000.0,2.2222222222222223,1.2396955503107638,11.289794413577894,2,1.7452311558665946e-05,0.9374399999999999,0.28124421661809107
https://shopee.co.id/Biji-Mangga-Aulia-Kasih-oleh-oleh-khas-bogor-i.28020506.6549810247?extraParams=%7B%22display_model_id%22%3A50821789627%2C%22model_selection_logic%22%3A2%7D&sp_atk=220fb74d-26cf-462c-a608-02f3d9d05cc1&xptdk=220fb74d-26cf-462c-a608-02f3d9d05cc1,Biji Mangga Aulia Kasih oleh-oleh khas bogor,Makanan,Camilan & Snack,17000,896.9068,4.6872,Aulia Kasih,shopee,0,biji mangga aulia kasih khas bogor,36000.0,42386.53311258278,30340.890453295866,23000.0,52000.0,0.4722222222222222,-0.8367102195520796,9.741027444837728,0,0.01563564460112742,0.9374399999999999,0.2921769512207892
https://shopee.co.id/RB-Lapis-Bogor-Sangkuriang-Oleh-Oleh-Khas-Bogor-i.1554252020.43156740257?extraParams=%7B%22display_model_id%22%3A168975351003%2C%22model_selection_logic%22%3A3%7D&sp_atk=9f2ec8fd-e566-4e7e-a1de-23cc93460c83&xptdk=9f2ec8fd-e566-4e7e-a1de-23cc93460c83,RB Lapis Bogor Sangkuriang Oleh Oleh Khas Bogor,Makanan,Kue & Roti,64000,896.9068,4.6872,Lapis Bogor Sangkuriang,shopee,0,rb lapis bogor sangkuriang khas bogor,36000.0,42386.53311258278,30340.890453295866,23000.0,52000.0,1.7777777777777777,0.7123544024090893,11.06665398721974,2,0.01563564460112742,0.9374399999999999,0.2921769512207892
https://shopee.co.id/Ketan-Srikaya-Durian-Duren-Asli-Original-Empuk-Oleh-Oleh-Bogor-Terlaris-Enak-i.608878015.25359577090?extraParams=%7B%22display_model_id%22%3A197282237444%2C%22model_selection_logic%22%3A3%7D&sp_atk=82ab6e46-606f-4468-9e46-1484abe760bb&xptdk=82ab6e46-606f-4468-9e46-1484abe760bb,Ketan Srikaya Durian Duren Asli Original Empuk Oleh Oleh Bogor Terlaris Enak,Makanan,Kue & Roti,88000,2.0,4.6872,Toko Kue Tradisional Bogor,shopee,0,ketan srikaya durian duren empuk bogor enak,36000.0,42386.53311258278,30340.890453295866,23000.0,52000.0,2.4444444444444446,1.5033661242616012,11.385103457032141,2,1.7452311558665946e-05,0.9374399999999999,0.28124421661809107
https://shopee.co.id/Pia-Bogor-by-De-Paris-Kacang-Merah-Red-Bean-Oleh-Oleh-Khas-Kota-Bogor-i.339348944.4062934723?extraParams=%7B%22display_model_id%22%3A71826021249%2C%22model_selection_logic%22%3A3%7D&sp_atk=3e4fbf7c-cf9f-4b77-b994-441e3e365831&xptdk=3e4fbf7c-cf9f-4b77-b994-441e3e365831,Pia Bogor by De Paris Kacang Merah Red Bean Oleh Oleh Khas Kota Bogor,Makanan,Kue & Roti,82800,11.0,5.0,De Paris Bakery,shopee,1,pia bogor by de paris kacang merah red bean khas kota bogor,36000.0,42386.53311258278,30340.890453295866,23000.0,52000.0,2.3,1.331980251193557,11.324195417595107,2,0.00017452311558665946,1.0,0.30012216618091064
https://shopee.co.id/Lapis-Bogor-Sangkuriang-CHOCOVILLA-KEJU-Lapis-Talas-Bogor-Sangkuriang-Lapis-Talas-Sangkuriang-Oleholeh-Bogor-i.1609934052.43763752096?extraParams=%7B%22display_model_id%22%3A296136630106%2C%22model_selection_logic%22%3A2%7D&sp_atk=16474bf1-0fd8-40ad-a0f0-d9a2e1ea7c8c&xptdk=16474bf1-0fd8-40ad-a0f0-d9a2e1ea7c8c,Lapis Bogor Sangkuriang CHOCOVILLA KEJU | Lapis Talas Bogor Sangkuriang | Lapis Talas Sangkuriang | Oleholeh Bogor,Makanan,Kue & Roti,43000,1.0,4.6872,Lapis Bogor Sangkuriang,shopee,0,lapis bogor sangkuriang chocovilla keju lapis talas bogor sangkuriang lapis talas sangkuriang oleholeh bogor,36000.0,42386.53311258278,30340.890453295866,23000.0,52000.0,1.1944444444444444,0.020219145788141518,10.668978650219241,1,0.0,0.9374399999999999,0.281232
https://shopee.co.id/Lumpia-Basah-Gang-Aut-1972-Jajanan-Kuliner-Oleh-oleh-Bogor-Street-Food-i.319946761.29689044775?extraParams=%7B%22display_model_id%22%3A285829940007%2C%22model_selection_logic%22%3A2%7D&sp_atk=fa1bf3f8-e7e7-41a5-8731-97c35d0f8064&xptdk=fa1bf3f8-e7e7-41a5-8731-97c35d0f8064,Lumpia Basah Gang Aut 1972 Jajanan Kuliner Oleh-oleh Bogor Street Food,Makanan,Lauk & Bahan Makanan,47462,896.9068,4.6872,Lumpia Basah Gang Aut 1972,shopee,0,lumpia basah gang aut jajan kuliner bogor street food,36000.0,42386.53311258278,30340.890453295866,23000.0,52000.0,1.3183888888888888,0.167281408409221,10.767705739117174,1,0.01563564460112742,0.9374399999999999,0.2921769512207892
https://shopee.co.id/Anggur-Bogor-500gr-Manis-Renyah-Segar-i.98029635.6536909695?extraParams=%7B%22display_model_id%22%3A32520931639%2C%22model_selection_logic%22%3A2%7D&sp_atk=30bfec1d-7613-4d57-ad9a-1451d445ef72&xptdk=30bfec1d-7613-4d57-ad9a-1451d445ef72,Anggur Bogor 500gr Manis Renyah Segar,Makanan,Buah & Bahan Mentah Segar,39500,192.0,4.7,Toko Buah Segar,shopee,0,anggur bogor manis renyah segar,36000.0,42386.53311258278,30340.890453295866,23000.0,52000.0,1.0972222222222223,-0.09513673031534979,10.584081267024454,1,0.0033333915077051954,0.9400000000000001,0.28433337405539366
https://shopee.co.id/Lapis-Talas-Arasari-14-Varian-Rasa-Lapis-Bogor-i.54787280.1060234936?extraParams=%7B%22display_model_id%22%3A16183088373%2C%22model_selection_logic%22%3A2%7D&sp_atk=17d5fbe6-8835-44f5-ac9f-f8167feddc30&xptdk=17d5fbe6-8835-44f5-ac9f-f8167feddc30,Lapis Talas Arasari 14 Varian Rasa / Lapis Bogor,Makanan,Kue & Roti,43100,4000.0,4.9,Arasari,shopee,1,lapis talas arasari varian rasa lapis bogor,36000.0,42386.53311258278,30340.890453295866,23000.0,52000.0,1.1972222222222222,0.023515027962526983,10.67130147767883,1,0.06979179392310511,0.9800000000000001,0.3428542557461736
https://shopee.co.id/LAPIS-TALAS-BOGOR-STRAWBERRY-(470GRAM)-GOLDEN-FANCE-i.1394127702.27816304822?extraParams=%7B%22display_model_id%22%3A108498909837%2C%22model_selection_logic%22%3A2%7D&sp_atk=6a5deabd-67ce-4d0b-8cfb-76484242f75d&xptdk=6a5deabd-67ce-4d0b-8cfb-76484242f75d,LAPIS TALAS BOGOR STRAWBERRY (470GRAM) GOLDEN FANCE,Makanan,Kue & Roti,41500,3.0,5.0,Golden France,shopee,1,lapis talas bogor strawberry golden fance,36000.0,42386.53311258278,30340.890453295866,23000.0,52000.0,1.1527777777777777,-0.02921908682764047,10.633472802314019,1,3.490462311733189e-05,1.0,0.3000244332361821
https://shopee.co.id/Lapis-Bogor-Sangkuriang-Full-Talas-Reguler-Pack-i.266988279.15898102492?extraParams=%7B%22display_model_id%22%3A147004474061%2C%22model_selection_logic%22%3A2%7D&sp_atk=e6aad515-9acd-4aa1-87d2-a96db0b39267&xptdk=e6aad515-9acd-4aa1-87d2-a96db0b39267,Lapis Bogor Sangkuriang Full Talas - Reguler Pack,Makanan,Kue & Roti,47000,72.0,4.9,Lapis Bogor Sangkuriang,shopee,1,lapis bogor sangkuriang full talas reguler pack,36000.0,42386.53311258278,30340.890453295866,23000.0,52000.0,1.3055555555555556,0.15205443276356015,10.757924157061597,1,0.0012391141206652822,0.9800000000000001,0.29486737988446576
https://shopee.co.id/Pia-de-Paris-Kacang-Hijau-(oleh-oleh-buah-tangan-Bogor)-Mung-Bean-Pie-i.339348944.5162936520?extraParams=%7B%22display_model_id%22%3A61826121129%2C%22model_selection_logic%22%3A3%7D&sp_atk=d5e5f243-864d-44ee-98b7-0a376f1340e7&xptdk=d5e5f243-864d-44ee-98b7-0a376f1340e7,Pia de Paris Kacang Hijau (oleh oleh buah tangan Bogor) Mung Bean Pie,Makanan,Kue & Roti,82900,34.0,4.7,De Paris Bakery,shopee,0,pia de paris kacang hijau buah tangan bogor mung bean pie,36000.0,42386.53311258278,30340.890453295866,23000.0,52000.0,2.3027777777777776,1.3352761333679424,11.325402403776808,2,0.0005759262814359762,0.9400000000000001,0.2824031483970052
https://shopee.co.id/LAPIS-TALAS-BOGOR-BLUBERRY-(470GRAM)-GOLDEN-FRANCE-i.1394127702.29666316439?extraParams=%7B%22display_model_id%22%3A158864878111%2C%22model_selection_logic%22%3A2%7D&sp_atk=71ac7ee3-356e-4b8d-8bdc-d2709455ad30&xptdk=71ac7ee3-356e-4b8d-8bdc-d2709455ad30,LAPIS TALAS BOGOR BLUBERRY (470GRAM) GOLDEN FRANCE,Makanan,Kue & Roti,41500,1.0,5.0,Golden France,shopee,1,lapis talas bogor bluberry golden france,36000.0,42386.53311258278,30340.890453295866,23000.0,52000.0,1.1527777777777777,-0.02921908682764047,10.633472802314019,1,0.0,1.0,0.3
https://shopee.co.id/Harga-Kompetitif-Lapis-Talas-Sangkuriang-Bogor-(Minimal-order-3-pack-)-i.487668988.14593990775?extraParams=%7B%22display_model_id%22%3A126937270685%2C%22model_selection_logic%22%3A2%7D&sp_atk=1de7f142-8e1b-4a9d-9115-c2f46b48884c&xptdk=1de7f142-8e1b-4a9d-9115-c2f46b48884c,Harga Kompetitif--Lapis Talas Sangkuriang Bogor (Minimal order 3 pack ),Makanan,Kue & Roti,50000,896.9068,4.6872,Lapis Bogor Sangkuriang,shopee,0,harga kompetitif lapis talas sangkuriang bogor minimal order pack,36000.0,42386.53311258278,30340.890453295866,23000.0,52000.0,1.3888888888888888,0.25093089799512414,10.819798284210286,1,0.01563564460112742,0.9374399999999999,0.2921769512207892
https://shopee.co.id/LAPIS-TALAS-BOGOR-TIRAMISU-(470GRAM)-GOLDEN-FRANCE-i.1394127702.27066307018?extraParams=%7B%22display_model_id%22%3A233409560457%2C%22model_selection_logic%22%3A2%7D&sp_atk=542b5409-3636-47b8-8329-bfa4cc7d2489&xptdk=542b5409-3636-47b8-8329-bfa4cc7d2489,LAPIS TALAS BOGOR TIRAMISU (470GRAM) GOLDEN FRANCE,Makanan,Kue & Roti,41500,1.0,5.0,Golden France,shopee,1,lapis talas bogor tiramisu golden france,36000.0,42386.53311258278,30340.890453295866,23000.0,52000.0,1.1527777777777777,-0.02921908682764047,10.633472802314019,1,0.0,1.0,0.3
https://shopee.co.id/LAPIS-TALAS-BOGOR-BLUBERRY-(470GRAM)-GOLDEN-FRANCE-i.1392392340.29866708892?extraParams=%7B%22display_model_id%22%3A148871410645%2C%22model_selection_logic%22%3A2%7D&sp_atk=8b4fb3fc-5f4e-46b1-b00d-c9999063dc34&xptdk=8b4fb3fc-5f4e-46b1-b00d-c9999063dc34,LAPIS TALAS BOGOR BLUBERRY (470GRAM) GOLDEN FRANCE,Makanan,Kue & Roti,41500,1.0,5.0,Golden France,shopee,1,lapis talas bogor bluberry golden france,36000.0,42386.53311258278,30340.890453295866,23000.0,52000.0,1.1527777777777777,-0.02921908682764047,10.633472802314019,1,0.0,1.0,0.3
https://shopee.co.id/KOPI-LIONG-BULAN-KHAS-BOGOR-dengan-gula-sachet-oleh-oleh-Bogor-LIONG-i.20175858.11210412243?extraParams=%7B%22display_model_id%22%3A151210892583%2C%22model_selection_logic%22%3A2%7D&sp_atk=224ab63c-2028-4750-b1e0-cf7e39efaceb&xptdk=224ab63c-2028-4750-b1e0-cf7e39efaceb,KOPI LIONG BULAN KHAS BOGOR dengan gula sachet | oleh oleh Bogor | LIONG,Minuman,Kopi,3600,77.0,5.0,Kopi Liong Bulan,shopee,1,kopi liong bulan khas bogor dengan gula sachet bogor liong,34125.0,37780.642857142855,48393.300293114764,11500.0,44986.75,0.1054945054945055,-0.706309399237356,8.188966863648876,0,0.0013263756784586119,1.0,0.30092846297492104
https://shopee.co.id/LAPIS-TALAS-BOGOR-COKELAT-470-GR-GOLDEN-FRANCE-OLEH-OLEH-BOGOR-i.1394127702.24887887083?extraParams=%7B%22display_model_id%22%3A168513234725%2C%22model_selection_logic%22%3A2%7D&sp_atk=12d141e4-2a39-44c8-8c20-9df21e25cb7c&xptdk=12d141e4-2a39-44c8-8c20-9df21e25cb7c,LAPIS TALAS BOGOR COKELAT 470 GR GOLDEN FRANCE OLEH-OLEH BOGOR,Makanan,Kue & Roti,41500,1.0,4.6872,Golden France,shopee,0,lapis talas bogor cokelat golden france bogor,36000.0,42386.53311258278,30340.890453295866,23000.0,52000.0,1.1527777777777777,-0.02921908682764047,10.633472802314019,1,0.0,0.9374399999999999,0.281232
https://shopee.co.id/Amanta-Segar-Bogor-Manisan-Buah-Pala-Serut-200gram-Oleh-Oleh-Khas-Bogor-Pala-Serut-Tipis-Tipis-Toping-Buah-Pala-Amanta-Segar-i.608878015.20857421460?extraParams=%7B%22display_model_id%22%3A164880885464%2C%22model_selection_logic%22%3A2%7D&sp_atk=22984a41-f3be-43b8-8bbb-495e57ad3832&xptdk=22984a41-f3be-43b8-8bbb-495e57ad3832,Amanta Segar Bogor | Manisan Buah Pala Serut 200gram Oleh Oleh Khas Bogor Pala Serut Tipis Tipis Toping Buah Pala Amanta Segar,Makanan,Buah & Bahan Mentah Segar,35650,8.0,5.0,Amanta Segar,shopee,1,amanta segar bogor manis buah pala serut khas bogor pala serut tipis tipis toping buah pala amanta segar,36000.0,42386.53311258278,30340.890453295866,23000.0,52000.0,0.9902777777777778,-0.22202819402919022,10.481532475939918,1,0.0001221661809106616,1.0,0.30008551632663744
https://shopee.co.id/Parcel-Parsel-Lebaran-Idul-Fitri-Hampers-Sirup-Pala-Sari-Pala-Oleh-Oleh-Khas-Bogor-i.608878015.29430738268?extraParams=%7B%22display_model_id%22%3A188347485638%2C%22model_selection_logic%22%3A3%7D&sp_atk=57c8b925-9fc6-43bc-abfb-ace5eaa7e55e&xptdk=57c8b925-9fc6-43bc-abfb-ace5eaa7e55e,Parcel Parsel Lebaran Idul Fitri Hampers Sirup Pala Sari Pala Oleh Oleh Khas Bogor,Minuman,Minuman Herbal & Seduh,294000,896.9068,4.6872,Toko Sirup Pala Bogor,shopee,0,parcel parsel lebaran idul fitri hampers sirup pala sari pala khas bogor,34125.0,37780.642857142855,48393.300293114764,11500.0,44986.75,8.615384615384615,5.0,12.591338447675579,2,0.01563564460112742,0.9374399999999999,0.2921769512207892
https://shopee.co.id/BELI-2-GRATIS-1-READY-SIAP-KIRIM-COD-lapis-bogor-black-forest-oleh-oleh-lembang-(bisa-luar-kota)-i.18261581.44152920614?extraParams=%7B%22display_model_id%22%3A275239538887%2C%22model_selection_logic%22%3A2%7D&sp_atk=fc9bdbaa-c23d-443b-8226-34c68ebcbd62&xptdk=fc9bdbaa-c23d-443b-8226-34c68ebcbd62,BELI 2 GRATIS 1 READY SIAP KIRIM COD / lapis bogor black forest / oleh oleh lembang (bisa luar kota),Makanan,Kue & Roti,47570,3.0,3.0,Lapis Bogor (Umum),shopee,0,beli gratis ready siap kirim lapis bogor black forest lembang bisa luar kota,36000.0,42386.53311258278,30340.890453295866,23000.0,52000.0,1.321388888888889,0.17084096115755731,10.769978610857677,1,3.490462311733189e-05,0.6,0.1800244332361821
https://shopee.co.id/Kue-Talas-Lapis-Bogor-Sangkuriang-Beli-5-Free-1-i.18401591.3120835114?extraParams=%7B%22display_model_id%22%3A80266685976%2C%22model_selection_logic%22%3A3%7D&sp_atk=54e3a3b7-ad02-47db-9fbf-2d293dce82b3&xptdk=54e3a3b7-ad02-47db-9fbf-2d293dce82b3,Kue Talas Lapis Bogor Sangkuriang Beli 5 Free 1,Makanan,Kue & Roti,59999,10.0,1.0,Lapis Bogor Sangkuriang,shopee,0,kue talas lapis bogor sangkuriang beli free,36000.0,42386.53311258278,30340.890453295866,23000.0,52000.0,1.6666388888888888,0.5804861566119268,11.002099841204238,2,0.0001570708040279935,0.2,0.06010994956281959
https://shopee.co.id/Donut-Kukus-Cokelat-Oleh-oleh-Khas-Bogor-Termurah-i.1535266278.25547959119?extraParams=%7B%22display_model_id%22%3A224652272148%2C%22model_selection_logic%22%3A3%7D&sp_atk=f03007fa-cc03-4eb5-b3c0-d2cf5b963f6a&xptdk=f03007fa-cc03-4eb5-b3c0-d2cf5b963f6a,Donut Kukus Cokelat - Oleh-oleh Khas Bogor Termurah,Makanan,Kue & Roti,72000,896.9068,4.6872,Lapis Bogor Sangkuriang,shopee,0,donut kukus cokelat khas bogor murah,36000.0,42386.53311258278,30340.890453295866,23000.0,52000.0,2.0,0.9760249763599266,11.184435286790631,2,0.01563564460112742,0.9374399999999999,0.2921769512207892
https://shopee.co.id/Full-Talas-Keju-Sangkuriang-Lapis-Talas-Bogor-Sangkuriang-Termurah-i.1535266278.56506086249?extraParams=%7B%22display_model_id%22%3A410553702393%2C%22model_selection_logic%22%3A3%7D&sp_atk=1da8254b-0ce9-4cae-bc33-7268f0285089&xptdk=1da8254b-0ce9-4cae-bc33-7268f0285089,Full Talas Keju Sangkuriang | Lapis Talas Bogor Sangkuriang Termurah,Makanan,Kue & Roti,65000,896.9068,4.6872,Lapis Bogor Sangkuriang,shopee,0,full talas keju sangkuriang lapis talas bogor sangkuriang murah,36000.0,42386.53311258278,30340.890453295866,23000.0,52000.0,1.8055555555555556,0.745313224152944,11.082157933374816,2,0.01563564460112742,0.9374399999999999,0.2921769512207892
https://shopee.co.id/Official-Partner-Beli-1-dapat-2-Kecap-Zebra-Isi-Ulang-Pouch-220-ml-Oleh-Oleh-Asli-Bogor-i.56279771.24607440262?extraParams=%7B%22display_model_id%22%3A232813701307%2C%22model_selection_logic%22%3A2%7D&sp_atk=3d917ade-d6e4-4d9b-8c11-e222b3f88a60&xptdk=3d917ade-d6e4-4d9b-8c11-e222b3f88a60,Official Partner - Beli 1 dapat 2 Kecap Zebra Isi Ulang Pouch 220 ml Oleh Oleh Asli Bogor,Aksesoris & Souvenir,Aksesoris & Souvenir,27999,48.0,4.7,Kecap Zebra,shopee,0,official partner beli dapat kecap zebra isi ulang pouch ml bogor,20000.0,16701.8,13083.1942277106,3920.0,27999.0,1.39995,0.8634894356358472,10.239959789157341,1,0.0008202586432572995,0.9400000000000001,0.28257418105028015
https://shopee.co.id/Lapis-Bogor-Sangkuriang-Brownies-Reguler-Pack-(550gr)-Oleh-oleh-Khas-Bogor-Termurah-i.1535266278.56556079113?extraParams=%7B%22display_model_id%22%3A267404329553%2C%22model_selection_logic%22%3A3%7D&sp_atk=75637ff3-31f4-42b5-8d0c-b21225ea0365&xptdk=75637ff3-31f4-42b5-8d0c-b21225ea0365,Lapis Bogor Sangkuriang Brownies - Reguler Pack (550gr) - Oleh-oleh Khas Bogor Termurah,Makanan,Kue & Roti,69000,896.9068,4.6872,Lapis Bogor Sangkuriang,shopee,0,lapis bogor sangkuriang brownies reguler pack khas bogor murah,36000.0,42386.53311258278,30340.890453295866,23000.0,52000.0,1.9166666666666667,0.8771485111283627,11.141876276228,2,0.01563564460112742,0.9374399999999999,0.2921769512207892
https://shopee.co.id/Lapis-Talas-Bogor-Haturnuhun-Oleholeh-Lembang-Bandung-Termurah-i.1535266278.49806092287?extraParams=%7B%22display_model_id%22%3A345553254462%2C%22model_selection_logic%22%3A3%7D&sp_atk=c0d6b1e2-32cd-4e58-ad92-0676b7ec6c6a&xptdk=c0d6b1e2-32cd-4e58-ad92-0676b7ec6c6a,Lapis Talas Bogor Haturnuhun | Oleholeh Lembang Bandung Termurah,Makanan,Kue & Roti,68000,896.9068,4.6872,Haturnuhun,shopee,0,lapis talas bogor haturnuhun oleholeh lembang bandung murah,36000.0,42386.53311258278,30340.890453295866,23000.0,52000.0,1.8888888888888888,0.844189689384508,11.127277689932466,2,0.01563564460112742,0.9374399999999999,0.2921769512207892
https://shopee.co.id/Pia-Durian-Duren-de-Paris-Bakery-pie-oleh-oleh-khas-Bogor-i.339348944.42257304748?extraParams=%7B%22display_model_id%22%3A248595349575%2C%22model_selection_logic%22%3A3%7D&sp_atk=bd967151-d11a-47c0-9e2f-52ddbfd76878&xptdk=bd967151-d11a-47c0-9e2f-52ddbfd76878,Pia Durian Duren de Paris Bakery pie oleh oleh khas Bogor,Makanan,Kue & Roti,55000,1.0,4.6872,De Paris Bakery,shopee,0,pia durian duren de paris bakery pie khas bogor,36000.0,42386.53311258278,30340.890453295866,23000.0,52000.0,1.5277777777777777,0.41572500671439744,10.915106645867503,2,0.0,0.9374399999999999,0.281232
https://shopee.co.id/Bolu-lapis-kukus-botani-oleh-oleh-khas-bogor-rasa-nya-enak-dan-kejunya-melimpah-i.14794443.7407899687?extraParams=%7B%22display_model_id%22%3A10269567022%2C%22model_selection_logic%22%3A2%7D&sp_atk=7e0e5781-0125-47c5-aa91-89a96e06fe47&xptdk=7e0e5781-0125-47c5-aa91-89a96e06fe47,"Bolu lapis kukus botani, oleh oleh khas bogor  rasa nya enak dan kejunya melimpah",Makanan,Kue & Roti,30000,896.9068,4.6872,Bolu Kukus Botani,shopee,0,bolu lapis kukus botani khas bogor rasa nya enak keju limpah,36000.0,42386.53311258278,30340.890453295866,23000.0,52000.0,0.8333333333333334,-0.408245536881969,10.308985993422082,1,0.01563564460112742,0.9374399999999999,0.2921769512207892
https://shopee.co.id/Talas-Keju-Sangkuriang-Lapis-Talas-Bogor-Sangkuriang-Termurah-i.1535266278.44706102381?extraParams=%7B%22display_model_id%22%3A415553677444%2C%22model_selection_logic%22%3A3%7D&sp_atk=c28f4499-0854-431a-a3b2-b8e7f1a34a98&xptdk=c28f4499-0854-431a-a3b2-b8e7f1a34a98,Talas Keju Sangkuriang | Lapis Talas Bogor Sangkuriang Termurah,Makanan,Kue & Roti,65000,896.9068,4.6872,Lapis Bogor Sangkuriang,shopee,0,talas keju sangkuriang lapis talas bogor sangkuriang murah,36000.0,42386.53311258278,30340.890453295866,23000.0,52000.0,1.8055555555555556,0.745313224152944,11.082157933374816,2,0.01563564460112742,0.9374399999999999,0.2921769512207892
https://shopee.co.id/Lapis-Talas-Bogor-Sangkuriang-Keju-Lembut-Termurah-i.1535266278.29894233883?extraParams=%7B%22display_model_id%22%3A330553875439%2C%22model_selection_logic%22%3A3%7D&sp_atk=fc46f757-8330-4344-97ce-fe4f81264a8c&xptdk=fc46f757-8330-4344-97ce-fe4f81264a8c,Lapis Talas Bogor Sangkuriang Keju Lembut Termurah,Makanan,Kue & Roti,64000,896.9068,4.6872,Lapis Bogor Sangkuriang,shopee,0,lapis talas bogor sangkuriang keju lembut murah,36000.0,42386.53311258278,30340.890453295866,23000.0,52000.0,1.7777777777777777,0.7123544024090893,11.06665398721974,2,0.01563564460112742,0.9374399999999999,0.2921769512207892
https://shopee.co.id/Bolu-S-Talas-rasa-Keju-by-Lapis-Bogor-Sangkuriang-Bolu-Talas-Pum-535gr-Oleh-oleh-Khas-Bogor-Termurah-i.1535266278.44756118960?extraParams=%7B%22display_model_id%22%3A410555463597%2C%22model_selection_logic%22%3A3%7D&sp_atk=6c9ed7f6-85f8-4784-91a8-b05f0bedc767&xptdk=6c9ed7f6-85f8-4784-91a8-b05f0bedc767,Bolu S Talas rasa Keju by Lapis Bogor Sangkuriang / Bolu Talas Pum - 535gr - Oleh-oleh Khas Bogor Termurah,Makanan,Kue & Roti,88000,896.9068,4.6872,Lapis Bogor Sangkuriang,shopee,0,bolu s talas rasa keju by lapis bogor sangkuriang bolu talas pum khas bogor murah,36000.0,42386.53311258278,30340.890453295866,23000.0,52000.0,2.4444444444444446,1.5033661242616012,11.385103457032141,2,0.01563564460112742,0.9374399999999999,0.2921769512207892
https://shopee.co.id/Ketan-Srikaya-Rempah-Cinnamon-Asli-Original-Empuk-Oleh-Oleh-Bogor-i.608878015.25659932099?extraParams=%7B%22display_model_id%22%3A240254348488%2C%22model_selection_logic%22%3A3%7D&sp_atk=9047f47b-5a62-465b-b5c0-efd8dfbacb33&xptdk=9047f47b-5a62-465b-b5c0-efd8dfbacb33,Ketan Srikaya Rempah Cinnamon Asli Original Empuk Oleh Oleh Bogor,Makanan,Kue & Roti,69500,896.9068,4.6872,Toko Kue Tradisional Bogor,shopee,0,ketan srikaya rempah cinnamon empuk bogor,36000.0,42386.53311258278,30340.890453295866,23000.0,52000.0,1.9305555555555556,0.89362792200029,11.149096419938578,2,0.01563564460112742,0.9374399999999999,0.2921769512207892
https://shopee.co.id/Lapis-Bogor-Sangkuriang-Brownies-Caramel-Reguler-Pack-(550gr)-Oleh-oleh-Khas-Bogor-Termurah-i.1535266278.46356104192?extraParams=%7B%22display_model_id%22%3A380554140013%2C%22model_selection_logic%22%3A3%7D&sp_atk=2bd45c46-db6f-4769-bead-decc2926dc7b&xptdk=2bd45c46-db6f-4769-bead-decc2926dc7b,Lapis Bogor Sangkuriang Brownies Caramel - Reguler Pack (550gr) - Oleh-oleh Khas Bogor Termurah,Makanan,Kue & Roti,70000,896.9068,4.6872,Lapis Bogor Sangkuriang,shopee,0,lapis bogor sangkuriang brownies caramel reguler pack khas bogor murah,36000.0,42386.53311258278,30340.890453295866,23000.0,52000.0,1.9444444444444444,0.9101073328722172,11.156264806643742,2,0.01563564460112742,0.9374399999999999,0.2921769512207892
https://shopee.co.id/Bforest-Sangkuriang-Lapis-Talas-Bogor-Sangkuriang-Lapis-Talas-Sangkuriang-Termurah-i.1535266278.49306106826?extraParams=%7B%22display_model_id%22%3A410553847388%2C%22model_selection_logic%22%3A3%7D&sp_atk=b9d8c34a-e57c-4215-a70e-c6b834c18881&xptdk=b9d8c34a-e57c-4215-a70e-c6b834c18881,Bforest Sangkuriang | Lapis Talas Bogor Sangkuriang | Lapis Talas Sangkuriang Termurah,Makanan,Kue & Roti,69000,896.9068,4.6872,Lapis Bogor Sangkuriang,shopee,0,bforest sangkuriang lapis talas bogor sangkuriang lapis talas sangkuriang murah,36000.0,42386.53311258278,30340.890453295866,23000.0,52000.0,1.9166666666666667,0.8771485111283627,11.141876276228,2,0.01563564460112742,0.9374399999999999,0.2921769512207892
https://shopee.co.id/Roti-Unyil-Venus-Oleh-Oleh-Khas-Bogor-Cemilan-Legendaris-Bogor-Kuliner-Jakarta-Tangerang-i.43662636.24276835698?extraParams=%7B%22display_model_id%22%3A178174342859%2C%22model_selection_logic%22%3A3%7D&sp_atk=28bba1e4-1ac0-4b48-a724-7bbf0c366c16&xptdk=28bba1e4-1ac0-4b48-a724-7bbf0c366c16,Roti Unyil Venus Oleh Oleh Khas Bogor Cemilan Legendaris Bogor Kuliner Jakarta Tangerang,Makanan,Kue & Roti,68500,896.9068,4.6872,Roti Unyil Venus,shopee,0,roti unyil venus khas bogor cemilan legendaris bogor kuliner jakarta tangerang,36000.0,42386.53311258278,30340.890453295866,23000.0,52000.0,1.9027777777777777,0.8606691002564353,11.134603622683905,2,0.01563564460112742,0.9374399999999999,0.2921769512207892
https://shopee.co.id/OR6T-Apple-Pie-Oval-Medium-Oleh-Oleh-Khas-Bogor-i.1591956038.40661593449?extraParams=%7B%22display_model_id%22%3A275972544380%2C%22model_selection_logic%22%3A3%7D&sp_atk=223588b6-88c2-412f-a642-1fbd9e31a841&xptdk=223588b6-88c2-412f-a642-1fbd9e31a841,OR6T Apple Pie Oval-Medium Oleh-Oleh Khas Bogor,Makanan,Kue & Roti,104000,896.9068,4.6872,OR6T Apple Pie,shopee,0,or t apple pie oval medium khas bogor,36000.0,42386.53311258278,30340.890453295866,23000.0,52000.0,2.888888888888889,2.0307072721632755,11.552155793461898,2,0.01563564460112742,0.9374399999999999,0.2921769512207892
https://shopee.co.id/Lapis-Talas-Bolu-Kukus-Rasalokal-d-h-Nusarasa-special-by-Sangkuriang-i.397811192.14476012415?extraParams=%7B%22display_model_id%22%3A241476750153%2C%22model_selection_logic%22%3A2%7D&sp_atk=224bd4db-5fe9-48cd-a9af-9210a5026bb2&xptdk=224bd4db-5fe9-48cd-a9af-9210a5026bb2,"Lapis Talas / Bolu Kukus Rasalokal d/h Nusarasa, special by Sangkuriang",Makanan,Kue & Roti,38000,490.0,4.9,Rasalokal / Nusarasa,shopee,1,lapis talas bolu kukus rasalokal d h nusarasa special by sangkuriang,36000.0,42386.53311258278,30340.890453295866,23000.0,52000.0,1.0555555555555556,-0.14457496293113178,10.545367754151743,1,0.008534180352187648,0.9800000000000001,0.2999739262465314
https://shopee.co.id/Triple-Pack-C-(Reguler-Bolu-Gulung-Signature-Talas-Keju-Donut-Kukus-Talas-Cokelat-Ketan-Wangi)-i.237534970.53752062915?extraParams=%7B%22display_model_id%22%3A267200043368%2C%22model_selection_logic%22%3A3%7D&sp_atk=117ee74f-91f6-46f5-bc26-da9e6d13997a&xptdk=117ee74f-91f6-46f5-bc26-da9e6d13997a,Triple Pack C (Reguler - Bolu Gulung Signature Talas Keju + Donut Kukus Talas Cokelat+ Ketan Wangi),Makanan,Kue & Roti,165000,15.0,4.8,Lapis Bogor Sangkuriang,shopee,0,triple pack c reguler bolu gulung signature talas keju donut kukus talas cokelat ketan wangi,36000.0,42386.53311258278,30340.890453295866,23000.0,52000.0,4.583333333333333,4.0411953985384095,12.013706813470414,2,0.0002443323618213232,0.96,0.28817103265327493
https://shopee.co.id/RainCake-Choco-Queen-Cake-Premium-dibalut-dengan-Cokelat-dan-Taburan-Crispy-i.172394964.7441744957?extraParams=%7B%22display_model_id%22%3A177301920711%2C%22model_selection_logic%22%3A3%7D&sp_atk=9f01d046-f714-4d25-87b5-3f83dfcf97dc&xptdk=9f01d046-f714-4d25-87b5-3f83dfcf97dc,RainCake - Choco Queen - Cake Premium dibalut dengan Cokelat dan Taburan Crispy,Makanan,Kue & Roti,76000,280.0,4.9,Bogor Raincake,shopee,1,raincake choco queen cake premium balut dengan cokelat tabur crispy,36000.0,42386.53311258278,30340.890453295866,23000.0,52000.0,2.111111111111111,1.1078602633353452,11.23850177707664,2,0.004869194924867799,0.9800000000000001,0.2974084364474075
https://shopee.co.id/Triple-Pack-E-(-Reguler-Blackforest-Donut-Kukus-Talas-Keju-Full-Talas-Keju)-i.237534970.24758033236?extraParams=%7B%22display_model_id%22%3A168031506275%2C%22model_selection_logic%22%3A3%7D&sp_atk=35f5c669-ef90-4134-be03-7ff6ef3e8f88&xptdk=35f5c669-ef90-4134-be03-7ff6ef3e8f88,Triple Pack E ( Reguler- Blackforest+ Donut Kukus Talas Keju + Full Talas Keju),Makanan,Kue & Roti,154000,73.0,4.9,Lapis Bogor Sangkuriang,shopee,1,triple pack e reguler blackforest donut kukus talas keju full talas keju,36000.0,42386.53311258278,30340.890453295866,23000.0,52000.0,4.277777777777778,3.6786483593560084,11.944714374881176,2,0.001256566432223948,0.9800000000000001,0.2948795965025568
https://shopee.co.id/Lapis-Kukus-Talas-Rasa-Lokal-Spesial-dari-Bogor-Original-Talas-i.1609934052.40013588624?extraParams=%7B%22display_model_id%22%3A271121754930%2C%22model_selection_logic%22%3A2%7D&sp_atk=de2aa379-8931-45b1-9d33-6e2c2fd504a2&xptdk=de2aa379-8931-45b1-9d33-6e2c2fd504a2,Lapis Kukus Talas Rasa Lokal | Spesial dari Bogor | Original Talas,Makanan,Kue & Roti,35000,2.0,4.0,Rasalokal,shopee,0,lapis kukus talas rasa lokal spesial bogor talas,36000.0,42386.53311258278,30340.890453295866,23000.0,52000.0,0.9722222222222222,-0.24345142816269574,10.463131911491967,1,1.7452311558665946e-05,0.8,0.24001221661809105
https://shopee.co.id/FCY353-COD-Lapis-Talas-Bogor-Kabayan-oleholeh-bogor-jakarta-nusantara-brownies-kukus-visit-bogor-Pesta-Arisan-meeting-hadiah-i.185142623.25169715393?extraParams=%7B%22display_model_id%22%3A184979024092%2C%22model_selection_logic%22%3A3%7D&sp_atk=af419c29-cdfb-4fa4-b3b0-881cb25b97e2&xptdk=af419c29-cdfb-4fa4-b3b0-881cb25b97e2,FCY353 COD Lapis Talas Bogor Kabayan  oleholeh bogor jakarta nusantara brownies kukus visit bogor  Pesta Arisan meeting hadiah,Makanan,Kue & Roti,58000,896.9068,4.6872,Lapis Bogor Kabayan,shopee,0,fcy lapis talas bogor kabayan oleholeh bogor jakarta nusantara brownies kukus visit bogor pesta arisan meeting hadiah,36000.0,42386.53311258278,30340.890453295866,23000.0,52000.0,1.6111111111111112,0.5146014719459614,10.968215530759236,2,0.01563564460112742,0.9374399999999999,0.2921769512207892
https://shopee.co.id/Pasta-Yam-Talas-(Lapis-Talas-Bogor-)-60Gram-i.244429183.9243592343?extraParams=%7B%22display_model_id%22%3A34925295227%2C%22model_selection_logic%22%3A2%7D&sp_atk=668ee498-7fb0-40d9-ab72-899a601bec95&xptdk=668ee498-7fb0-40d9-ab72-899a601bec95,Pasta Yam Talas (Lapis Talas Bogor ) 60Gram,Makanan,Kue & Roti,19500,45.0,4.7,Toko Bahan Kue,shopee,0,pasta yam talas lapis talas bogor,36000.0,42386.53311258278,30340.890453295866,23000.0,52000.0,0.5416666666666666,-0.754313165192443,9.87822102528824,0,0.0007679017085813016,0.9400000000000001,0.28253753119600694
https://shopee.co.id/Bolu-Susu-Lembang-BSL-oleh-oleh-Bandung-Bogor-Jakarta-bsl-bolu-susu-lembang-i.397545349.15910827198?extraParams=%7B%22display_model_id%22%3A135606296798%2C%22model_selection_logic%22%3A3%7D&sp_atk=e508368e-f33e-4a82-b5d0-dc458ce66173&xptdk=e508368e-f33e-4a82-b5d0-dc458ce66173,Bolu Susu Lembang / BSL oleh oleh Bandung Bogor Jakarta bsl bolu susu lembang,Minuman,Susu & Minuman Lainnya,56500,1000.0,5.0,Bolu Susu Lembang,shopee,1,bolu susu lembang bsl bandung bogor jakarta bsl bolu susu lembang,34125.0,37780.642857142855,48393.300293114764,11500.0,44986.75,1.6556776556776556,0.3868171219874515,10.942013616092948,2,0.01743485924710728,1.0,0.31220440147297507
https://shopee.co.id/Keripik-Pisang-Lampung-Rasa-Pedas-Gurih-Sang-Cau-Bogor-100-Gram-i.1011341824.23644423097?extraParams=%7B%22display_model_id%22%3A221669695063%2C%22model_selection_logic%22%3A2%7D&sp_atk=aa944fe4-ed37-4a55-a2a0-db5a5fe60045&xptdk=aa944fe4-ed37-4a55-a2a0-db5a5fe60045,Keripik Pisang Lampung Rasa Pedas Gurih Sang Cau Bogor 100 Gram,Makanan,Camilan & Snack,11498,800.0,4.9,Sang Cau Bogor,shopee,1,keripik pisang lampung rasa pedas gurih sang cau bogor,36000.0,42386.53311258278,30340.890453295866,23000.0,52000.0,0.3193888888888889,-1.0180496567867678,9.350015354048665,0,0.01394439693537409,0.9800000000000001,0.3037610778547619
https://shopee.co.id/Kopi-Liong-Bulan-Tanpa-Gula-1-Pack-30-Sachet-8gr-Oleh-Oleh-Legend-Khas-Bogor-Kota-Hujan-Ayo-Ngopi-Dirumah-Daripada-Di-Cafe-Kafe-Coffee-i.403556836.16207897698?extraParams=%7B%22display_model_id%22%3A301981142455%2C%22model_selection_logic%22%3A2%7D&sp_atk=dcf90893-05ef-4d3e-a980-34c310e402ac&xptdk=dcf90893-05ef-4d3e-a980-34c310e402ac,Kopi Liong Bulan Tanpa Gula 1 Pack 30 Sachet 8gr Oleh Oleh Legend Khas Bogor Kota Hujan Ayo Ngopi Dirumah Daripada Di Cafe Kafe Coffee,Minuman,Kopi,44950,65.0,4.9,Kopi Liong Bulan,shopee,1,kopi liong bulan tanpa gula pack sachet legend khas bogor kota hujan ayo ngopi rumah daripada cafe kafe coffee,34125.0,37780.642857142855,48393.300293114764,11500.0,44986.75,1.3172161172161172,0.1481477208504661,10.713328286593352,1,0.0011169479397546206,0.9800000000000001,0.29478186355782826
https://shopee.co.id/Chocomory-Cookies-n-Cream-Pie-isi-20-500g-i.146104375.3300702236?extraParams=%7B%22display_model_id%22%3A41563422372%2C%22model_selection_logic%22%3A3%7D&sp_atk=e97dcfcd-564a-4baf-bc25-72cb23b1d5bc&xptdk=e97dcfcd-564a-4baf-bc25-72cb23b1d5bc,Chocomory Cookies n Cream Pie isi 20 500g,Makanan,Kue & Roti,106000,10000.0,4.9,Chocomory,shopee,1,chocomory cookies n cream pie isi g,36000.0,42386.53311258278,30340.890453295866,23000.0,52000.0,2.9444444444444446,2.096624915650985,11.571203807011969,2,0.17450566327510078,0.9800000000000001,0.41615396429257057
https://shopee.co.id/Kaos-Souvenir-Oleh-oleh-Kota-Bogor-Destinasi-Wisata-Kota-kota-Populer-Indonesia-Unisex-Kaos-Cowo-Cewe-Bahan-Tebal-Combed-20s-i.90366229.27433474318?extraParams=%7B%22display_model_id%22%3A167115354796%2C%22model_selection_logic%22%3A3%7D&sp_atk=962f5fcc-615e-4f77-9f87-490657a22ce8&xptdk=962f5fcc-615e-4f77-9f87-490657a22ce8,Kaos Souvenir Oleh-oleh Kota Bogor Destinasi Wisata Kota-kota Populer Indonesia - Unisex Kaos Cowo Cewe Bahan Tebal Combed 20s,Pakaian & Fashion,Atasan & Pakaian Kasual,65000,10.0,4.8,Toko Souvenir Kaos,shopee,0,kaos souvenir kota bogor destinasi wisata kota kota populer indonesia unisex kaos cowo cewe bahan tebal combed s,52800.0,88729.0,95094.30746757053,39271.25,92250.0,1.231060606060606,-0.2495312351698041,11.082157933374816,1,0.0001570708040279935,0.96,0.2881099495628196
https://shopee.co.id/Talas-Crispy-Rafless-i.378798177.14850324525?extraParams=%7B%22display_model_id%22%3A246354168724%2C%22model_selection_logic%22%3A3%7D&sp_atk=5404fe3d-f1aa-4606-bce8-26c15e7ca8f3&xptdk=5404fe3d-f1aa-4606-bce8-26c15e7ca8f3,Talas Crispy Rafless,Makanan,Camilan & Snack,52999,30.0,4.8,Rafless,shopee,0,talas crispy rafless,36000.0,42386.53311258278,30340.890453295866,23000.0,52000.0,1.4721944444444444,0.34977440440494423,10.87804719253426,2,0.0005061170352013124,0.96,0.2883542819246409
https://shopee.co.id/Minuman-Herbal-Teh-Pala-Celup-Teh-Pala-Seduh-Palamore-Relaxation-Drink-Pala-Tea-1-Sachet-Oleh-Oleh-Khas-Bogor-i.608878015.26870362226?extraParams=%7B%22display_model_id%22%3A233574195132%2C%22model_selection_logic%22%3A2%7D&sp_atk=ab956fc8-446f-4815-959c-93b8f16786ce&xptdk=ab956fc8-446f-4815-959c-93b8f16786ce,Minuman Herbal Teh Pala Celup Teh Pala Seduh Palamore Relaxation Drink Pala Tea 1 Sachet Oleh Oleh Khas Bogor,Minuman,Teh,9999,896.9068,4.6872,Palamore,shopee,0,minum herbal teh pala celup teh pala seduh palamore relaxation drink pala tea sachet khas bogor,34125.0,37780.642857142855,48393.300293114764,11500.0,44986.75,0.293010989010989,-0.5740803518022418,9.210340371976184,0,0.01563564460112742,0.9374399999999999,0.2921769512207892
https://shopee.co.id/Double-Pack-B-(Rasa-Lokal-Pandan-Ketan-Talas)-i.426765453.24024679653?extraParams=%7B%22display_model_id%22%3A255649468807%2C%22model_selection_logic%22%3A3%7D&sp_atk=993bccaa-fe81-4c00-9262-d4663389b0f6&xptdk=993bccaa-fe81-4c00-9262-d4663389b0f6,Double Pack B (Rasa Lokal - Pandan Ketan + Talas),Makanan,Kue & Roti,96000,46.0,4.8,Rasalokal,shopee,0,double pack b rasa lokal pandan ketan talas,36000.0,42386.53311258278,30340.890453295866,23000.0,52000.0,2.6666666666666665,1.7670366982124384,11.472113887062386,2,0.0007853540201399675,0.96,0.288549747814098
https://shopee.co.id/Pasta-Yam-Talas-Bogor-100Gram-i.244429183.10501262199?extraParams=%7B%22display_model_id%22%3A81748639703%2C%22model_selection_logic%22%3A2%7D&sp_atk=66fed7e2-19b6-4099-9e1d-66bf9c7a4b90&xptdk=66fed7e2-19b6-4099-9e1d-66bf9c7a4b90,Pasta Yam Talas Bogor 100Gram,Makanan,Lauk & Bahan Makanan,26000,68.0,5.0,Toko Bahan Kue,shopee,1,pasta yam talas bogor,36000.0,42386.53311258278,30340.890453295866,23000.0,52000.0,0.7222222222222222,-0.5400808238573876,10.165890277802454,1,0.0011693048744306183,1.0,0.3008185134121014
https://shopee.co.id/Pasta-Yam-Talas-Bogor-1Kg-i.244429183.8108327707?extraParams=%7B%22display_model_id%22%3A43170896324%2C%22model_selection_logic%22%3A3%7D&sp_atk=544d99e6-063c-4adb-83a0-8e94ca19237c&xptdk=544d99e6-063c-4adb-83a0-8e94ca19237c,Pasta Yam Talas Bogor 1Kg,Makanan,Lauk & Bahan Makanan,211000,1000.0,4.9,Toko Bahan Kue,shopee,1,pasta yam talas bogor,36000.0,42386.53311258278,30340.890453295866,23000.0,52000.0,5.861111111111111,5.0,12.259618151783465,2,0.01743485924710728,0.9800000000000001,0.3062044014729751
https://shopee.co.id/Rasalokal-Lapis-Kukus-Talas-Reguler-Pack-(500-Gr)-i.426765453.14363314822?extraParams=%7B%22display_model_id%22%3A160983376180%2C%22model_selection_logic%22%3A2%7D&sp_atk=09bfddcc-c74e-4dc9-ba69-6fb84d90a652&xptdk=09bfddcc-c74e-4dc9-ba69-6fb84d90a652,Rasalokal Lapis Kukus Talas - Reguler Pack (500 Gr),Makanan,Kue & Roti,48000,449.0,4.9,Rasalokal,shopee,1,rasalokal lapis kukus talas reguler pack,36000.0,42386.53311258278,30340.890453295866,23000.0,52000.0,1.3333333333333333,0.18501325450741482,10.778977123006351,1,0.007818635578282343,0.9800000000000001,0.2994730449047977
https://shopee.co.id/Bolu-Signature-Talas-Keju-Full-Keju-535g-Sangkuriang-i.433543929.29379523168?extraParams=%7B%22display_model_id%22%3A178778848198%2C%22model_selection_logic%22%3A3%7D&sp_atk=6af23a50-a97e-4566-8fa0-9f4e90fc1cb7&xptdk=6af23a50-a97e-4566-8fa0-9f4e90fc1cb7,Bolu Signature Talas Keju Full Keju 535g Sangkuriang,Makanan,Kue & Roti,65000,60.0,5.0,Lapis Bogor Sangkuriang,shopee,1,bolu signature talas keju full keju g sangkuriang,36000.0,42386.53311258278,30340.890453295866,23000.0,52000.0,1.8055555555555556,0.745313224152944,11.082157933374816,2,0.0010296863819612909,1.0,0.3007207804673729
https://shopee.co.id/Oleh-Oleh-Khas-Bogor-i.476661702.42563745769?extraParams=%7B%22display_model_id%22%3A243760500687%2C%22model_selection_logic%22%3A2%7D&sp_atk=521f86b8-47a7-4d87-9e66-d55bb35ea1dc&xptdk=521f86b8-47a7-4d87-9e66-d55bb35ea1dc,Oleh Oleh Khas Bogor,Makanan,Oleh-oleh Umum,1000,1.0,4.6872,Toko Oleh-oleh (Umum),shopee,0,khas bogor,36000.0,42386.53311258278,30340.890453295866,23000.0,52000.0,0.027777777777777776,-1.3640513674537542,6.90875477931522,0,0.0,0.9374399999999999,0.281232
https://shopee.co.id/Roti-Unyil-Venus-Campur-Box-30-Varian-Beragam-i.397811192.10207770285?extraParams=%7B%22display_model_id%22%3A82394271798%2C%22model_selection_logic%22%3A3%7D&sp_atk=caec6c3a-766b-4547-ab7f-4b1d1bd71365&xptdk=caec6c3a-766b-4547-ab7f-4b1d1bd71365,Roti Unyil Venus Campur Box 30 Varian Beragam,Makanan,Kue & Roti,90000,835.0,4.9,Roti Unyil Venus,shopee,1,roti unyil venus campur box varian agam,36000.0,42386.53311258278,30340.890453295866,23000.0,52000.0,2.5,1.5692837677493106,11.407576060361786,2,0.014555227839927399,0.9800000000000001,0.3041886594879492
https://shopee.co.id/KAOSUNIQUE-T-shirt-Motif-Bogor-Unisex-Katun-Combed-20s-Sablon-DTG-Kaos-Oleh-Oleh-Kaos-Wisata-i.35227013.24394023840?extraParams=%7B%22display_model_id%22%3A118656853341%2C%22model_selection_logic%22%3A3%7D&sp_atk=ec5a2c3e-d495-4f87-a162-5a5d303977e9&xptdk=ec5a2c3e-d495-4f87-a162-5a5d303977e9,KAOSUNIQUE T-shirt Motif Bogor - Unisex Katun Combed 20s Sablon DTG Kaos Oleh-Oleh Kaos Wisata,Pakaian & Fashion,Atasan & Pakaian Kasual,58000,7.0,5.0,KAOSUNIQUE,shopee,1,kaosunique t shirt motif bogor unisex katun combed s sablon dtg kaos kaos wisata,52800.0,88729.0,95094.30746757053,39271.25,92250.0,1.0984848484848484,-0.3231423711716849,10.968215530759236,1,0.00010471386935199568,1.0,0.3000732997085464
https://shopee.co.id/Selecta-Keripik-Salak-%E2%80%A2-Crispy-Fruit-%E2%80%A2-Keripik-Buah-Premium-%E2%80%A2-Renyah-Manis-%E2%80%A2-Oleh-Oleh-Khas-%E2%80%A2-Ready-Stock-Langsung-diantar-dari-pasar-anyer-Bogor-i.1677410157.52753501843?extraParams=%7B%22display_model_id%22%3A350336676324%2C%22model_selection_logic%22%3A2%7D&sp_atk=ff6fb128-21cc-46af-85d7-c36f3d704262&xptdk=ff6fb128-21cc-46af-85d7-c36f3d704262,Selecta Keripik Salak • Crispy Fruit • Keripik Buah Premium • Renyah Manis • Oleh-Oleh Khas • Ready Stock Langsung diantar dari pasar anyer Bogor,Makanan,Camilan & Snack,28215,896.9068,4.6872,Selecta,shopee,0,selecta keripik salak crispy fruit keripik buah premium renyah manis khas ready stock langsung antar pasar anyer bogor,36000.0,42386.53311258278,30340.890453295866,23000.0,52000.0,0.78375,-0.4670770336947496,10.247644471915889,1,0.01563564460112742,0.9374399999999999,0.2921769512207892
https://shopee.co.id/GANDIKA-GANDIKA-KOPI-HITAM-TULEN-KOPI-TANPA-GULA-8gr-KOPI-BOGOR-SPECIALITY-KOPI-KHAS-BOGOR-OLEH-OLEH-BOGOR-ORI-i.1236191072.27303346425?extraParams=%7B%22display_model_id%22%3A226465036234%2C%22model_selection_logic%22%3A2%7D&sp_atk=9121c856-02c9-4379-9a9b-0ff44dd6c43b&xptdk=9121c856-02c9-4379-9a9b-0ff44dd6c43b,GANDIKA GANDIKA KOPI HITAM TULEN KOPI TANPA GULA 8gr KOPI BOGOR SPECIALITY KOPI KHAS BOGOR OLEH OLEH BOGOR ORI,Minuman,Kopi,7999,896.9068,4.6872,Gandika Kopi,shopee,0,gandika gandika kopi hitam tulen kopi tanpa gula kopi bogor speciality kopi khas bogor bogor,34125.0,37780.642857142855,48393.300293114764,11500.0,44986.75,0.2344029304029304,-0.615408386631157,8.987196820661973,0,0.01563564460112742,0.9374399999999999,0.2921769512207892
https://shopee.co.id/KOPI-CAP-LIONG-BULAN-KOPI-TULEN-TANPA-GULA-KOPI-KHAS-BOGOR-KOPI-LEGEND-ORI-OLEH-OLEH-KHAS-BOGOR-i.1236191072.25279966161?extraParams=%7B%22display_model_id%22%3A195094011404%2C%22model_selection_logic%22%3A2%7D&sp_atk=0b338bdc-5276-452c-b58b-80f6ba1a9c0b&xptdk=0b338bdc-5276-452c-b58b-80f6ba1a9c0b,KOPI CAP LIONG BULAN KOPI TULEN TANPA GULA KOPI KHAS BOGOR KOPI LEGEND ORI OLEH OLEH KHAS BOGOR,Minuman,Kopi,4999,896.9068,4.6872,Kopi Liong Bulan,shopee,0,kopi cap liong bulan kopi tulen tanpa gula kopi khas bogor kopi legend khas bogor,34125.0,37780.642857142855,48393.300293114764,11500.0,44986.75,0.1464908424908425,-0.6774004388745298,8.517193191416238,0,0.01563564460112742,0.9374399999999999,0.2921769512207892
https://shopee.co.id/KOPI-CAP-LIONG-BULAN-KOPI-GULA-KOPI-KHAS-BOGOR-KOPI-LEGEND-ORI-OLEH-OLEH-KHAS-KOTA-BOGOR-i.1236191072.25729919216?extraParams=%7B%22display_model_id%22%3A185093500200%2C%22model_selection_logic%22%3A2%7D&sp_atk=538700bf-6adf-49cf-a283-7bb08b2da2e2&xptdk=538700bf-6adf-49cf-a283-7bb08b2da2e2,KOPI CAP LIONG BULAN KOPI & GULA KOPI KHAS BOGOR KOPI LEGEND ORI OLEH OLEH KHAS KOTA BOGOR,Minuman,Kopi,7999,896.9068,4.6872,Kopi Liong Bulan,shopee,0,kopi cap liong bulan kopi gula kopi khas bogor kopi legend khas kota bogor,34125.0,37780.642857142855,48393.300293114764,11500.0,44986.75,0.2344029304029304,-0.615408386631157,8.987196820661973,0,0.01563564460112742,0.9374399999999999,0.2921769512207892
https://shopee.co.id/Etalase-Jajanan-Request-2kg-25k-150k-Lezat-Aman-i.197787453.26182856864?extraParams=%7B%22display_model_id%22%3A178851180559%2C%22model_selection_logic%22%3A2%7D&sp_atk=06087ef6-44f8-4f43-b412-91c27d5102da&xptdk=06087ef6-44f8-4f43-b412-91c27d5102da,Etalase Jajanan Request 2kg 25k-150k Lezat Aman,Makanan,Camilan & Snack,150000,242.0,5.0,Toko Jajanan Kiloan,shopee,1,etalase jajan request k k lezat aman,36000.0,42386.53311258278,30340.890453295866,23000.0,52000.0,4.166666666666667,3.5468130723805897,11.918397239722838,2,0.004206007085638493,1.0,0.30294420495994695
https://shopee.co.id/BATIK-TRADISIKU-Kain-Batik-Bogor-Kampung-Urug-i.31828090.1941812864?extraParams=%7B%22display_model_id%22%3A255239949837%2C%22model_selection_logic%22%3A3%7D&sp_atk=089b8bcd-7ba9-41eb-ab18-9a3753fb32ce&xptdk=089b8bcd-7ba9-41eb-ab18-9a3753fb32ce,BATIK TRADISIKU Kain Batik Bogor Kampung Urug,Pakaian & Fashion,Pakaian Tradisional & Etnik,195000,1000.0,4.9,BATIK TRADISIKU,shopee,1,batik tradisi kain batik bogor kampung urug,52800.0,88729.0,95094.30746757053,39271.25,92250.0,3.6931818181818183,1.1175327191508386,12.180759965737863,2,0.01743485924710728,0.9800000000000001,0.3062044014729751
https://shopee.co.id/BATIK-TRADISIKU-Kotak-Batik-Bogor-i.31828090.2024705230?extraParams=%7B%22display_model_id%22%3A3590432349%2C%22model_selection_logic%22%3A2%7D&sp_atk=ed966b39-ffb8-457e-bfbc-c4a5218f1fec&xptdk=ed966b39-ffb8-457e-bfbc-c4a5218f1fec,BATIK TRADISIKU Kotak Batik Bogor,Pakaian & Fashion,Pakaian Tradisional & Etnik,50000,38.0,5.0,BATIK TRADISIKU,shopee,1,batik tradisi kotak batik bogor,52800.0,88729.0,95094.30746757053,39271.25,92250.0,0.946969696969697,-0.4072693837452629,10.819798284210286,1,0.00064573552767064,1.0,0.30045201486936945
https://shopee.co.id/BATIK-TRADISIKU-Kain-Batik-Bogor-Daun-Pisang-i.31828090.25870156549?extraParams=%7B%22display_model_id%22%3A255516781722%2C%22model_selection_logic%22%3A3%7D&sp_atk=ba134fa0-d9a5-41c8-8cf0-c38d39a3b82d&xptdk=ba134fa0-d9a5-41c8-8cf0-c38d39a3b82d,BATIK TRADISIKU Kain Batik Bogor Daun Pisang,Pakaian & Fashion,Pakaian Tradisional & Etnik,275000,5.0,5.0,BATIK TRADISIKU,shopee,1,batik tradisi kain batik bogor daun pisang,52800.0,88729.0,95094.30746757053,39271.25,92250.0,5.208333333333333,1.9588028448866188,12.524530013005734,2,6.980924623466378e-05,1.0,0.30004886647236423
https://shopee.co.id/BATIK-TRADISIKU-Totopong-Batik-Bogor-i.31828090.5918104379?extraParams=%7B%22display_model_id%22%3A50152161490%2C%22model_selection_logic%22%3A3%7D&sp_atk=f98746a2-e955-4d20-bd6d-572e6e50de98&xptdk=f98746a2-e955-4d20-bd6d-572e6e50de98,BATIK TRADISIKU Totopong Batik Bogor,Pakaian & Fashion,Pakaian Tradisional & Etnik,60000,83.0,4.8,BATIK TRADISIKU,shopee,0,batik tradisi totopong batik bogor,52800.0,88729.0,95094.30746757053,39271.25,92250.0,1.1363636363636365,-0.30211061802829037,11.002116507732017,1,0.0014310895478106076,0.96,0.2890017626834674
https://shopee.co.id/BATIK-TRADISIKU-Kain-Batik-Kota-Bogor-i.31828090.5146401537?extraParams=%7B%22display_model_id%22%3A30596689093%2C%22model_selection_logic%22%3A3%7D&sp_atk=c1c238b7-807e-491a-9114-0339dee684b3&xptdk=c1c238b7-807e-491a-9114-0339dee684b3,BATIK TRADISIKU Kain Batik Kota Bogor,Pakaian & Fashion,Pakaian Tradisional & Etnik,275000,17.0,4.8,BATIK TRADISIKU,shopee,0,batik tradisi kain batik kota bogor,52800.0,88729.0,95094.30746757053,39271.25,92250.0,5.208333333333333,1.9588028448866188,12.524530013005734,2,0.00027923698493865514,0.96,0.28819546588945705
https://shopee.co.id/BATIK-TRADISIKU-Kain-Batik-Bogor-Hujan-i.31828090.5746395871?extraParams=%7B%22display_model_id%22%3A30596723071%2C%22model_selection_logic%22%3A3%7D&sp_atk=e5099a4a-f07a-44ba-a363-4eb2ad8747d5&xptdk=e5099a4a-f07a-44ba-a363-4eb2ad8747d5,BATIK TRADISIKU Kain Batik Bogor Hujan,Pakaian & Fashion,Pakaian Tradisional & Etnik,275000,17.0,4.8,BATIK TRADISIKU,shopee,0,batik tradisi kain batik bogor hujan,52800.0,88729.0,95094.30746757053,39271.25,92250.0,5.208333333333333,1.9588028448866188,12.524530013005734,2,0.00027923698493865514,0.96,0.28819546588945705
https://shopee.co.id/BATIK-TRADISIKU-Kain-Batik-Bogor-Daun-Pisang-Kujang-i.31828090.25521692408?extraParams=%7B%22display_model_id%22%3A197404718584%2C%22model_selection_logic%22%3A3%7D&sp_atk=d933ffe6-c6e6-45ef-b618-a8d909a28495&xptdk=d933ffe6-c6e6-45ef-b618-a8d909a28495,BATIK TRADISIKU Kain Batik Bogor Daun Pisang Kujang,Pakaian & Fashion,Pakaian Tradisional & Etnik,300000,3.0,4.6872,BATIK TRADISIKU,shopee,0,batik tradisi kain batik bogor daun pisang kujang,52800.0,88729.0,95094.30746757053,39271.25,92250.0,5.681818181818182,2.2216997591790504,12.611541086966115,2,3.490462311733189e-05,0.9374399999999999,0.2812564332361821
https://shopee.co.id/BATIK-TRADISIKU-Kain-Batik-Bogor-Kembang-Bogor-i.31828090.24721693439?extraParams=%7B%22display_model_id%22%3A245561183083%2C%22model_selection_logic%22%3A3%7D&sp_atk=7695557e-0fae-4957-9080-3b3dd519c31d&xptdk=7695557e-0fae-4957-9080-3b3dd519c31d,BATIK TRADISIKU Kain Batik Bogor Kembang Bogor,Pakaian & Fashion,Pakaian Tradisional & Etnik,300000,4.0,5.0,BATIK TRADISIKU,shopee,1,batik tradisi kain batik bogor kembang bogor,52800.0,88729.0,95094.30746757053,39271.25,92250.0,5.681818181818182,2.2216997591790504,12.611541086966115,2,5.235693467599784e-05,1.0,0.3000366498542732
https://shopee.co.id/BATIK-TRADISIKU-Kain-Batik-Bogor-Rereng-Kujang-i.31828090.5518107253?extraParams=%7B%22display_model_id%22%3A60152174239%2C%22model_selection_logic%22%3A3%7D&sp_atk=9cbe2489-3126-4a23-8832-0fc222e13a1e&xptdk=9cbe2489-3126-4a23-8832-0fc222e13a1e,BATIK TRADISIKU Kain Batik Bogor Rereng Kujang,Pakaian & Fashion,Pakaian Tradisional & Etnik,300000,26.0,4.4,BATIK TRADISIKU,shopee,0,batik tradisi kain batik bogor reng kujang,52800.0,88729.0,95094.30746757053,39271.25,92250.0,5.681818181818182,2.2216997591790504,12.611541086966115,2,0.0004363077889666486,0.8800000000000001,0.26430541545227665
https://shopee.co.id/BATIK-TRADISIKU-Kain-Batik-Bogor-Hujan-Gerimis-i.31828090.2428685505?extraParams=%7B%22display_model_id%22%3A40152161157%2C%22model_selection_logic%22%3A3%7D&sp_atk=67271f05-c4f0-43c8-be99-6f1e371d26b5&xptdk=67271f05-c4f0-43c8-be99-6f1e371d26b5,BATIK TRADISIKU Kain Batik Bogor Hujan Gerimis,Pakaian & Fashion,Pakaian Tradisional & Etnik,275000,6.0,5.0,BATIK TRADISIKU,shopee,1,batik tradisi kain batik bogor hujan gerimis,52800.0,88729.0,95094.30746757053,39271.25,92250.0,5.208333333333333,1.9588028448866188,12.524530013005734,2,8.726155779332973e-05,1.0,0.3000610830904553
https://shopee.co.id/Batik-bogor-motif-kujang-merah-hati-i.55194119.1034229643?extraParams=%7B%22display_model_id%22%3A927793636%2C%22model_selection_logic%22%3A3%7D&sp_atk=8f415cb6-aa8b-4174-a8d0-ee9fbbe9ac06&xptdk=8f415cb6-aa8b-4174-a8d0-ee9fbbe9ac06,Batik bogor motif kujang merah hati,Pakaian & Fashion,Pakaian Tradisional & Etnik,120000,896.9068,4.6872,Toko Batik Bogor,shopee,0,batik bogor motif kujang merah hati,52800.0,88729.0,95094.30746757053,39271.25,92250.0,2.272727272727273,0.3288419762735448,11.695255355062795,2,0.01563564460112742,0.9374399999999999,0.2921769512207892
https://shopee.co.id/BATIK-TRADISIKU-Kain-Batik-Bogor-Kacapi-Suling-i.31828090.24921699244?extraParams=%7B%22display_model_id%22%3A240561407969%2C%22model_selection_logic%22%3A3%7D&sp_atk=afa5d43a-2002-49e8-b643-5ad4a4b255b0&xptdk=afa5d43a-2002-49e8-b643-5ad4a4b255b0,BATIK TRADISIKU Kain Batik Bogor Kacapi Suling,Pakaian & Fashion,Pakaian Tradisional & Etnik,300000,5.0,5.0,BATIK TRADISIKU,shopee,1,batik tradisi kain batik bogor kacapi suling,52800.0,88729.0,95094.30746757053,39271.25,92250.0,5.681818181818182,2.2216997591790504,12.611541086966115,2,6.980924623466378e-05,1.0,0.30004886647236423
https://shopee.co.id/BATIK-TRADISIKU-Kemeja-Batik-Cap-Motif-Bogor-i.31828090.3274975447?extraParams=%7B%22display_model_id%22%3A73208603984%2C%22model_selection_logic%22%3A3%7D&sp_atk=46e8f4f9-ac0f-4d0d-92bb-769f87190ddc&xptdk=46e8f4f9-ac0f-4d0d-92bb-769f87190ddc,BATIK TRADISIKU Kemeja Batik Cap Motif Bogor,Pakaian & Fashion,Pakaian Tradisional & Etnik,375000,15.0,4.6872,BATIK TRADISIKU,shopee,0,batik tradisi kemeja batik cap motif bogor,52800.0,88729.0,95094.30746757053,39271.25,92250.0,7.1022727272727275,3.010390502056344,12.834683971615659,2,0.0002443323618213232,0.9374399999999999,0.28140303265327493
https://shopee.co.id/kain-batik-bogor-kampung-urug-i.1427806786.29779389292?extraParams=%7B%22display_model_id%22%3A129278245624%2C%22model_selection_logic%22%3A3%7D&sp_atk=ca09953c-3186-4ee7-9e7f-7edf3eade57e&xptdk=ca09953c-3186-4ee7-9e7f-7edf3eade57e,kain batik bogor kampung urug,Pakaian & Fashion,Pakaian Tradisional & Etnik,265000,896.9068,4.6872,Toko Kain Batik Bogor,shopee,0,kain batik bogor kampung urug,52800.0,88729.0,95094.30746757053,39271.25,92250.0,5.018939393939394,1.8536440791696465,12.487488878546145,2,0.01563564460112742,0.9374399999999999,0.2921769512207892
https://shopee.co.id/kain-batik-bogor-kampung-urug-ZAK-i.1372612539.27024566453?extraParams=%7B%22display_model_id%22%3A148997592369%2C%22model_selection_logic%22%3A3%7D&sp_atk=90d1e396-d439-4eab-b0d0-4643708657ec&xptdk=90d1e396-d439-4eab-b0d0-4643708657ec,kain batik bogor kampung urug ZAK,Pakaian & Fashion,Pakaian Tradisional & Etnik,273000,896.9068,4.6872,Toko Kain Batik Bogor,shopee,0,kain batik bogor kampung urug zak,52800.0,88729.0,95094.30746757053,39271.25,92250.0,5.170454545454546,1.9377710917432245,12.51723073716405,2,0.01563564460112742,0.9374399999999999,0.2921769512207892
https://shopee.co.id/LanjAYa-Batik-Bogor-Kampung-Urug-i.1674695446.46302881802?extraParams=%7B%22display_model_id%22%3A350276495897%2C%22model_selection_logic%22%3A3%7D&sp_atk=97af1282-38d7-4f42-8ab3-d6ba626ef741&xptdk=97af1282-38d7-4f42-8ab3-d6ba626ef741,LanjAYa- Batik Bogor Kampung Urug,Pakaian & Fashion,Pakaian Tradisional & Etnik,192000,896.9068,4.6872,LanjAYa,shopee,0,lanjaya batik bogor kampung urug,52800.0,88729.0,95094.30746757053,39271.25,92250.0,3.6363636363636362,1.085985089435747,12.165255859329688,2,0.01563564460112742,0.9374399999999999,0.2921769512207892
https://shopee.co.id/kain-batik-bogor-kampung-urug-H85S-i.208443450.26630554902?extraParams=%7B%22display_model_id%22%3A147750117755%2C%22model_selection_logic%22%3A3%7D&sp_atk=2c83f3f6-290c-49e2-8ab6-59a26cd96dde&xptdk=2c83f3f6-290c-49e2-8ab6-59a26cd96dde,kain batik bogor kampung urug H85S,Pakaian & Fashion,Pakaian Tradisional & Etnik,265000,896.9068,4.6872,Toko Kain Batik Bogor,shopee,0,kain batik bogor kampung urug h s,52800.0,88729.0,95094.30746757053,39271.25,92250.0,5.018939393939394,1.8536440791696465,12.487488878546145,2,0.01563564460112742,0.9374399999999999,0.2921769512207892
https://shopee.co.id/Dijual-KAIN-BATIK-KAMPUNG-URUG-KABUPATEN-KAB-BOGOR-PNS-SERAGAM-KATUN-Murah-i.236023798.16059601687?extraParams=%7B%22display_model_id%22%3A116445855443%2C%22model_selection_logic%22%3A3%7D&sp_atk=268a630e-bf0e-44ad-822e-6fdf6bc05b6c&xptdk=268a630e-bf0e-44ad-822e-6fdf6bc05b6c,Dijual KAIN BATIK KAMPUNG URUG KABUPATEN KAB BOGOR PNS SERAGAM KATUN Murah,Pakaian & Fashion,Pakaian Tradisional & Etnik,265900,896.9068,4.6872,Toko Seragam PNS Bogor,shopee,0,jual kain batik kampung urug kabupaten kab bogor pns seragam katun,52800.0,88729.0,95094.30746757053,39271.25,92250.0,5.035984848484849,1.863108368084174,12.490879338036375,2,0.01563564460112742,0.9374399999999999,0.2921769512207892
https://shopee.co.id/Kain-Batik-Bogor-Kampung-Urug-i.1680174834.43326923828?extraParams=%7B%22display_model_id%22%3A272219727531%2C%22model_selection_logic%22%3A3%7D&sp_atk=399d34ce-89fb-4f3e-872a-8bc507a1e639&xptdk=399d34ce-89fb-4f3e-872a-8bc507a1e639,Kain Batik Bogor Kampung Urug,Pakaian & Fashion,Pakaian Tradisional & Etnik,396000,896.9068,4.6872,Toko Kain Batik Bogor,shopee,0,kain batik bogor kampung urug,52800.0,88729.0,95094.30746757053,39271.25,92250.0,7.5,3.2312239100619866,12.889172015485954,2,0.01563564460112742,0.9374399999999999,0.2921769512207892
https://shopee.co.id/kain-batik-bogor-kampung-urug-KS-i.746202397.42552714644?extraParams=%7B%22display_model_id%22%3A285224711235%2C%22model_selection_logic%22%3A3%7D&sp_atk=70de445f-1805-48a3-b78d-55c9393fdd40&xptdk=70de445f-1805-48a3-b78d-55c9393fdd40,kain batik bogor kampung urug KS,Pakaian & Fashion,Pakaian Tradisional & Etnik,271000,896.9068,4.6872,Toko Kain Batik Bogor,shopee,0,kain batik bogor kampung urug ks,52800.0,88729.0,95094.30746757053,39271.25,92250.0,5.132575757575758,1.91673933859983,12.509877789891931,2,0.01563564460112742,0.9374399999999999,0.2921769512207892
https://shopee.co.id/kain-batik-kampung-urug-bogor-i.1680174834.47002458797?extraParams=%7B%22display_model_id%22%3A355236795874%2C%22model_selection_logic%22%3A3%7D&sp_atk=1cc2f15d-1e52-4be9-8f3c-f833121019fd&xptdk=1cc2f15d-1e52-4be9-8f3c-f833121019fd,kain batik kampung urug bogor,Pakaian & Fashion,Pakaian Tradisional & Etnik,443000,896.9068,4.6872,Toko Kain Batik Bogor,shopee,0,kain batik kampung urug bogor,52800.0,88729.0,95094.30746757053,39271.25,92250.0,8.390151515151516,3.7254701089317575,13.001327306361068,2,0.01563564460112742,0.9374399999999999,0.2921769512207892
https://shopee.co.id/KAIN-BATIK-KAMPUNG-URUG-KABUPATEN-KAB-BOGOR-PNS-SERAGAM-KATUN-i.1680174834.48202449536?extraParams=%7B%22display_model_id%22%3A390236669921%2C%22model_selection_logic%22%3A3%7D&sp_atk=65ab1458-5191-49f3-a9ab-690b77e00981&xptdk=65ab1458-5191-49f3-a9ab-690b77e00981,KAIN BATIK KAMPUNG URUG KABUPATEN KAB BOGOR PNS SERAGAM KATUN,Pakaian & Fashion,Pakaian Tradisional & Etnik,474000,896.9068,4.6872,Toko Seragam PNS Bogor,shopee,0,kain batik kampung urug kabupaten kab bogor pns seragam katun,52800.0,88729.0,95094.30746757053,39271.25,92250.0,8.977272727272727,4.051462282654372,13.06896471037963,2,0.01563564460112742,0.9374399999999999,0.2921769512207892
https://shopee.co.id/Seragam-PNS-Pria-Pemkab-Bogor-Batik-Motif-Kampung-Urug-(Batik-Galeri)-AS-i.1431344869.41404492535?extraParams=%7B%22display_model_id%22%3A224292394933%2C%22model_selection_logic%22%3A3%7D&sp_atk=01df4750-6397-4fb4-9261-0fe3bb854697&xptdk=01df4750-6397-4fb4-9261-0fe3bb854697,Seragam PNS Pria Pemkab Bogor Batik Motif Kampung Urug (Batik Galeri) AS,Pakaian & Fashion,Pakaian Tradisional & Etnik,559000,896.9068,4.6872,Batik Galeri,shopee,0,seragam pns pria pemkab bogor batik motif kampung urug batik galeri as,52800.0,88729.0,95094.30746757053,39271.25,92250.0,10.587121212121213,4.945311791248638,13.233906541044401,2,0.01563564460112742,0.9374399999999999,0.2921769512207892
https://shopee.co.id/TERBARU!-Seragam-PNS-Pria-Pemkab-Bogor-Batik-Motif-Kampung-Urug-(Batik-Galeri)-i.182521694.26137098122?extraParams=%7B%22display_model_id%22%3A300229179853%2C%22model_selection_logic%22%3A3%7D&sp_atk=8134668c-70de-452a-86f4-9454d068dcdf&xptdk=8134668c-70de-452a-86f4-9454d068dcdf,TERBARU! Seragam PNS Pria Pemkab Bogor Batik Motif Kampung Urug (Batik Galeri),Pakaian & Fashion,Pakaian Tradisional & Etnik,615440,896.9068,4.6872,Batik Galeri,shopee,0,baru seragam pns pria pemkab bogor batik motif kampung urug batik galeri,52800.0,88729.0,95094.30746757053,39271.25,92250.0,11.656060606060606,5.0,13.330094362985259,2,0.01563564460112742,0.9374399999999999,0.2921769512207892
https://shopee.co.id/KAIN-ATAU-BAJU-BATIK-KAMPUNG-URUG-KABUPATEN-KAB-BOGOR-PNS-CPNS-KATUN-BAHAN-i.1733303429.53006072353?extraParams=%7B%22display_model_id%22%3A272403663943%2C%22model_selection_logic%22%3A3%7D&sp_atk=1ba5e9b7-0778-4623-96a5-eddb2bdd5717&xptdk=1ba5e9b7-0778-4623-96a5-eddb2bdd5717,KAIN ATAU BAJU BATIK KAMPUNG URUG KABUPATEN KAB BOGOR PNS CPNS KATUN BAHAN,Pakaian & Fashion,Pakaian Tradisional & Etnik,412000,896.9068,4.6872,Toko Seragam PNS Bogor,shopee,0,kain atau baju batik kampung urug kabupaten kab bogor pns cpns katun bahan,52800.0,88729.0,95094.30746757053,39271.25,92250.0,7.803030303030303,3.3994779352091427,12.928781055513184,2,0.01563564460112742,0.9374399999999999,0.2921769512207892
https://shopee.co.id/Kaos-T-shirt-baju-BOGOR-STREET-CULTURE-DTF-kaos-distro-bogor-street-culture-Ready-i.580184081.19524913095?extraParams=%7B%22display_model_id%22%3A48948900451%2C%22model_selection_logic%22%3A2%7D&sp_atk=6d722adb-8b96-4501-9381-4c9fe2ce6910&xptdk=6d722adb-8b96-4501-9381-4c9fe2ce6910,Kaos T-shirt baju BOGOR STREET CULTURE DTF / kaos distro bogor street culture Ready,Pakaian & Fashion,Atasan & Pakaian Kasual,35000,1000.0,4.6,Kaos Distro Bogor,shopee,0,kaos t shirt baju bogor street culture dtf kaos distro bogor street culture ready,52800.0,88729.0,95094.30746757053,39271.25,92250.0,0.6628787878787878,-0.5650075323207217,10.463131911491967,0,0.01743485924710728,0.9199999999999999,0.28820440147297505
https://shopee.co.id/Mf-Shop-Promo-Tshirt-Kaos-Oleh-Oleh-Bogor-Pria-Wanita-Kaos-Bogor-Katun-Combed-30s-Premium-Ringan-Lembut-Dan-Nyaman-i.407241797.42607003443?extraParams=%7B%22display_model_id%22%3A237925043584%2C%22model_selection_logic%22%3A3%7D&sp_atk=ac7e295d-d492-4b2b-a602-5e4bed0a0c95&xptdk=ac7e295d-d492-4b2b-a602-5e4bed0a0c95,Mf Shop Promo Tshirt Kaos Oleh Oleh Bogor Pria Wanita Kaos Bogor Katun Combed 30s Premium Ringan Lembut Dan Nyaman,Pakaian & Fashion,Atasan & Pakaian Kasual,60000,4.0,4.6872,Mf-Shop,shopee,0,mf shop tshirt kaos bogor pria wanita kaos bogor katun combed s premium ringan lembut nyaman,52800.0,88729.0,95094.30746757053,39271.25,92250.0,1.1363636363636365,-0.30211061802829037,11.002116507732017,1,5.235693467599784e-05,0.9374399999999999,0.2812686498542732
https://shopee.co.id/(TERMURAH)-Kaos-Merchandise-1Dekade-BOGOR-CB-GARDATALA-BERSATU-BAJU-Acara-Satu-Dekade-BOGOR-GARDATALA-CB-Bersatu-Acara-Tanggal-26-Juli-2025-i.1717793446.51554814237?extraParams=%7B%22display_model_id%22%3A244146268779%2C%22model_selection_logic%22%3A2%7D&sp_atk=1f0be8b9-f5f4-485a-ae82-24cfca681e53&xptdk=1f0be8b9-f5f4-485a-ae82-24cfca681e53,(TERMURAH) Kaos Merchandise 1Dekade BOGOR CB GARDATALA BERSATU - BAJU Acara Satu Dekade BOGOR GARDATALA CB Bersatu Acara Tanggal 26 Juli 2025,Pakaian & Fashion,Atasan & Pakaian Kasual,39295,896.9068,4.6872,Kaos Event Gardatala,shopee,0,murah kaos merchandise dekade bogor cb gardatala satu baju acara satu dekade bogor gardatala cb satu acara tanggal juli,52800.0,88729.0,95094.30746757053,39271.25,92250.0,0.7442234848484849,-0.519841842445282,10.578878011506815,1,0.01563564460112742,0.9374399999999999,0.2921769512207892
https://shopee.co.id/Kaos-Oleh-Oleh-Indonesia-Bogor-Premium-Quality-Baju-Kota-BOGOR-Indonesia-Oleh-Oleh-Liburan-Pria-Distro-Souvenir-Jalan-Jalan-Luar-Negeri-Nasional-Negara-i.533786609.53400415107?extraParams=%7B%22display_model_id%22%3A320037659312%2C%22model_selection_logic%22%3A2%7D&sp_atk=07893214-20d1-449b-b5db-634f1358d459&xptdk=07893214-20d1-449b-b5db-634f1358d459,Kaos Oleh Oleh Indonesia Bogor Premium Quality Baju Kota BOGOR Indonesia Oleh-Oleh Liburan Pria Distro Souvenir Jalan-Jalan Luar Negeri Nasional Negara,Pakaian & Fashion,Atasan & Pakaian Kasual,53454,12.0,5.0,Kaos Distro Umum,shopee,1,kaos indonesia bogor premium quality baju kota bogor indonesia libur pria distro souvenir jalan jalan luar negeri nasional negara,52800.0,88729.0,95094.30746757053,39271.25,92250.0,1.0123863636363637,-0.37094754606662056,10.8865954574476,1,0.0001919754271453254,1.0,0.30013438279900173
https://shopee.co.id/KAOS-PRIA-STREET-CULTURE-BOGOR-Street-Culture-Bogor-Bogoh-Ka-Bogor-Kaos-Bogor-Kaos-Distro-T-shirt-Kaos-Lengan-Pendek-Kaos-Pria-Kekinian-Kaos-Pria-Keren-Bebas-Request-Kaos-Cotton-Combads-Kaos-Murah-AIGO-STORE-i.773261215.19654619362?extraParams=%7B%22display_model_id%22%3A212740700811%2C%22model_selection_logic%22%3A2%7D&sp_atk=62061b5d-d059-4bf2-b7bd-7388fea39ac7&xptdk=62061b5d-d059-4bf2-b7bd-7388fea39ac7,KAOS PRIA STREET CULTURE BOGOR / Street Culture Bogor / Bogoh Ka Bogor  / Kaos Bogor / Kaos Distro T-shirt / Kaos Lengan Pendek / Kaos Pria Kekinian / Kaos Pria Keren / Bebas Request / Kaos Cotton Combads / Kaos Murah / AIGO STORE,Pakaian & Fashion,Atasan & Pakaian Kasual,34000,145.0,4.5,AIGO STORE,shopee,0,kaos pria street culture bogor street culture bogor bogoh ka bogor kaos bogor kaos distro t shirt kaos lengan pendek kaos pria kini kaos pria keren bebas request kaos cotton combads kaos aigo store,52800.0,88729.0,95094.30746757053,39271.25,92250.0,0.6439393939393939,-0.5755234088924189,10.434145214930487,0,0.002513132864447896,0.9,0.27175919300511353
https://shopee.co.id/Kaos-buitenzorg-Bogor-Baju-Bogor-Rain-City-Baju-Distro-Terbaru-Cocok-Untuk-Pria-Wanita-Kaos-Viral-Kekinian-COD-ByDominic-i.1561046398.41010584124?extraParams=%7B%22display_model_id%22%3A295890310861%2C%22model_selection_logic%22%3A2%7D&sp_atk=46643a56-09b5-410b-bd43-42e3691c86ae&xptdk=46643a56-09b5-410b-bd43-42e3691c86ae,Kaos buitenzorg Bogor - Baju Bogor Rain City - Baju Distro Terbaru - Cocok Untuk Pria Wanita - Kaos Viral - Kekinian - COD - ByDominic,Pakaian & Fashion,Atasan & Pakaian Kasual,49500,4.0,5.0,ByDominic,shopee,1,kaos buitenzorg bogor baju bogor rain city baju distro baru cocok untuk pria wanita kaos viral kini bydominic,52800.0,88729.0,95094.30746757053,39271.25,92250.0,0.9375,-0.41252732203111153,10.809748150372926,1,5.235693467599784e-05,1.0,0.3000366498542732
https://shopee.co.id/Kaos-Kopi-Liong-Bulan-Raja-Liong-Kopi-Khas-Bogor-Liong-Bulan-Bisa-Cod-Part2-i.1493540044.52201876824?extraParams=%7B%22display_model_id%22%3A345180365445%2C%22model_selection_logic%22%3A2%7D&sp_atk=9af0575f-f8a6-46f2-bb7a-741132b0c5e4&xptdk=9af0575f-f8a6-46f2-bb7a-741132b0c5e4,Kaos Kopi Liong Bulan - Raja Liong - Kopi Khas Bogor Liong Bulan Bisa Cod Part2,Pakaian & Fashion,Atasan & Pakaian Kasual,49200,896.9068,4.6872,Toko Kaos Khas Bogor,shopee,0,kaos kopi liong bulan raja liong kopi khas bogor liong bulan bisa part,52800.0,88729.0,95094.30746757053,39271.25,92250.0,0.9318181818181818,-0.4156820850026207,10.803669227477098,1,0.01563564460112742,0.9374399999999999,0.2921769512207892
https://shopee.co.id/KAOS-KOPI-LIONG-BULAN-RAJA-LIONG-KOPI-KHAS-BOGOR-LIONG-BULAN-BISA-COD-PART2-i.931940929.43865781672?extraParams=%7B%22display_model_id%22%3A276299771577%2C%22model_selection_logic%22%3A2%7D&sp_atk=e549c61a-4cd5-42ab-89a7-dfaeeedae5ce&xptdk=e549c61a-4cd5-42ab-89a7-dfaeeedae5ce,KAOS KOPI LIONG BULAN - RAJA LIONG - KOPI KHAS BOGOR LIONG BULAN BISA COD PART2,Pakaian & Fashion,Atasan & Pakaian Kasual,34000,16.0,4.9,Toko Kaos Khas Bogor,shopee,1,kaos kopi liong bulan raja liong kopi khas bogor liong bulan bisa part,52800.0,88729.0,95094.30746757053,39271.25,92250.0,0.6439393939393939,-0.5755234088924189,10.434145214930487,0,0.0002617846733799892,0.9800000000000001,0.294183249271366
https://shopee.co.id/KAOS-SOUVENIR-OLEH-OLEH-BOGOR-(A)-WARNA-PUTIH-BAHAN-COTON-COMBED-24S-TEBAL-DAN-HALUS-i.1063208923.48354119493?extraParams=%7B%22display_model_id%22%3A272308690889%2C%22model_selection_logic%22%3A3%7D&sp_atk=b73c3ab2-4546-4944-9119-ec22c49a649f&xptdk=b73c3ab2-4546-4944-9119-ec22c49a649f,KAOS SOUVENIR OLEH OLEH BOGOR (A) WARNA PUTIH BAHAN COTON COMBED 24S TEBAL DAN HALUS,Pakaian & Fashion,Atasan & Pakaian Kasual,55250,896.9068,4.6872,Toko Souvenir Bogor,shopee,0,kaos souvenir bogor a warna putih bahan coton combed s tebal halus,52800.0,88729.0,95094.30746757053,39271.25,92250.0,1.0464015151515151,-0.35206103174385234,10.919641718763716,1,0.01563564460112742,0.9374399999999999,0.2921769512207892
https://shopee.co.id/Kaos-Bogor-Culture-baju-dewasa-Culture-Sablon-Dtf-ready-i.30627716.58053354962?extraParams=%7B%22display_model_id%22%3A109592637895%2C%22model_selection_logic%22%3A2%7D&sp_atk=9ca85651-52a0-43f2-a481-e16740c5a2b5&xptdk=9ca85651-52a0-43f2-a481-e16740c5a2b5,Kaos Bogor Culture baju dewasa Culture Sablon Dtf ready,Pakaian & Fashion,Atasan & Pakaian Kasual,39600,3.0,5.0,Kaos Distro Bogor,shopee,1,kaos bogor culture baju dewasa culture sablon dtf ready,52800.0,88729.0,95094.30746757053,39271.25,92250.0,0.75,-0.5166345000909143,10.586609649448985,1,3.490462311733189e-05,1.0,0.3000244332361821
https://shopee.co.id/Unchal-Kaos-Bogor-1482-Katun-Combed-30s-i.405059909.42809296449?extraParams=%7B%22display_model_id%22%3A290778280422%2C%22model_selection_logic%22%3A3%7D&sp_atk=b5f0b19e-eff6-494e-85e7-e26fef80205f&xptdk=b5f0b19e-eff6-494e-85e7-e26fef80205f,Unchal Kaos Bogor 1482 Katun Combed 30s,Pakaian & Fashion,Atasan & Pakaian Kasual,110000,896.9068,4.6872,UNCHAL,shopee,0,unchal kaos bogor katun combed s,52800.0,88729.0,95094.30746757053,39271.25,92250.0,2.0833333333333335,0.22368321055657225,11.608244735642321,2,0.01563564460112742,0.9374399999999999,0.2921769512207892
https://shopee.co.id/Tshirt-Mentalita-Bogor-Kaos-Tongkrongan-Bogor-Unisex-i.1450251130.27293122290?extraParams=%7B%22display_model_id%22%3A238176239673%2C%22model_selection_logic%22%3A2%7D&sp_atk=6735432f-b2db-4940-98a6-742de8e89d61&xptdk=6735432f-b2db-4940-98a6-742de8e89d61,Tshirt Mentalita Bogor Kaos Tongkrongan Bogor Unisex,Pakaian & Fashion,Atasan & Pakaian Kasual,45000,19.0,5.0,Distro Kaos Bogor,shopee,1,tshirt mentalita bogor kaos tongkrong bogor unisex,52800.0,88729.0,95094.30746757053,39271.25,92250.0,0.8522727272727273,-0.4598487666037491,10.714439990727769,1,0.000314141608055987,1.0,0.3002198991256392
https://shopee.co.id/Promo-Tshirt-Kaos-Pria-Wanita-Kaos-Oleh-Oleh-Bogor-Premium-Full-Katun-Combed-30s-Sangat-Nyaman-DipakaiTermurah-i.407241797.25771641967?extraParams=%7B%22display_model_id%22%3A69765469532%2C%22model_selection_logic%22%3A3%7D&sp_atk=22b0856b-e530-4312-b39b-41adfe0624be&xptdk=22b0856b-e530-4312-b39b-41adfe0624be,Promo Tshirt Kaos Pria Wanita Kaos Oleh Oleh Bogor  Premium Full Katun Combed 30s Sangat Nyaman DipakaiTermurah,Pakaian & Fashion,Atasan & Pakaian Kasual,65000,24.0,5.0,Mf-Shop,shopee,1,tshirt kaos pria wanita kaos bogor premium full katun combed s sangat nyaman dipakaitermurah,52800.0,88729.0,95094.30746757053,39271.25,92250.0,1.231060606060606,-0.2495312351698041,11.082157933374816,1,0.00040140316584931675,1.0,0.3002809822160945
https://shopee.co.id/KAOS-SBYM-BOGOR-Kaos-Distro-SBYM-BOGOR-Kaos-Pria-Wanita-i.1522621243.42850579992?extraParams=%7B%22display_model_id%22%3A224232756650%2C%22model_selection_logic%22%3A2%7D&sp_atk=b4250952-1aaa-4e77-af42-53be92b7f0a3&xptdk=b4250952-1aaa-4e77-af42-53be92b7f0a3,KAOS SBYM BOGOR Kaos Distro SBYM BOGOR Kaos Pria Wanita,Pakaian & Fashion,Atasan & Pakaian Kasual,33000,3.0,5.0,Distro Kaos Bogor,shopee,1,kaos sbym bogor kaos distro sbym bogor kaos pria wanita,52800.0,88729.0,95094.30746757053,39271.25,92250.0,0.625,-0.5860392854641162,10.404293143019792,0,3.490462311733189e-05,1.0,0.3000244332361821
https://shopee.co.id/Kaos-Oleh-Oleh-Bogor-Atasan-Kaos-Tshirt-Dewasa-Premium-Full-katun-Kombed-i.407241797.19686612810?extraParams=%7B%22display_model_id%22%3A184843970055%2C%22model_selection_logic%22%3A3%7D&sp_atk=aa295548-6d30-433a-a1fe-e9996e3915d0&xptdk=aa295548-6d30-433a-a1fe-e9996e3915d0,Kaos Oleh Oleh Bogor Atasan Kaos / Tshirt Dewasa Premium Full katun Kombed,Pakaian & Fashion,Atasan & Pakaian Kasual,65000,14.0,4.0,Mf-Shop,shopee,0,kaos bogor atas kaos tshirt dewasa premium full katun kombed,52800.0,88729.0,95094.30746757053,39271.25,92250.0,1.231060606060606,-0.2495312351698041,11.082157933374816,1,0.0002268800502626573,0.8,0.24015881603518385
https://shopee.co.id/T-shirt-BOGOR-STILL-HIGH-Kaos-Best-Seller-Baju-CasulUltra-Hooligans-kaos-Kota-Bogor-Kota-Hujan-i.1461573065.42326810109?extraParams=%7B%22display_model_id%22%3A345212983578%2C%22model_selection_logic%22%3A2%7D&sp_atk=c8a1a06b-0ebf-42a1-a1de-dab353c7d4ae&xptdk=c8a1a06b-0ebf-42a1-a1de-dab353c7d4ae,T-shirt BOGOR STILL HIGH / Kaos Best Seller / Baju CasulUltra Hooligans / kaos Kota Bogor Kota Hujan,Pakaian & Fashion,Atasan & Pakaian Kasual,46765,1.0,4.6872,Kaos Distro Umum,shopee,0,t shirt bogor still high kaos best seller baju casulultra hooligans kaos kota bogor kota hujan,52800.0,88729.0,95094.30746757053,39271.25,92250.0,0.8857007575757576,-0.4412882444547035,10.752911722153339,1,0.0,0.9374399999999999,0.281232
https://shopee.co.id/Kaos-Souvenir-Oleh-oleh-Kota-Bogor-Destinasi-Wisata-Kota-kota-Populer-Indonesia-Unisex-Kaos-Cowo-Cewe-Bahan-Tebal-Combed-20s-i.90366229.27433474318?extraParams=%7B%22display_model_id%22%3A167115354796%2C%22model_selection_logic%22%3A3%7D&sp_atk=b142f6d3-a50d-44ea-933c-1b97dd713638&xptdk=b142f6d3-a50d-44ea-933c-1b97dd713638,Kaos Souvenir Oleh-oleh Kota Bogor Destinasi Wisata Kota-kota Populer Indonesia - Unisex Kaos Cowo Cewe Bahan Tebal Combed 20s,Pakaian & Fashion,Atasan & Pakaian Kasual,65000,10.0,4.8,Toko Souvenir Kaos,shopee,0,kaos souvenir kota bogor destinasi wisata kota kota populer indonesia unisex kaos cowo cewe bahan tebal combed s,52800.0,88729.0,95094.30746757053,39271.25,92250.0,1.231060606060606,-0.2495312351698041,11.082157933374816,1,0.0001570708040279935,0.96,0.2881099495628196
https://shopee.co.id/KAOS-ANAK-DAN-DEWASA-KOTA-BOGOR-KOORDINAT-UNISEX-PRINT-DIGITAL-i.969531598.43019557755?extraParams=%7B%22display_model_id%22%3A224510053161%2C%22model_selection_logic%22%3A2%7D&sp_atk=7b2d1e9e-4be1-4a06-9028-8d2298092439&xptdk=7b2d1e9e-4be1-4a06-9028-8d2298092439,KAOS ANAK DAN DEWASA KOTA BOGOR KOORDINAT / UNISEX /PRINT DIGITAL,Pakaian & Fashion,Pakaian Anak,35000,3.0,5.0,Toko Kaos Bogor (Umum),shopee,1,kaos anak dewasa kota bogor koordinat unisex print digital,52800.0,88729.0,95094.30746757053,39271.25,92250.0,0.6628787878787878,-0.5650075323207217,10.463131911491967,0,3.490462311733189e-05,1.0,0.3000244332361821
https://shopee.co.id/KAOS-KOPI-LIONG-BULAN-RAJA-LIONG-KOPI-KHAS-BOGOR-LIONG-BULAN-BISA-COD-i.931940929.42915785242?extraParams=%7B%22display_model_id%22%3A276299732011%2C%22model_selection_logic%22%3A2%7D&sp_atk=ee7abc08-df4e-4d37-92f9-63b3d17da297&xptdk=ee7abc08-df4e-4d37-92f9-63b3d17da297,KAOS KOPI LIONG BULAN - RAJA LIONG - KOPI KHAS BOGOR LIONG BULAN BISA COD,Pakaian & Fashion,Atasan & Pakaian Kasual,34000,1.0,4.6872,Toko Kaos Khas Bogor,shopee,0,kaos kopi liong bulan raja liong kopi khas bogor liong bulan bisa,52800.0,88729.0,95094.30746757053,39271.25,92250.0,0.6439393939393939,-0.5755234088924189,10.434145214930487,0,0.0,0.9374399999999999,0.281232
https://shopee.co.id/Tshirt-Bogor-Gaya-Bebas-Kaos-Tongkrongan-Bogor-Buitenzorg-Bogor-Kota-Hujan-Unisex-i.1450251130.41825098584?extraParams=%7B%22display_model_id%22%3A259048100842%2C%22model_selection_logic%22%3A2%7D&sp_atk=dd189143-4147-4f4f-873b-4da471135e19&xptdk=dd189143-4147-4f4f-873b-4da471135e19,Tshirt Bogor Gaya Bebas Kaos Tongkrongan Bogor Buitenzorg Bogor Kota Hujan Unisex,Pakaian & Fashion,Atasan & Pakaian Kasual,45000,896.9068,4.6872,Distro Kaos Bogor,shopee,0,tshirt bogor gaya bebas kaos tongkrong bogor buitenzorg bogor kota hujan unisex,52800.0,88729.0,95094.30746757053,39271.25,92250.0,0.8522727272727273,-0.4598487666037491,10.714439990727769,1,0.01563564460112742,0.9374399999999999,0.2921769512207892
https://shopee.co.id/Kaos-T-shirt-baju-BOGOR-STREET-CULTURE-DTF-kaos-distro-bogor-street-culture-Kaos-Bandung-Aesthetic-kaos-distro-pria-wanita-terlaris-i.931940929.15996743285?extraParams=%7B%22display_model_id%22%3A231115887764%2C%22model_selection_logic%22%3A2%7D&sp_atk=002530e6-df12-4d35-9fd3-ffe6d0e8efea&xptdk=002530e6-df12-4d35-9fd3-ffe6d0e8efea,Kaos T-shirt baju BOGOR STREET CULTURE DTF / kaos distro bogor street culture / Kaos Bandung Aesthetic / kaos distro pria wanita terlaris,Pakaian & Fashion,Atasan & Pakaian Kasual,38760,20.0,4.8,Kaos Distro Bogor,shopee,0,kaos t shirt baju bogor street culture dtf kaos distro bogor street culture kaos bandung aesthetic kaos distro pria wanita,52800.0,88729.0,95094.30746757053,39271.25,92250.0,0.7340909090909091,-0.52546783641114,10.565169865465496,0,0.00033159391961465296,0.96,0.28823211574373026
https://shopee.co.id/Kaos-BOGOR-RAIN-CITY-Kaos-Sovenir-Terbaru-Pria-Wanita-i.1450251130.25547060962?extraParams=%7B%22display_model_id%22%3A266630556936%2C%22model_selection_logic%22%3A2%7D&sp_atk=b6f9b72e-3e37-491f-809d-a111d5d9e916&xptdk=b6f9b72e-3e37-491f-809d-a111d5d9e916,Kaos BOGOR RAIN CITY Kaos Sovenir Terbaru Pria-Wanita,Pakaian & Fashion,Atasan & Pakaian Kasual,45000,1.0,5.0,Distro Kaos Bogor,shopee,1,kaos bogor rain city kaos sovenir baru pria wanita,52800.0,88729.0,95094.30746757053,39271.25,92250.0,0.8522727272727273,-0.4598487666037491,10.714439990727769,1,0.0,1.0,0.3
https://shopee.co.id/UNCHAL-KAOS-BOGOR-I-LOVE-BGR-CREAM-i.405059909.14680475635?extraParams=%7B%22display_model_id%22%3A68721905480%2C%22model_selection_logic%22%3A3%7D&sp_atk=e7dbd814-8ce6-40a5-af3d-8a8f7e576827&xptdk=e7dbd814-8ce6-40a5-af3d-8a8f7e576827,UNCHAL KAOS BOGOR / I LOVE BGR / CREAM,Pakaian & Fashion,Atasan & Pakaian Kasual,100000,1.0,5.0,UNCHAL,shopee,1,unchal kaos bogor i love bgr cream,52800.0,88729.0,95094.30746757053,39271.25,92250.0,1.893939393939394,0.11852444483959973,11.51293546492023,2,0.0,1.0,0.3
https://shopee.co.id/KAOS-BOGOR-CITY-OF-FOOTBALL-SPONSOR-KOTAK-MODEL-i.800139691.44206304754?extraParams=%7B%22display_model_id%22%3A237903997064%2C%22model_selection_logic%22%3A2%7D&sp_atk=de69c34a-2b48-436e-8e03-0e2ea4d23012&xptdk=de69c34a-2b48-436e-8e03-0e2ea4d23012,KAOS BOGOR CITY OF FOOTBALL SPONSOR KOTAK MODEL,Pakaian & Fashion,Atasan & Pakaian Kasual,43000,13.0,5.0,Kaos Distro Bogor,shopee,1,kaos bogor city of football sponsor kotak model,52800.0,88729.0,95094.30746757053,39271.25,92250.0,0.8143939393939394,-0.48088051974714363,10.668978650219241,1,0.00020942773870399135,1.0,0.30014659941709276
https://shopee.co.id/(TERMURAH)-Kaos-Merchandise-1Dekade-BOGOR-CB-GARDATALA-BERSATU-BAJU-Acara-Satu-Dekade-BOGOR-GARDATALA-CB-Bersatu-i.1645564909.53255706059?extraParams=%7B%22display_model_id%22%3A325515844137%2C%22model_selection_logic%22%3A2%7D&sp_atk=95e3ba17-5065-4ec2-8f5b-2f060a69c596&xptdk=95e3ba17-5065-4ec2-8f5b-2f060a69c596,(TERMURAH) Kaos Merchandise 1Dekade BOGOR CB GARDATALA BERSATU - BAJU Acara Satu Dekade BOGOR GARDATALA CB Bersatu,Pakaian & Fashion,Atasan & Pakaian Kasual,31250,896.9068,4.6872,Kaos Event Gardatala,shopee,0,murah kaos merchandise dekade bogor cb gardatala satu baju acara satu dekade bogor gardatala cb satu,52800.0,88729.0,95094.30746757053,39271.25,92250.0,0.5918560606060606,-0.6044420694645863,10.349806654652559,0,0.01563564460112742,0.9374399999999999,0.2921769512207892
https://shopee.co.id/-COD-KAOS-PERSIKABO-BOGOR-KAOS-KABOMANIA-KAOS-KABONITA-KAOS-UPCS-KAOS-VIRAL-KAOS-LEMBUT-KAOS-MURAH-KAOS-REQUEST-i.773261215.19553807364?extraParams=%7B%22display_model_id%22%3A174741019862%2C%22model_selection_logic%22%3A2%7D&sp_atk=72611d1b-4632-42f4-a593-f973b0438058&xptdk=72611d1b-4632-42f4-a593-f973b0438058,[COD] KAOS PERSIKABO BOGOR / KAOS KABOMANIA / KAOS KABONITA / KAOS UPCS / KAOS VIRAL / KAOS LEMBUT / KAOS MURAH / KAOS REQUEST,Pakaian & Fashion,Atasan & Pakaian Kasual,34000,23.0,4.6,AIGO STORE,shopee,0,kaos persikabo bogor kaos kabomania kaos kabonita kaos upcs kaos viral kaos lembut kaos kaos request,52800.0,88729.0,95094.30746757053,39271.25,92250.0,0.6439393939393939,-0.5755234088924189,10.434145214930487,0,0.0003839508542906508,0.9199999999999999,0.2762687655980034
https://shopee.co.id/KAOS-MENTALITA-BOGOR-LASKAR-PADJADJARAN-1973-GOLD-KAOS-SUPORTER-i.712083799.28326489239?extraParams=%7B%22display_model_id%22%3A252660148837%2C%22model_selection_logic%22%3A2%7D&sp_atk=02c0ba14-164f-4b1e-85cb-9d229f03063f&xptdk=02c0ba14-164f-4b1e-85cb-9d229f03063f,KAOS MENTALITA BOGOR LASKAR PADJADJARAN 1973 GOLD || KAOS SUPORTER,Pakaian & Fashion,Atasan & Pakaian Kasual,45000,14.0,5.0,Kaos Suporter Bogor,shopee,1,kaos mentalita bogor laskar padjadjaran gold kaos suporter,52800.0,88729.0,95094.30746757053,39271.25,92250.0,0.8522727272727273,-0.4598487666037491,10.714439990727769,1,0.0002268800502626573,1.0,0.30015881603518385
https://shopee.co.id/UNCHAL-KAOS-BOGOR-BOGOR-NEVER-DRY-TOSCA-i.405059909.46054944677?extraParams=%7B%22display_model_id%22%3A244148173925%2C%22model_selection_logic%22%3A3%7D&sp_atk=fd5cec75-8c9a-4252-8c7a-9f93569ccfe8&xptdk=fd5cec75-8c9a-4252-8c7a-9f93569ccfe8,UNCHAL KAOS BOGOR / BOGOR NEVER DRY / TOSCA,Pakaian & Fashion,Atasan & Pakaian Kasual,110000,896.9068,4.6872,UNCHAL,shopee,0,unchal kaos bogor bogor never dry tosca,52800.0,88729.0,95094.30746757053,39271.25,92250.0,2.0833333333333335,0.22368321055657225,11.608244735642321,2,0.01563564460112742,0.9374399999999999,0.2921769512207892
https://shopee.co.id/KAOS-BOGOR-STREATWEAR-BIG-SIZE-(S-5XL)-KAOS-BOGOR-KOTA-HUJAN-KAOS-KOTA-BOGOR-i.548298.44953627766?extraParams=%7B%22display_model_id%22%3A302282814471%2C%22model_selection_logic%22%3A3%7D&sp_atk=028fdb8f-342b-44b5-896a-ff9ef0bdce7c&xptdk=028fdb8f-342b-44b5-896a-ff9ef0bdce7c,KAOS BOGOR STREATWEAR BIG SIZE (S-5XL) KAOS BOGOR KOTA HUJAN / KAOS KOTA BOGOR,Pakaian & Fashion,Atasan & Pakaian Kasual,59999,896.9068,4.6872,Kaos Distro Bogor,shopee,0,kaos bogor streatwear big size s xl kaos bogor kota hujan kaos kota bogor,52800.0,88729.0,95094.30746757053,39271.25,92250.0,1.1363446969696969,-0.30212113390486206,11.002099841204238,1,0.01563564460112742,0.9374399999999999,0.2921769512207892
https://shopee.co.id/KAOS-KATA-BOGOR-RAIN-CITY-KAOS-MURAH-KAOS-DISTRO-KAOS-PRIA-KAOS-WANITA-KAOS-SUNDA-i.28502216.10314183923?extraParams=%7B%22display_model_id%22%3A110775465735%2C%22model_selection_logic%22%3A3%7D&sp_atk=cfee30a6-b09d-42ea-aff4-d684ffeb6613&xptdk=cfee30a6-b09d-42ea-aff4-d684ffeb6613,KAOS KATA - BOGOR RAIN CITY / KAOS MURAH / KAOS DISTRO / KAOS PRIA / KAOS WANITA / KAOS SUNDA,Pakaian & Fashion,Atasan & Pakaian Kasual,53541,397.0,4.7,Kaos Distro Bogor,shopee,0,kaos kata bogor rain city kaos kaos distro kaos pria kaos wanita kaos sunda,52800.0,88729.0,95094.30746757053,39271.25,92250.0,1.0140340909090908,-0.3700326648048829,10.888221671625066,1,0.006911115377231714,0.9400000000000001,0.28683778076406224
https://shopee.co.id/Tshirt-Kaos-Oblong-Pria-Premiun-Kaos-Bogor-Kaos-Oleh-Oleh-Bogor-Katun-Combed-30s-i.407241797.24255558998?extraParams=%7B%22display_model_id%22%3A108319530771%2C%22model_selection_logic%22%3A3%7D&sp_atk=2258236f-bfc4-4a3b-9e1d-1835f91efd02&xptdk=2258236f-bfc4-4a3b-9e1d-1835f91efd02,Tshirt Kaos Oblong Pria Premiun Kaos Bogor Kaos Oleh Oleh Bogor Katun Combed 30s,Pakaian & Fashion,Atasan & Pakaian Kasual,60000,1.0,4.0,Mf-Shop,shopee,0,tshirt kaos oblong pria premiun kaos bogor kaos bogor katun combed s,52800.0,88729.0,95094.30746757053,39271.25,92250.0,1.1363636363636365,-0.30211061802829037,11.002116507732017,1,0.0,0.8,0.24
https://shopee.co.id/Tshirt-Kaos-Indonesia-Bogor-City-Premium-Quality-Baju-Kota-Bogor-Indonesia-Oleh2-Premium-Quality-Kaos-Oleh-Oleh-Liburan-Pria-Distro-Kaos-Tshirt-Souvenir-Jalan-Jalan-Luar-Negeri-Baju-Pria-Distro-Nasional-Negara-i.1728051388.53606150835?extraParams=%7B%22display_model_id%22%3A370562845022%2C%22model_selection_logic%22%3A2%7D&sp_atk=e6fcd932-0228-4bea-a0b1-d8bfeca9e98a&xptdk=e6fcd932-0228-4bea-a0b1-d8bfeca9e98a,Tshirt Kaos Indonesia Bogor City Premium Quality  - Baju Kota Bogor Indonesia Oleh2 Premium Quality - Kaos Oleh-Oleh Liburan Pria Distro - Kaos Tshirt Souvenir Jalan-Jalan Luar Negeri - Baju Pria Distro Nasional Negara,Pakaian & Fashion,Atasan & Pakaian Kasual,58560,896.9068,4.6872,Kaos Distro Umum,shopee,0,tshirt kaos indonesia bogor city premium quality baju kota bogor indonesia premium quality kaos libur pria distro kaos tshirt souvenir jalan jalan luar negeri baju pria distro nasional negara,52800.0,88729.0,95094.30746757053,39271.25,92250.0,1.1090909090909091,-0.3172534802915344,10.977824224992123,1,0.01563564460112742,0.9374399999999999,0.2921769512207892
https://shopee.co.id/UNCHAL-KAOS-BOGOR-BOGOR-NEVER-DRY-HITAM-i.405059909.21085438381?extraParams=%7B%22display_model_id%22%3A109032606591%2C%22model_selection_logic%22%3A3%7D&sp_atk=cda6237d-c306-455b-8197-d703aaf44aa8&xptdk=cda6237d-c306-455b-8197-d703aaf44aa8,UNCHAL KAOS BOGOR/ BOGOR NEVER DRY /HITAM,Pakaian & Fashion,Atasan & Pakaian Kasual,110000,896.9068,4.6872,Kaos Distro Umum,shopee,0,unchal kaos bogor bogor never dry hitam,52800.0,88729.0,95094.30746757053,39271.25,92250.0,2.0833333333333335,0.22368321055657225,11.608244735642321,2,0.01563564460112742,0.9374399999999999,0.2921769512207892
https://shopee.co.id/(TERMURAH)-Kaos-Merchandise-1Dekade-BOGOR-CB-GARDATALA-BERSATU-BAJU-Acara-Satu-Dekade-BOGOR-GARDATALA-CB-Bersatu-Acara-Tanggal-26-Juli-2025-i.1348509541.27788799937?extraParams=%7B%22display_model_id%22%3A295751684142%2C%22model_selection_logic%22%3A2%7D&sp_atk=41b76f92-817f-4ede-83fa-86f78e39e4fe&xptdk=41b76f92-817f-4ede-83fa-86f78e39e4fe,(TERMURAH) Kaos Merchandise 1Dekade BOGOR CB GARDATALA BERSATU - BAJU Acara Satu Dekade BOGOR GARDATALA CB Bersatu Acara Tanggal 26 Juli 2025,Pakaian & Fashion,Atasan & Pakaian Kasual,43750,82.0,4.1,Kaos Distro Umum,shopee,0,murah kaos merchandise dekade bogor cb gardatala satu baju acara satu dekade bogor gardatala cb satu acara tanggal juli,52800.0,88729.0,95094.30746757053,39271.25,92250.0,0.8285984848484849,-0.4729936123183707,10.686269748667398,1,0.0014136372362519415,0.82,0.24698954606537632
https://shopee.co.id/(TERMURAH)-Kaos-Merchandise-1Dekade-BOGOR-CB-GARDATALA-BERSATU-BAJU-Acara-Satu-Dekade-BOGOR-GARDATALA-CB-Bersatu-Acara-Tanggal-26-Juli-2025-i.1668860551.53000861983?extraParams=%7B%22display_model_id%22%3A238197043353%2C%22model_selection_logic%22%3A2%7D&sp_atk=20466553-d70f-4bc1-a4dd-5975099ef584&xptdk=20466553-d70f-4bc1-a4dd-5975099ef584,(TERMURAH) Kaos Merchandise 1Dekade BOGOR CB GARDATALA BERSATU - BAJU Acara Satu Dekade BOGOR GARDATALA CB Bersatu Acara Tanggal 26 Juli 2025,Pakaian & Fashion,Atasan & Pakaian Kasual,41525,7.0,5.0,Kaos Event Gardatala,shopee,1,murah kaos merchandise dekade bogor cb gardatala satu baju acara satu dekade bogor gardatala cb satu acara tanggal juli,52800.0,88729.0,95094.30746757053,39271.25,92250.0,0.7864583333333334,-0.4963914376903971,10.634075016069918,1,0.00010471386935199568,1.0,0.3000732997085464
https://shopee.co.id/Kaos-Kota-Bogor-Casual-T-Shirt-Premium-Original-i.1361107814.27034014853?extraParams=%7B%22display_model_id%22%3A186008576762%2C%22model_selection_logic%22%3A2%7D&sp_atk=67463599-49c0-419b-b610-73e37c42290a&xptdk=67463599-49c0-419b-b610-73e37c42290a,Kaos Kota Bogor Casual T-Shirt Premium Original,Pakaian & Fashion,Atasan & Pakaian Kasual,52000,11.0,4.6,Mf-Shop,shopee,0,kaos kota bogor casual t shirt premium,52800.0,88729.0,95094.30746757053,39271.25,92250.0,0.9848484848484849,-0.3862376306018684,10.859018228147887,1,0.00017452311558665946,0.9199999999999999,0.2761221661809106
https://shopee.co.id/Kaos-Merchandise-1Dekade-BOGOR-CB-GARDATALA-BERSATU-Tanggal-26-Juli-2025-i.1604805767.54702634357?extraParams=%7B%22display_model_id%22%3A365254714115%2C%22model_selection_logic%22%3A2%7D&sp_atk=a825ae9f-4ed8-46ab-b613-5db5caabf55e&xptdk=a825ae9f-4ed8-46ab-b613-5db5caabf55e,Kaos Merchandise 1Dekade BOGOR CB GARDATALA BERSATU Tanggal 26 Juli 2025,Pakaian & Fashion,Atasan & Pakaian Kasual,39500,2.0,4.0,Kaos Distro Bogor,shopee,0,kaos merchandise dekade bogor cb gardatala satu tanggal juli,52800.0,88729.0,95094.30746757053,39271.25,92250.0,0.7481060606060606,-0.517686087748084,10.584081267024454,1,1.7452311558665946e-05,0.8,0.24001221661809105
https://shopee.co.id/UNCHAL-KAOS-BOGOR-BOGOR-IS-HERE-KUNING-i.405059909.47604958632?extraParams=%7B%22display_model_id%22%3A315456379597%2C%22model_selection_logic%22%3A3%7D&sp_atk=2599a443-438d-4568-b502-6a244caced1f&xptdk=2599a443-438d-4568-b502-6a244caced1f,UNCHAL KAOS BOGOR / BOGOR IS HERE / KUNING,Pakaian & Fashion,Atasan & Pakaian Kasual,110000,896.9068,4.6872,Kaos Distro Bogor,shopee,0,unchal kaos bogor bogor is here kuning,52800.0,88729.0,95094.30746757053,39271.25,92250.0,2.0833333333333335,0.22368321055657225,11.608244735642321,2,0.01563564460112742,0.9374399999999999,0.2921769512207892
https://shopee.co.id/UNCHAL-KAOS-BOGOR-BND-CUACA-NAVY-i.405059909.41717416774?extraParams=%7B%22display_model_id%22%3A261435928189%2C%22model_selection_logic%22%3A3%7D&sp_atk=02ba93d8-dad6-4e86-a260-e4a7bcbc2d15&xptdk=02ba93d8-dad6-4e86-a260-e4a7bcbc2d15,UNCHAL KAOS BOGOR / BND CUACA / NAVY,Pakaian & Fashion,Atasan & Pakaian Kasual,110000,1.0,4.0,Mf-Shop,shopee,0,unchal kaos bogor bnd cuaca navy,52800.0,88729.0,95094.30746757053,39271.25,92250.0,2.0833333333333335,0.22368321055657225,11.608244735642321,2,0.0,0.8,0.24
https://shopee.co.id/KAOS-BOGOR-CITY-OF-FOOTBALL-SPONSOR-KOTAK-i.1684363587.49553247533?extraParams=%7B%22display_model_id%22%3A415310949538%2C%22model_selection_logic%22%3A3%7D&sp_atk=a3c185e8-2bb2-48a5-9477-97cfd24f70b9&xptdk=a3c185e8-2bb2-48a5-9477-97cfd24f70b9,KAOS BOGOR CITY OF FOOTBALL SPONSOR KOTAK,Pakaian & Fashion,Atasan & Pakaian Kasual,59999,896.9068,4.6872,UNCHAL,shopee,0,kaos bogor city of football sponsor kotak,52800.0,88729.0,95094.30746757053,39271.25,92250.0,1.1363446969696969,-0.30212113390486206,11.002099841204238,1,0.01563564460112742,0.9374399999999999,0.2921769512207892
https://shopee.co.id/Tshirt-Bogor-Lads-CLub-Kaos-Supporter-Persikabo-Bogor-Unisex-i.1450251130.24497501985?extraParams=%7B%22display_model_id%22%3A286995407429%2C%22model_selection_logic%22%3A2%7D&sp_atk=c67f278a-072e-4b18-adb3-398a9cf77e20&xptdk=c67f278a-072e-4b18-adb3-398a9cf77e20,Tshirt Bogor Lads CLub Kaos Supporter Persikabo Bogor Unisex,Pakaian & Fashion,Atasan & Pakaian Kasual,45000,896.9068,4.6872,Kaos Distro Umum,shopee,0,tshirt bogor lads club kaos supporter persikabo bogor unisex,52800.0,88729.0,95094.30746757053,39271.25,92250.0,0.8522727272727273,-0.4598487666037491,10.714439990727769,1,0.01563564460112742,0.9374399999999999,0.2921769512207892
https://shopee.co.id/KAOS-TSHIRT-BOGOR-FOOTBALL-CULTURE-1973-TSHIRT-NEW-i.975830587.47355639517?extraParams=%7B%22display_model_id%22%3A307378001141%2C%22model_selection_logic%22%3A2%7D&sp_atk=7342e5bc-9d36-459a-96d2-57d26515dd1d&xptdk=7342e5bc-9d36-459a-96d2-57d26515dd1d,KAOS TSHIRT BOGOR FOOTBALL CULTURE 1973//TSHIRT NEW,Pakaian & Fashion,Atasan & Pakaian Kasual,45000,896.9068,4.6872,UNCHAL,shopee,0,kaos tshirt bogor football culture tshirt new,52800.0,88729.0,95094.30746757053,39271.25,92250.0,0.8522727272727273,-0.4598487666037491,10.714439990727769,1,0.01563564460112742,0.9374399999999999,0.2921769512207892
https://shopee.co.id/Tshirt-Atasana-Kaos-Dewada-Pria-Wanita-Unisex-Kaos-Oleh-Oeh-Bogor-Katun-Combed-30s-Kaos-Bogor-Premium-i.407241797.40807195232?extraParams=%7B%22display_model_id%22%3A265609509478%2C%22model_selection_logic%22%3A3%7D&sp_atk=d8fefc40-ae28-459e-ba9b-40962e69a201&xptdk=d8fefc40-ae28-459e-ba9b-40962e69a201,Tshirt Atasana Kaos Dewada Pria Wanita Unisex Kaos Oleh Oeh Bogor Katun Combed 30s Kaos Bogor Premium,Pakaian & Fashion,Atasan & Pakaian Kasual,65000,896.9068,4.6872,Kaos Distro Bogor,shopee,0,tshirt atasana kaos dewada pria wanita unisex kaos oeh bogor katun combed s kaos bogor premium,52800.0,88729.0,95094.30746757053,39271.25,92250.0,1.231060606060606,-0.2495312351698041,11.082157933374816,1,0.01563564460112742,0.9374399999999999,0.2921769512207892
https://shopee.co.id/Mf-Shop-Kaos-Oleh-Oleh-Bogor-Kaos-Katun-Combed-30s-Kaos-Bogor-i.407241797.44357037591?extraParams=%7B%22display_model_id%22%3A295596961236%2C%22model_selection_logic%22%3A3%7D&sp_atk=0568de6f-9aa7-448e-b16c-c8224b418532&xptdk=0568de6f-9aa7-448e-b16c-c8224b418532,Mf Shop Kaos Oleh Oleh Bogor Kaos Katun Combed 30s Kaos Bogor,Pakaian & Fashion,Atasan & Pakaian Kasual,75000,896.9068,4.6872,Kaos Distro Umum,shopee,0,mf shop kaos bogor kaos katun combed s kaos bogor,52800.0,88729.0,95094.30746757053,39271.25,92250.0,1.4204545454545454,-0.14437246945283158,11.225256725762893,1,0.01563564460112742,0.9374399999999999,0.2921769512207892
https://shopee.co.id/Sehari-jadi!!-Kaos-T-shirt-baju-BOGOR-STREET-CULTURE-DTF-kaos-distro-bogor-street-culture-Kaos-Bandung-Aesthetic-kaos-distro-pria-wanita-terlaris-bisa-COD-Kaos-Terbaru-Kaos-Viral-Kaos-Nama-Kota-Kaos-Cattoon-Combad-30s-i.994867183.23641356209?extraParams=%7B%22display_model_id%22%3A165872231640%2C%22model_selection_logic%22%3A2%7D&sp_atk=5fc7f490-705c-496c-87d3-d1b2d41b9ef1&xptdk=5fc7f490-705c-496c-87d3-d1b2d41b9ef1,Sehari jadi!! Kaos T-shirt baju BOGOR STREET CULTURE DTF / kaos distro bogor street culture / Kaos Bandung Aesthetic / kaos distro pria wanita terlaris bisa COD / Kaos Terbaru / Kaos Viral / Kaos Nama Kota / Kaos Cattoon Combad 30s,Pakaian & Fashion,Atasan & Pakaian Kasual,33000,18.0,5.0,Kaos Distro Umum,shopee,1,hari jadi kaos t shirt baju bogor street culture dtf kaos distro bogor street culture kaos bandung aesthetic kaos distro pria wanita bisa kaos baru kaos viral kaos nama kota kaos cattoon combad s,52800.0,88729.0,95094.30746757053,39271.25,92250.0,0.625,-0.5860392854641162,10.404293143019792,0,0.00029668929649732104,1.0,0.3002076825075481
https://shopee.co.id/Kaos-Indonesia-Bogor-Premium-Tshirt-New-Series-Baju-Kota-Bogor-Indonesian-Oleh2-Premium-Quality-Kaos-Oleh-Oleh-Liburan-Pria-Distro-Kaos-Tshirt-Souvenir-Jalan-Jalan-Luar-Negeri-Baju-Pria-Distro-Nasional-Negara-i.481153548.28086784974?extraParams=%7B%22display_model_id%22%3A234248228895%2C%22model_selection_logic%22%3A2%7D&sp_atk=ee842859-75fc-464c-93e4-83faa41e44dd&xptdk=ee842859-75fc-464c-93e4-83faa41e44dd,Kaos Indonesia Bogor Premium Tshirt New Series - Baju Kota Bogor Indonesian Oleh2 Premium Quality - Kaos Oleh-Oleh Liburan Pria Distro - Kaos Tshirt Souvenir Jalan-Jalan Luar Negeri - Baju Pria Distro Nasional Negara,Pakaian & Fashion,Atasan & Pakaian Kasual,54150,896.9068,4.6872,Kaos Distro Bogor,shopee,0,kaos indonesia bogor premium tshirt new series baju kota bogor indonesian premium quality kaos libur pria distro kaos tshirt souvenir jalan jalan luar negeri baju pria distro nasional negara,52800.0,88729.0,95094.30746757053,39271.25,92250.0,1.0255681818181819,-0.3636284959727193,10.899531719479302,1,0.01563564460112742,0.9374399999999999,0.2921769512207892
https://shopee.co.id/Tshirt-Kaos-Indonesia-Bogor-City-Premium-Quality-Baju-Kota-Bogor-Indonesia-Oleh2-Premium-Quality-Kaos-Oleh-Oleh-Liburan-Pria-Distro-Kaos-Tshirt-Souvenir-Jalan-Jalan-Luar-Negeri-Baju-Pria-Distro-Nasional-Negara-i.1290261309.52801793120?extraParams=%7B%22display_model_id%22%3A425166248281%2C%22model_selection_logic%22%3A2%7D&sp_atk=f53a03ca-8b64-435a-a15c-ad682bee14fe&xptdk=f53a03ca-8b64-435a-a15c-ad682bee14fe,Tshirt Kaos Indonesia Bogor City Premium Quality  - Baju Kota Bogor Indonesia Oleh2 Premium Quality - Kaos Oleh-Oleh Liburan Pria Distro - Kaos Tshirt Souvenir Jalan-Jalan Luar Negeri - Baju Pria Distro Nasional Negara,Pakaian & Fashion,Atasan & Pakaian Kasual,51680,1.0,4.6872,Kaos Distro Bogor,shopee,0,tshirt kaos indonesia bogor city premium quality baju kota bogor indonesia premium quality kaos libur pria distro kaos tshirt souvenir jalan jalan luar negeri baju pria distro nasional negara,52800.0,88729.0,95094.30746757053,39271.25,92250.0,0.9787878787878788,-0.3896027111048115,10.852845488114479,1,0.0,0.9374399999999999,0.281232
https://shopee.co.id/KAOS-BOGOR-INDONESIA-SEJARAH-KOTA-i.1713343239.41578601085?extraParams=%7B%22display_model_id%22%3A385528605760%2C%22model_selection_logic%22%3A2%7D&sp_atk=5b857f56-778c-4841-8dda-81f1324eeb87&xptdk=5b857f56-778c-4841-8dda-81f1324eeb87,KAOS BOGOR INDONESIA SEJARAH KOTA,Pakaian & Fashion,Atasan & Pakaian Kasual,52320,896.9068,4.6872,UNCHAL,shopee,0,kaos bogor indonesia sejarah kota,52800.0,88729.0,95094.30746757053,39271.25,92250.0,0.990909090909091,-0.3828725500989253,10.865153099098274,1,0.01563564460112742,0.9374399999999999,0.2921769512207892
https://shopee.co.id/T-shirt-BOGOR-STILL-HIGH-Kaos-Best-Seller-Baju-CasulUltra-Hooligans-kaos-Kota-Bogor-i.1543803762.47405815727?extraParams=%7B%22display_model_id%22%3A206362902106%2C%22model_selection_logic%22%3A2%7D&sp_atk=2b962a10-1629-4eab-85f0-5f6f86d9e5b2&xptdk=2b962a10-1629-4eab-85f0-5f6f86d9e5b2,T-shirt BOGOR STILL HIGH / Kaos Best Seller / Baju CasulUltra Hooligans / kaos Kota Bogor,Pakaian & Fashion,Atasan & Pakaian Kasual,52735,896.9068,4.6872,Kaos Distro Bogor,shopee,0,t shirt bogor still high kaos best seller baju casulultra hooligans kaos kota bogor,52800.0,88729.0,95094.30746757053,39271.25,92250.0,0.9987689393939394,-0.37850846132167093,10.873053613269143,1,0.01563564460112742,0.9374399999999999,0.2921769512207892
https://shopee.co.id/(TERMURAH)-Kaos-Merchandise-1Dekade-BOGOR-CB-GARDATALA-BERSATU-BAJU-Acara-Satu-Dekade-BOGOR-GARDATALA-CB-Bersatu-i.1360351976.29139171656?extraParams=%7B%22display_model_id%22%3A243674963056%2C%22model_selection_logic%22%3A2%7D&sp_atk=c9721a15-9622-44a0-a14f-89b30b5b3bd5&xptdk=c9721a15-9622-44a0-a14f-89b30b5b3bd5,(TERMURAH) Kaos Merchandise 1Dekade BOGOR CB GARDATALA BERSATU - BAJU Acara Satu Dekade BOGOR GARDATALA CB Bersatu,Pakaian & Fashion,Atasan & Pakaian Kasual,49750,72.0,4.7,Kaos Distro Umum,shopee,0,murah kaos merchandise dekade bogor cb gardatala satu baju acara satu dekade bogor gardatala cb satu,52800.0,88729.0,95094.30746757053,39271.25,92250.0,0.9422348484848485,-0.4098983528881872,10.81478584288724,1,0.0012391141206652822,0.9400000000000001,0.28286737988446575
https://shopee.co.id/Promo-Tshirt-Pria-Premium-Katun-Kombed-Kaos-Bogor-Kaos-Oleh-Oleh-Bogor-Unisex-i.407241797.16199695931?extraParams=%7B%22display_model_id%22%3A128813710485%2C%22model_selection_logic%22%3A3%7D&sp_atk=b671dc49-d94a-4a0b-bc5d-819454c634f6&xptdk=b671dc49-d94a-4a0b-bc5d-819454c634f6,Promo Tshirt Pria Premium Katun Kombed Kaos Bogor /Kaos Oleh Oleh Bogor Unisex,Pakaian & Fashion,Atasan & Pakaian Kasual,68000,896.9068,4.6872,Kaos STM Bogor,shopee,0,tshirt pria premium katun kombed kaos bogor kaos bogor unisex,52800.0,88729.0,95094.30746757053,39271.25,92250.0,1.2878787878787878,-0.21798360545471235,11.127277689932466,1,0.01563564460112742,0.9374399999999999,0.2921769512207892
https://shopee.co.id/Kaos-T-shirt-baju-BOGOR-STREET-CULTURE-DTF-kaos-distro-bogor-street-culture-Ready-i.1341300108.44361617807?extraParams=%7B%22display_model_id%22%3A270974567048%2C%22model_selection_logic%22%3A2%7D&sp_atk=752a3bf0-7e67-42fb-af82-6b0c43e29c44&xptdk=752a3bf0-7e67-42fb-af82-6b0c43e29c44,Kaos T-shirt baju BOGOR STREET CULTURE DTF / kaos distro bogor street culture Ready,Pakaian & Fashion,Atasan & Pakaian Kasual,33000,6.0,5.0,Kaos Event Gardatala,shopee,1,kaos t shirt baju bogor street culture dtf kaos distro bogor street culture ready,52800.0,88729.0,95094.30746757053,39271.25,92250.0,0.625,-0.5860392854641162,10.404293143019792,0,8.726155779332973e-05,1.0,0.3000610830904553
https://shopee.co.id/KAOS-PLAT-F-BOGOR-TSHIRT-NEW-i.1714785267.55306082660?extraParams=%7B%22display_model_id%22%3A430553855863%2C%22model_selection_logic%22%3A2%7D&sp_atk=e44d1d12-6375-4e49-8f47-9e4acacd7efe&xptdk=e44d1d12-6375-4e49-8f47-9e4acacd7efe,KAOS PLAT F BOGOR//TSHIRT NEW,Pakaian & Fashion,Atasan & Pakaian Kasual,52320,896.9068,4.6872,Gudang Kaos,shopee,0,kaos plat f bogor tshirt new,52800.0,88729.0,95094.30746757053,39271.25,92250.0,0.990909090909091,-0.3828725500989253,10.865153099098274,1,0.01563564460112742,0.9374399999999999,0.2921769512207892
https://shopee.co.id/Promo-Tshirt-Kaos-Oblong-Lengan-Pedek-Katun-Kombed-30s-Kaos-Bogor-Unisex-i.407241797.25006217139?extraParams=%7B%22display_model_id%22%3A176291138378%2C%22model_selection_logic%22%3A3%7D&sp_atk=79834df4-20f4-44ba-925d-e133dffc92df&xptdk=79834df4-20f4-44ba-925d-e133dffc92df,Promo Tshirt Kaos Oblong Lengan Pedek Katun Kombed 30s Kaos Bogor Unisex,Pakaian & Fashion,Atasan & Pakaian Kasual,60000,1.0,4.0,Kaos Distro Bogor,shopee,0,tshirt kaos oblong lengan dek katun kombed s kaos bogor unisex,52800.0,88729.0,95094.30746757053,39271.25,92250.0,1.1363636363636365,-0.30211061802829037,11.002116507732017,1,0.0,0.8,0.24
https://shopee.co.id/UNCHAL-KAOS-BOGOR-UNCHAL-PAYUNG-HITAM-LS-i.405059909.48804949139?extraParams=%7B%22display_model_id%22%3A340455863756%2C%22model_selection_logic%22%3A3%7D&sp_atk=389f2de0-c30e-4c84-8019-3b44ca926ed0&xptdk=389f2de0-c30e-4c84-8019-3b44ca926ed0,UNCHAL KAOS BOGOR / UNCHAL PAYUNG / HITAM LS,Pakaian & Fashion,Atasan & Pakaian Kasual,125000,896.9068,4.6872,UNCHAL,shopee,0,unchal kaos bogor unchal payung hitam ls,52800.0,88729.0,95094.30746757053,39271.25,92250.0,2.367424242424242,0.38142135913203107,11.736077016252437,2,0.01563564460112742,0.9374399999999999,0.2921769512207892
https://shopee.co.id/T-shirt-BOGOR-STILL-HIGH-Kaos-Best-Seller-Baju-CasulUltra-Hooligans-kaos-Kota-Bogor-i.1543803762.47405815727?extraParams=%7B%22display_model_id%22%3A206362902106%2C%22model_selection_logic%22%3A2%7D&sp_atk=688c6e91-3568-4481-9117-a266262323e1&xptdk=688c6e91-3568-4481-9117-a266262323e1,T-shirt BOGOR STILL HIGH / Kaos Best Seller / Baju CasulUltra Hooligans / kaos Kota Bogor,Pakaian & Fashion,Atasan & Pakaian Kasual,52735,896.9068,4.6872,Kaos Event Gardatala,shopee,0,t shirt bogor still high kaos best seller baju casulultra hooligans kaos kota bogor,52800.0,88729.0,95094.30746757053,39271.25,92250.0,0.9987689393939394,-0.37850846132167093,10.873053613269143,1,0.01563564460112742,0.9374399999999999,0.2921769512207892
https://shopee.co.id/UNCHAL-KAOS-BOGOR-0251-HITAM-i.405059909.24505504976?extraParams=%7B%22display_model_id%22%3A245143790512%2C%22model_selection_logic%22%3A3%7D&sp_atk=e926fd41-5464-4c79-81c4-48e380ced70e&xptdk=e926fd41-5464-4c79-81c4-48e380ced70e,UNCHAL KAOS BOGOR/0251/HITAM,Pakaian & Fashion,Atasan & Pakaian Kasual,110000,2.0,5.0,Kaos Event Gardatala,shopee,1,unchal kaos bogor hitam,52800.0,88729.0,95094.30746757053,39271.25,92250.0,2.0833333333333335,0.22368321055657225,11.608244735642321,2,1.7452311558665946e-05,1.0,0.3000122166180911
https://shopee.co.id/Kaos-Bogor-Culture-baju-dewasa-Culture-Sablon-Dtf-ready-i.30627716.58053354962?extraParams=%7B%22display_model_id%22%3A109592637895%2C%22model_selection_logic%22%3A2%7D&sp_atk=bb950daa-d206-44d0-a109-17db1d35abcb&xptdk=bb950daa-d206-44d0-a109-17db1d35abcb,Kaos Bogor Culture baju dewasa Culture Sablon Dtf ready,Pakaian & Fashion,Atasan & Pakaian Kasual,39600,3.0,5.0,UNCHAL,shopee,1,kaos bogor culture baju dewasa culture sablon dtf ready,52800.0,88729.0,95094.30746757053,39271.25,92250.0,0.75,-0.5166345000909143,10.586609649448985,1,3.490462311733189e-05,1.0,0.3000244332361821
https://shopee.co.id/KAOS-BUITENZORG-BOGOR-KAOS-BOGOR-PRIDE-DISTRO-PRIA-DAN-WANITA-KAOS-VIRAL-TREND-(COD)-i.1645564909.46605713603?extraParams=%7B%22display_model_id%22%3A350515891309%2C%22model_selection_logic%22%3A2%7D&sp_atk=ba7f358b-2c56-4f4c-86b6-663f0cdc0199&xptdk=ba7f358b-2c56-4f4c-86b6-663f0cdc0199,KAOS BUITENZORG BOGOR - KAOS BOGOR PRIDE - DISTRO PRIA DAN WANITA - KAOS VIRAL -TREND (COD),Pakaian & Fashion,Atasan & Pakaian Kasual,31250,896.9068,4.6872,Kaos Souvenir Daerah,shopee,0,kaos buitenzorg bogor kaos bogor pride distro pria wanita kaos viral trend,52800.0,88729.0,95094.30746757053,39271.25,92250.0,0.5918560606060606,-0.6044420694645863,10.349806654652559,0,0.01563564460112742,0.9374399999999999,0.2921769512207892
https://shopee.co.id/KAOS-BOGOR-INDONESIA-SEJARAH-KOTA-i.1713343239.41578601085?extraParams=%7B%22display_model_id%22%3A385528605760%2C%22model_selection_logic%22%3A2%7D&sp_atk=39214740-aa3e-47be-b892-f0d1abac59c9&xptdk=39214740-aa3e-47be-b892-f0d1abac59c9,KAOS BOGOR INDONESIA SEJARAH KOTA,Pakaian & Fashion,Atasan & Pakaian Kasual,52320,896.9068,4.6872,Kaos Event Gardatala,shopee,0,kaos bogor indonesia sejarah kota,52800.0,88729.0,95094.30746757053,39271.25,92250.0,0.990909090909091,-0.3828725500989253,10.865153099098274,1,0.01563564460112742,0.9374399999999999,0.2921769512207892
https://shopee.co.id/Kaos-Bogor-Baju-Dewasa-Pria-Wanita-Ready-i.1281955048.56051821005?extraParams=%7B%22display_model_id%22%3A345335466099%2C%22model_selection_logic%22%3A2%7D&sp_atk=ecd3213c-61e8-48f6-b30b-3cce37c44dff&xptdk=ecd3213c-61e8-48f6-b30b-3cce37c44dff,Kaos Bogor Baju Dewasa Pria Wanita Ready,Pakaian & Fashion,Atasan & Pakaian Kasual,42570,896.9068,4.6872,Kaos STM Bogor,shopee,0,kaos bogor baju dewasa pria wanita ready,52800.0,88729.0,95094.30746757053,39271.25,92250.0,0.80625,-0.4854023466729735,10.658928549267461,1,0.01563564460112742,0.9374399999999999,0.2921769512207892
https://shopee.co.id/KAOS-PLAT-F-BOGOR-TSHIRT-NEW-i.1714785267.55306082660?extraParams=%7B%22display_model_id%22%3A430553855863%2C%22model_selection_logic%22%3A2%7D&sp_atk=43c42be9-b54a-4e40-9d02-6a2d0942b7e5&xptdk=43c42be9-b54a-4e40-9d02-6a2d0942b7e5,KAOS PLAT F BOGOR//TSHIRT NEW,Pakaian & Fashion,Atasan & Pakaian Kasual,52320,896.9068,4.6872,Kaos Distro Bogor,shopee,0,kaos plat f bogor tshirt new,52800.0,88729.0,95094.30746757053,39271.25,92250.0,0.990909090909091,-0.3828725500989253,10.865153099098274,1,0.01563564460112742,0.9374399999999999,0.2921769512207892
https://shopee.co.id/UNCHAL-KAOS-BOGOR-TUGU-KUJANG-ABU-TUA-i.405059909.26321400831?extraParams=%7B%22display_model_id%22%3A89073097336%2C%22model_selection_logic%22%3A3%7D&sp_atk=2d8176e4-0b39-4f10-a420-82f998c2b7fc&xptdk=2d8176e4-0b39-4f10-a420-82f998c2b7fc,UNCHAL KAOS BOGOR / TUGU KUJANG / ABU TUA,Pakaian & Fashion,Atasan & Pakaian Kasual,110000,896.9068,4.6872,UNCHAL,shopee,0,unchal kaos bogor tugu kujang abu tua,52800.0,88729.0,95094.30746757053,39271.25,92250.0,2.0833333333333335,0.22368321055657225,11.608244735642321,2,0.01563564460112742,0.9374399999999999,0.2921769512207892
https://shopee.co.id/KAOS-BOGOR-OUR-PRIDE-CORAK-FONT-BERGAMBAR-i.1136522396.28975432395?extraParams=%7B%22display_model_id%22%3A79516837365%2C%22model_selection_logic%22%3A2%7D&sp_atk=f713e61a-d302-4c35-bf7b-c58034378fa7&xptdk=f713e61a-d302-4c35-bf7b-c58034378fa7,KAOS BOGOR OUR PRIDE CORAK FONT BERGAMBAR,Pakaian & Fashion,Atasan & Pakaian Kasual,45000,1.0,4.6872,UNCHAL,shopee,0,kaos bogor our pride corak font gambar,52800.0,88729.0,95094.30746757053,39271.25,92250.0,0.8522727272727273,-0.4598487666037491,10.714439990727769,1,0.0,0.9374399999999999,0.281232
https://shopee.co.id/Promo-Kaos-Bogor-Kaos-Oleh-Oleh-Bogor-Tshirt-Dewasa-Premium-Full-Katun-Kombed-i.232606509.23688006299?extraParams=%7B%22display_model_id%22%3A147168584447%2C%22model_selection_logic%22%3A3%7D&sp_atk=e0755886-de98-4384-b124-c8d95d481463&xptdk=e0755886-de98-4384-b124-c8d95d481463,Promo Kaos Bogor Kaos Oleh Oleh Bogor Tshirt Dewasa Premium Full Katun Kombed,Pakaian & Fashion,Atasan & Pakaian Kasual,65000,2.0,5.0,UNCHAL,shopee,1,kaos bogor kaos bogor tshirt dewasa premium full katun kombed,52800.0,88729.0,95094.30746757053,39271.25,92250.0,1.231060606060606,-0.2495312351698041,11.082157933374816,1,1.7452311558665946e-05,1.0,0.3000122166180911
https://shopee.co.id/kaos-stm30-aoetkhaen30-bogor-kaos-stm-dan-smk-i.548298.24370573950?extraParams=%7B%22display_model_id%22%3A236163525925%2C%22model_selection_logic%22%3A3%7D&sp_atk=a0d66030-f499-4181-a26a-c75bda2c58a2&xptdk=a0d66030-f499-4181-a26a-c75bda2c58a2,kaos stm30 aoetkhaen30 bogor/kaos stm dan smk,Pakaian & Fashion,Atasan & Pakaian Kasual,54999,896.9068,4.6872,Kaos Distro Umum,shopee,0,kaos stm aoetkhaen bogor kaos stm smk,52800.0,88729.0,95094.30746757053,39271.25,92250.0,1.0416477272727274,-0.35470051676334835,10.915088464214607,1,0.01563564460112742,0.9374399999999999,0.2921769512207892
https://shopee.co.id/(TERMURAH)-Kaos-Merchandise-1Dekade-BOGOR-CB-GARDATALA-BERSATU-BAJU-Acara-Satu-Dekade-BOGOR-GARDATALA-CB-Bersatu-Acara-Tanggal-26-Juli-2025-i.1270532647.41609649606?extraParams=%7B%22display_model_id%22%3A260809503016%2C%22model_selection_logic%22%3A2%7D&sp_atk=eae2587b-c6e4-43c1-8f68-81df600669b5&xptdk=eae2587b-c6e4-43c1-8f68-81df600669b5,(TERMURAH) Kaos Merchandise 1Dekade BOGOR CB GARDATALA BERSATU - BAJU Acara Satu Dekade BOGOR GARDATALA CB Bersatu Acara Tanggal 26 Juli 2025,Pakaian & Fashion,Atasan & Pakaian Kasual,51987,2.0,4.0,UNCHAL,shopee,0,murah kaos merchandise dekade bogor cb gardatala satu baju acara satu dekade bogor gardatala cb satu acara tanggal juli,52800.0,88729.0,95094.30746757053,39271.25,92250.0,0.9846022727272727,-0.38637433699730045,10.85876820170148,1,1.7452311558665946e-05,0.8,0.24001221661809105
https://shopee.co.id/Gudang-Kaos-Tongkrongan-Kabupaten-Bogor-Baju-Tongkrongan-Kaos-Distro-Viral-Baju-Pria-Dan-Wanita-Unisex-Bahan-Adem-Cotton-Combed-30s-i.28500581.26432437806?extraParams=%7B%22display_model_id%22%3A119460121065%2C%22model_selection_logic%22%3A3%7D&sp_atk=a7adffe7-7e2b-49de-b47d-8c219f2feb50&xptdk=a7adffe7-7e2b-49de-b47d-8c219f2feb50,Gudang Kaos Tongkrongan Kabupaten Bogor - Baju Tongkrongan - Kaos Distro Viral - Baju Pria Dan Wanita Unisex Bahan Adem Cotton Combed 30s,Pakaian & Fashion,Atasan & Pakaian Kasual,51999,9.0,5.0,Kaos Distro Bogor,shopee,1,gudang kaos tongkrong kabupaten bogor baju tongkrong kaos distro viral baju pria wanita unisex bahan adem cotton combed s,52800.0,88729.0,95094.30746757053,39271.25,92250.0,0.9848295454545455,-0.3862481464784401,10.858998997563564,1,0.00013961849246932757,1.0,0.3000977329447285
https://shopee.co.id/BAJU-KAOS-DISTRO-BOGOR-BELONGS-i.946792060.20784246184?extraParams=%7B%22display_model_id%22%3A127705613419%2C%22model_selection_logic%22%3A2%7D&sp_atk=dc2ce75e-236d-4d34-9d26-9f40043e5e82&xptdk=dc2ce75e-236d-4d34-9d26-9f40043e5e82,BAJU KAOS DISTRO BOGOR BELONGS,Pakaian & Fashion,Atasan & Pakaian Kasual,45000,16.0,4.3,Kaos Event Gardatala,shopee,0,baju kaos distro bogor belongs,52800.0,88729.0,95094.30746757053,39271.25,92250.0,0.8522727272727273,-0.4598487666037491,10.714439990727769,1,0.0002617846733799892,0.86,0.258183249271366
https://shopee.co.id/UNCHAL-KAOS-BOGOR-ASLI-GELO-HITAM-i.405059909.18181636864?extraParams=%7B%22display_model_id%22%3A216863970451%2C%22model_selection_logic%22%3A3%7D&sp_atk=29777fda-18fe-42d6-a6b0-dc8ca592d3c9&xptdk=29777fda-18fe-42d6-a6b0-dc8ca592d3c9,UNCHAL KAOS BOGOR ASLI / GELO / HITAM,Pakaian & Fashion,Atasan & Pakaian Kasual,110000,3.0,5.0,Toko Souvenir Luar Negeri,shopee,1,unchal kaos bogor gelo hitam,52800.0,88729.0,95094.30746757053,39271.25,92250.0,2.0833333333333335,0.22368321055657225,11.608244735642321,2,3.490462311733189e-05,1.0,0.3000244332361821
https://shopee.co.id/(TERMURAH)-Kaos-Merchandise-1Dekade-BOGOR-CB-GARDATALA-BERSATU-BAJU-Acara-Satu-Dekade-BOGOR-GARDATALA-CB-Bersatu-Acara-Tanggal-26-Juli-2025-i.1675580115.48451408732?extraParams=%7B%22display_model_id%22%3A302156138876%2C%22model_selection_logic%22%3A2%7D&sp_atk=fe379daa-223f-4ff5-a85a-d133d6bfc72b&xptdk=fe379daa-223f-4ff5-a85a-d133d6bfc72b,(TERMURAH) Kaos Merchandise 1Dekade BOGOR CB GARDATALA BERSATU - BAJU Acara Satu Dekade BOGOR GARDATALA CB Bersatu Acara Tanggal 26 Juli 2025,Pakaian & Fashion,Atasan & Pakaian Kasual,39200,896.9068,4.6872,Distro Kaos Bogor,shopee,0,murah kaos merchandise dekade bogor cb gardatala satu baju acara satu dekade bogor gardatala cb satu acara tanggal juli,52800.0,88729.0,95094.30746757053,39271.25,92250.0,0.7424242424242424,-0.5208408507195932,10.576457535657255,0,0.01563564460112742,0.9374399999999999,0.2921769512207892
https://shopee.co.id/(TERMURAH)-Kaos-Merchandise-1Dekade-BOGOR-CB-GARDATALA-BERSATU-BAJU-Acara-Satu-Dekade-BOGOR-GARDATALA-CB-Bersatu-i.1421597711.43061051556?extraParams=%7B%22display_model_id%22%3A265928293916%2C%22model_selection_logic%22%3A2%7D&sp_atk=c0c809f4-3aed-4baa-ae2f-1d1d3754fc4c&xptdk=c0c809f4-3aed-4baa-ae2f-1d1d3754fc4c,(TERMURAH) Kaos Merchandise 1Dekade BOGOR CB GARDATALA BERSATU - BAJU Acara Satu Dekade BOGOR GARDATALA CB Bersatu,Pakaian & Fashion,Atasan & Pakaian Kasual,30914,44.0,4.3,Toko Merchandise Kampus,shopee,0,murah kaos merchandise dekade bogor cb gardatala satu baju acara satu dekade bogor gardatala cb satu,52800.0,88729.0,95094.30746757053,39271.25,92250.0,0.5854924242424242,-0.6079754039926767,10.33899678199267,0,0.0007504493970226356,0.86,0.25852531457791583
https://shopee.co.id/UNCHAL-KAOS-BOGOR-USA-HITAM-i.405059909.54904938664?extraParams=%7B%22display_model_id%22%3A395455813518%2C%22model_selection_logic%22%3A3%7D&sp_atk=b96c2ae4-5b72-4a91-8a7a-3e9921b4c825&xptdk=b96c2ae4-5b72-4a91-8a7a-3e9921b4c825,UNCHAL KAOS BOGOR / USA / HITAM,Pakaian & Fashion,Atasan & Pakaian Kasual,110000,896.9068,4.6872,Kaos Distro Bogor,shopee,0,unchal kaos bogor usa hitam,52800.0,88729.0,95094.30746757053,39271.25,92250.0,2.0833333333333335,0.22368321055657225,11.608244735642321,2,0.01563564460112742,0.9374399999999999,0.2921769512207892
https://shopee.co.id/Kaos-Merchandise-1Dekade-BOGOR-CB-GARDATALA-BERSATU-Kaos-Acara-Satu-Dekade-BOGOR-GARDATALA-CB-i.1605633169.49802652218?extraParams=%7B%22display_model_id%22%3A365253894637%2C%22model_selection_logic%22%3A2%7D&sp_atk=8c942a14-00c6-4589-adbf-347ad9d048ea&xptdk=8c942a14-00c6-4589-adbf-347ad9d048ea,Kaos Merchandise 1Dekade BOGOR CB GARDATALA BERSATU - Kaos  Acara Satu Dekade BOGOR GARDATALA CB,Pakaian & Fashion,Atasan & Pakaian Kasual,39500,896.9068,4.6872,Kaos Distro Bogor,shopee,0,kaos merchandise dekade bogor cb gardatala satu kaos acara satu dekade bogor gardatala cb,52800.0,88729.0,95094.30746757053,39271.25,92250.0,0.7481060606060606,-0.517686087748084,10.584081267024454,1,0.01563564460112742,0.9374399999999999,0.2921769512207892
https://shopee.co.id/KAOS-TRI-DHARMA-DJOERAGAN-BOGOR-TRIDHARMA-i.328139083.12957462338?extraParams=%7B%22display_model_id%22%3A132748301294%2C%22model_selection_logic%22%3A3%7D&sp_atk=6fbfbb1e-67d2-48f8-840d-de3083e6a289&xptdk=6fbfbb1e-67d2-48f8-840d-de3083e6a289,KAOS TRI DHARMA DJOERAGAN BOGOR #TRIDHARMA,Pakaian & Fashion,Atasan & Pakaian Kasual,60000,1.0,5.0,SFashion,shopee,1,kaos tri dharma djoeragan bogor tridharma,52800.0,88729.0,95094.30746757053,39271.25,92250.0,1.1363636363636365,-0.30211061802829037,11.002116507732017,1,0.0,1.0,0.3
https://shopee.co.id/KAOS-BAJU-BOGOR-RAIN-CITY-KAOS-BOGOR-KOTA-HUJAN-BISA-COD-TSHIRT-DISTRO-i.115005484.14433605897?extraParams=%7B%22display_model_id%22%3A48167846058%2C%22model_selection_logic%22%3A3%7D&sp_atk=3240eb60-655b-45d3-954d-e61a3b367e09&xptdk=3240eb60-655b-45d3-954d-e61a3b367e09,KAOS BAJU BOGOR RAIN CITY / KAOS BOGOR KOTA HUJAN / BISA COD TSHIRT DISTRO,Pakaian & Fashion,Atasan & Pakaian Kasual,54500,17.0,5.0,UNCHAL,shopee,1,kaos baju bogor rain city kaos bogor kota hujan bisa tshirt distro,52800.0,88729.0,95094.30746757053,39271.25,92250.0,1.0321969696969697,-0.35994793917262524,10.905974329106854,1,0.00027923698493865514,1.0,0.30019546588945706
https://shopee.co.id/UNCHAL-KAOS-BOGOR-CALLED-BOGOR-BIRU-i.405059909.29928957754?extraParams=%7B%22display_model_id%22%3A29578811898%2C%22model_selection_logic%22%3A3%7D&sp_atk=0adccc17-f1eb-42a0-a484-f6c985879518&xptdk=0adccc17-f1eb-42a0-a484-f6c985879518,UNCHAL KAOS BOGOR / CALLED BOGOR / BIRU,Pakaian & Fashion,Atasan & Pakaian Kasual,110000,1.0,5.0,UNCHAL,shopee,1,unchal kaos bogor called bogor biru,52800.0,88729.0,95094.30746757053,39271.25,92250.0,2.0833333333333335,0.22368321055657225,11.608244735642321,2,0.0,1.0,0.3
https://shopee.co.id/UNCHAL-KAOS-BOGOR-UNCHAL-PAYUNG-HITAM-LS-i.405059909.48804949139?extraParams=%7B%22display_model_id%22%3A340455863756%2C%22model_selection_logic%22%3A3%7D&sp_atk=7e55c7c0-0fd7-4bec-9d70-fd030e0db47e&xptdk=7e55c7c0-0fd7-4bec-9d70-fd030e0db47e,UNCHAL KAOS BOGOR / UNCHAL PAYUNG / HITAM LS,Pakaian & Fashion,Atasan & Pakaian Kasual,125000,896.9068,4.6872,Kaos Distro Bogor,shopee,0,unchal kaos bogor unchal payung hitam ls,52800.0,88729.0,95094.30746757053,39271.25,92250.0,2.367424242424242,0.38142135913203107,11.736077016252437,2,0.01563564460112742,0.9374399999999999,0.2921769512207892
https://shopee.co.id/UNCHAL-KAOS-BOGOR-UNCHAL-WITH-RAIN-MOCCA-i.405059909.22990713938?extraParams=%7B%22display_model_id%22%3A59530479656%2C%22model_selection_logic%22%3A3%7D&sp_atk=e3f1dc0e-8154-430d-a95c-14762d5fc2fb&xptdk=e3f1dc0e-8154-430d-a95c-14762d5fc2fb,UNCHAL KAOS BOGOR / UNCHAL WITH RAIN / MOCCA,Pakaian & Fashion,Atasan & Pakaian Kasual,110000,896.9068,4.6872,UNCHAL,shopee,0,unchal kaos bogor unchal with rain mocca,52800.0,88729.0,95094.30746757053,39271.25,92250.0,2.0833333333333335,0.22368321055657225,11.608244735642321,2,0.01563564460112742,0.9374399999999999,0.2921769512207892
https://shopee.co.id/Kaos-Kota-Bogor-Casual-T-Shirt-Premium-Original-i.1290261309.41810009489?extraParams=%7B%22display_model_id%22%3A300841513358%2C%22model_selection_logic%22%3A2%7D&sp_atk=a740734f-107c-4566-bf68-71bf51cc307f&xptdk=a740734f-107c-4566-bf68-71bf51cc307f,Kaos Kota Bogor Casual T-Shirt Premium Original,Pakaian & Fashion,Atasan & Pakaian Kasual,51680,2.0,4.6872,Kaos Distro Bogor,shopee,0,kaos kota bogor casual t shirt premium,52800.0,88729.0,95094.30746757053,39271.25,92250.0,0.9787878787878788,-0.3896027111048115,10.852845488114479,1,1.7452311558665946e-05,0.9374399999999999,0.28124421661809107
https://shopee.co.id/UNCHAL-KAOS-BOGOR-TUGU-KUJANG-HITAM-i.405059909.43959296479?extraParams=%7B%22display_model_id%22%3A167240878663%2C%22model_selection_logic%22%3A3%7D&sp_atk=81be06b3-b871-4dbb-9e86-4b1c94d19e5f&xptdk=81be06b3-b871-4dbb-9e86-4b1c94d19e5f,UNCHAL KAOS BOGOR / TUGU KUJANG / HITAM,Pakaian & Fashion,Atasan & Pakaian Kasual,110000,896.9068,4.6872,Kaos Distro Bogor,shopee,0,unchal kaos bogor tugu kujang hitam,52800.0,88729.0,95094.30746757053,39271.25,92250.0,2.0833333333333335,0.22368321055657225,11.608244735642321,2,0.01563564460112742,0.9374399999999999,0.2921769512207892
https://shopee.co.id/BAJU-BOGOR-STREET-CULTURE-KAOS-DISTRO-BOGOR-STREET-READY-STOK-i.152940486.25415354995?extraParams=%7B%22display_model_id%22%3A205133851802%2C%22model_selection_logic%22%3A2%7D&sp_atk=15bbb7be-da6f-4ba8-8dd0-0d33f0a902e3&xptdk=15bbb7be-da6f-4ba8-8dd0-0d33f0a902e3,BAJU BOGOR STREET CULTURE/ KAOS DISTRO BOGOR STREET READY STOK,Pakaian & Fashion,Atasan & Pakaian Kasual,37000,9.0,4.6872,Kaos Distro Umum,shopee,0,baju bogor street culture kaos distro bogor street ready stok,52800.0,88729.0,95094.30746757053,39271.25,92250.0,0.7007575757575758,-0.5439757791773272,10.518700218288165,0,0.00013961849246932757,0.9374399999999999,0.2813297329447285
https://shopee.co.id/(TERMURAH)-Kaos-Merchandise-1Dekade-BOGOR-CB-GARDATALA-BERSATU-BAJU-Acara-Satu-Dekade-BOGOR-GARDATALA-CB-Bersatu-i.315166318.41224900218?extraParams=%7B%22display_model_id%22%3A307017541464%2C%22model_selection_logic%22%3A2%7D&sp_atk=da5308ed-c858-468a-95c0-f390e8a675d1&xptdk=da5308ed-c858-468a-95c0-f390e8a675d1,(TERMURAH) Kaos Merchandise 1Dekade BOGOR CB GARDATALA BERSATU - BAJU Acara Satu Dekade BOGOR GARDATALA CB Bersatu,Pakaian & Fashion,Atasan & Pakaian Kasual,34000,2.0,4.6872,Kaos STM Bogor,shopee,0,murah kaos merchandise dekade bogor cb gardatala satu baju acara satu dekade bogor gardatala cb satu,52800.0,88729.0,95094.30746757053,39271.25,92250.0,0.6439393939393939,-0.5755234088924189,10.434145214930487,0,1.7452311558665946e-05,0.9374399999999999,0.28124421661809107
https://shopee.co.id/Tshirt-Bogor-Lads-CLub-Kaos-Supporter-Persikabo-Bogor-Unisex-i.1728070129.57806109682?extraParams=%7B%22display_model_id%22%3A302405296500%2C%22model_selection_logic%22%3A2%7D&sp_atk=3fb6e5b7-4c13-46ae-9ae3-85a4f415002a&xptdk=3fb6e5b7-4c13-46ae-9ae3-85a4f415002a,Tshirt Bogor Lads CLub Kaos Supporter Persikabo Bogor Unisex,Pakaian & Fashion,Atasan & Pakaian Kasual,58560,896.9068,4.6872,UNCHAL,shopee,0,tshirt bogor lads club kaos supporter persikabo bogor unisex,52800.0,88729.0,95094.30746757053,39271.25,92250.0,1.1090909090909091,-0.3172534802915344,10.977824224992123,1,0.01563564460112742,0.9374399999999999,0.2921769512207892
https://shopee.co.id/Kaos-Baju-IPB-Bogor-University-Institut-Pertanian-Bogor-short-sleeve-t-shirt-clothing-i.21980633.22970599364?extraParams=%7B%22display_model_id%22%3A235303017877%2C%22model_selection_logic%22%3A3%7D&sp_atk=62b0b9ec-734e-4064-bb17-0bf3a5aa0772&xptdk=62b0b9ec-734e-4064-bb17-0bf3a5aa0772,Kaos Baju IPB Bogor University Institut Pertanian Bogor short sleeve t-shirt clothing,Pakaian & Fashion,Atasan & Pakaian Kasual,99000,2.0,5.0,Kaos STM Bogor,shopee,1,kaos baju ipb bogor university institut tani bogor short sleeve t shirt clothing,52800.0,88729.0,95094.30746757053,39271.25,92250.0,1.875,0.10800856826790248,11.502885230075814,2,1.7452311558665946e-05,1.0,0.3000122166180911
https://shopee.co.id/BAJU-BOGOR-BAJU-DISTRO-BAJU-TUGU-KUJANG-BOGOR-BAJU-DISTRO-BOGOR-i.931940929.23668191347?extraParams=%7B%22display_model_id%22%3A196751427762%2C%22model_selection_logic%22%3A2%7D&sp_atk=51a3d0cd-3e27-4658-ad45-3051093834d8&xptdk=51a3d0cd-3e27-4658-ad45-3051093834d8,BAJU BOGOR - BAJU DISTRO - BAJU TUGU KUJANG BOGOR - BAJU DISTRO BOGOR,Pakaian & Fashion,Atasan & Pakaian Kasual,34200,1.0,5.0,UNCHAL,shopee,1,baju bogor baju distro baju tugu kujang bogor baju distro bogor,52800.0,88729.0,95094.30746757053,39271.25,92250.0,0.6477272727272727,-0.5734202335780795,10.440010162389305,0,0.0,1.0,0.3
https://shopee.co.id/Promo-Termurah-Kaos-Oleh-Oleh-Bogor-Kaos-Bogor-Tshirt-Pria-Dan-Wanita-Premium-Full-Katun-Combed-24s-i.232606509.25871751414?extraParams=%7B%22display_model_id%22%3A176400544716%2C%22model_selection_logic%22%3A3%7D&sp_atk=2a583b46-3a00-41ef-9681-f9e167e0d8ab&xptdk=2a583b46-3a00-41ef-9681-f9e167e0d8ab,Promo Termurah Kaos Oleh Oleh Bogor Kaos Bogor Tshirt Pria Dan Wanita Premium Full Katun Combed 24s,Pakaian & Fashion,Atasan & Pakaian Kasual,65000,896.9068,4.6872,Kaos Distro Bogor,shopee,0,murah kaos bogor kaos bogor tshirt pria wanita premium full katun combed s,52800.0,88729.0,95094.30746757053,39271.25,92250.0,1.231060606060606,-0.2495312351698041,11.082157933374816,1,0.01563564460112742,0.9374399999999999,0.2921769512207892
https://shopee.co.id/KAOS-PRIA-STREET-CULTURE-BOGOR-Street-Culture-Bogor-Bogoh-Ka-Bogor-Kaos-Bogor-Kaos-Distro-T-shirt-Kaos-Lengan-Pendek-i.1534721234.41552789943?extraParams=%7B%22display_model_id%22%3A300229585084%2C%22model_selection_logic%22%3A2%7D&sp_atk=71035f32-32b4-4a4b-babd-a84490b009f5&xptdk=71035f32-32b4-4a4b-babd-a84490b009f5,KAOS PRIA STREET CULTURE BOGOR / Street Culture Bogor / Bogoh Ka Bogor / Kaos Bogor / Kaos Distro T-shirt / Kaos Lengan Pendek,Pakaian & Fashion,Atasan & Pakaian Kasual,32300,896.9068,4.6872,Kaos Suporter Bogor,shopee,0,kaos pria street culture bogor street culture bogor bogoh ka bogor kaos bogor kaos distro t shirt kaos lengan pendek,52800.0,88729.0,95094.30746757053,39271.25,92250.0,0.6117424242424242,-0.5934003990643043,10.382853468483827,0,0.01563564460112742,0.9374399999999999,0.2921769512207892
https://shopee.co.id/KAOS-Distro-Bogor-BUITENZORG-KAOS-Bogor-Tugu-Kujang-KAOS-Distro-BTZRG-Terbaru-2023-SFashion-i.1493540044.29083248533?extraParams=%7B%22display_model_id%22%3A234096490732%2C%22model_selection_logic%22%3A2%7D&sp_atk=3532ca95-12bb-4103-ac6a-65ff115c754f&xptdk=3532ca95-12bb-4103-ac6a-65ff115c754f,KAOS Distro Bogor BUITENZORG / KAOS Bogor Tugu Kujang / KAOS Distro BTZRG Terbaru 2023 SFashion,Pakaian & Fashion,Atasan & Pakaian Kasual,49200,896.9068,4.6872,Kaos Distro Bogor,shopee,0,kaos distro bogor buitenzorg kaos bogor tugu kujang kaos distro btzrg baru sfashion,52800.0,88729.0,95094.30746757053,39271.25,92250.0,0.9318181818181818,-0.4156820850026207,10.803669227477098,1,0.01563564460112742,0.9374399999999999,0.2921769512207892
https://shopee.co.id/Kaos-Unchal-Bogor-Hitam-Katun-S-XXL-i.405059909.18685461991?extraParams=%7B%22display_model_id%22%3A167921536994%2C%22model_selection_logic%22%3A3%7D&sp_atk=b1f21ac0-33a6-4869-8da8-487ab2e4bcfa&xptdk=b1f21ac0-33a6-4869-8da8-487ab2e4bcfa,Kaos Unchal Bogor Hitam Katun S-XXL,Pakaian & Fashion,Atasan & Pakaian Kasual,110000,2.0,4.0,Kaos Distro Bogor,shopee,0,kaos unchal bogor hitam katun s xxl,52800.0,88729.0,95094.30746757053,39271.25,92250.0,2.0833333333333335,0.22368321055657225,11.608244735642321,2,1.7452311558665946e-05,0.8,0.24001221661809105
https://shopee.co.id/KAOS-UNCHAL-BOGOR-KETUPAT-HITAM-i.405059909.23683957102?extraParams=%7B%22display_model_id%22%3A197114546745%2C%22model_selection_logic%22%3A3%7D&sp_atk=ad8614e1-48b2-4340-abfb-28dbc6454f13&xptdk=ad8614e1-48b2-4340-abfb-28dbc6454f13,KAOS UNCHAL BOGOR/KETUPAT/HITAM,Pakaian & Fashion,Atasan & Pakaian Kasual,110000,1.0,4.6872,Kaos Distro Bogor,shopee,0,kaos unchal bogor ketupat hitam,52800.0,88729.0,95094.30746757053,39271.25,92250.0,2.0833333333333335,0.22368321055657225,11.608244735642321,2,0.0,0.9374399999999999,0.281232
https://shopee.co.id/-Pre-Order-Kaos-Bogor-Wayang-Bambu-Unisex-Lengan-Pendek-Warna-Putih-%E2%80%93-T-Shirt-Budaya-Sunda-Keren-Casual-i.450845840.43922291906?extraParams=%7B%22display_model_id%22%3A301838183940%2C%22model_selection_logic%22%3A2%7D&sp_atk=42717878-59b5-4549-a88a-cd7342608a6b&xptdk=42717878-59b5-4549-a88a-cd7342608a6b,[Pre-Order] Kaos Bogor Wayang Bambu Unisex Lengan Pendek Warna Putih – T-Shirt Budaya Sunda Keren Casual,Pakaian & Fashion,Atasan & Pakaian Kasual,39000,896.9068,4.6872,Kaos Suporter Bogor,shopee,0,pre order kaos bogor wayang bambu unisex lengan pendek warna putih t shirt budaya sunda keren casual,52800.0,88729.0,95094.30746757053,39271.25,92250.0,0.7386363636363636,-0.5229440260339326,10.571342565808699,0,0.01563564460112742,0.9374399999999999,0.2921769512207892
https://shopee.co.id/UNCHAL-KAOS-BOGOR-RAIN-CITY-PETIR-KUNING-i.405059909.26578948394?extraParams=%7B%22display_model_id%22%3A177020012623%2C%22model_selection_logic%22%3A3%7D&sp_atk=cac7af2b-150b-41f6-8f27-cfb38e40e6ed&xptdk=cac7af2b-150b-41f6-8f27-cfb38e40e6ed,UNCHAL KAOS BOGOR / RAIN CITY PETIR / KUNING,Pakaian & Fashion,Atasan & Pakaian Kasual,110000,896.9068,4.6872,Kaos Distro Bandung,shopee,0,unchal kaos bogor rain city petir kuning,52800.0,88729.0,95094.30746757053,39271.25,92250.0,2.0833333333333335,0.22368321055657225,11.608244735642321,2,0.01563564460112742,0.9374399999999999,0.2921769512207892
https://shopee.co.id/BAJU-KAOS-TSHIRT-BOGOR-THE-RAIN-CITY-BISA-REQUEST-NAMA-DAERAH-COD-2022-BISA-COD-BAJU-PRIA-VIRAL-i.115005484.21759976164?extraParams=%7B%22display_model_id%22%3A213058350145%2C%22model_selection_logic%22%3A3%7D&sp_atk=b79fa694-c64f-4814-9201-3cf628953f08&xptdk=b79fa694-c64f-4814-9201-3cf628953f08,BAJU KAOS TSHIRT BOGOR THE RAIN CITY BISA REQUEST NAMA DAERAH / COD 2022 / BISA COD BAJU PRIA VIRAL,Pakaian & Fashion,Atasan & Pakaian Kasual,53500,896.9068,4.6872,Distro Kaos Bogor,shopee,0,baju kaos tshirt bogor the rain city bisa request nama daerah bisa baju pria viral,52800.0,88729.0,95094.30746757053,39271.25,92250.0,1.0132575757575757,-0.3704638157443225,10.887455624298198,1,0.01563564460112742,0.9374399999999999,0.2921769512207892
https://shopee.co.id/Kaos-T-shirt-baju-BOGOR-STREET-CULTURE-kaos-distro-bogor-street-culture-Kaos-Aesthetic-kaos-distro-pria-wanita-terlaris-bisa-COD-Kaos-Terbaru-Kaos-Viral-Kaos-Nama-Kota-Rainy-City-Kota-Hujan-i.1610604822.41224882275?extraParams=%7B%22display_model_id%22%3A224592350456%2C%22model_selection_logic%22%3A2%7D&sp_atk=8ee3b1e6-12fb-4ebd-81d2-d0f98966be74&xptdk=8ee3b1e6-12fb-4ebd-81d2-d0f98966be74,Kaos T-shirt baju BOGOR STREET CULTURE / kaos distro bogor street culture / Kaos Aesthetic / kaos distro pria wanita terlaris bisa COD / Kaos Terbaru / Kaos Viral / Kaos Nama Kota/ Rainy City Kota Hujan,Pakaian & Fashion,Atasan & Pakaian Kasual,52800,1.0,4.6872,AUZY,shopee,0,kaos t shirt baju bogor street culture kaos distro bogor street culture kaos aesthetic kaos distro pria wanita bisa kaos baru kaos viral kaos nama kota rainy city kota hujan,52800.0,88729.0,95094.30746757053,39271.25,92250.0,1.0,-0.37782492934451056,10.874285408908944,1,0.0,0.9374399999999999,0.281232
https://shopee.co.id/Kaos-Bogor-Tugu-Kujang-Buitenzorg-Tshirt-Buitenzorg-Special-Merch-Merah-Putih-Kaos-Katun-Combed-Kaos-Distro-Bogor-HUT-RI-77-Kemerdekaan-i.1150720680.44900375725?extraParams=%7B%22display_model_id%22%3A375032854475%2C%22model_selection_logic%22%3A2%7D&sp_atk=3989742e-d885-4b78-9d34-ca759f1156e1&xptdk=3989742e-d885-4b78-9d34-ca759f1156e1,Kaos Bogor Tugu Kujang / Buitenzorg - Tshirt Buitenzorg Special Merch Merah Putih - Kaos Katun Combed - Kaos Distro Bogor - HUT RI 77 Kemerdekaan,Pakaian & Fashion,Atasan & Pakaian Kasual,54000,896.9068,4.6872,Kaos Distro Kata,shopee,0,kaos bogor tugu kujang buitenzorg tshirt buitenzorg special merch merah putih kaos katun combed kaos distro bogor hut ri merdeka,52800.0,88729.0,95094.30746757053,39271.25,92250.0,1.0227272727272727,-0.3652058774584739,10.896757843893464,1,0.01563564460112742,0.9374399999999999,0.2921769512207892
https://shopee.co.id/KAOS-SBYM-ALLBASE-VOL1-KAOS-SMK-BOGOR-KAOS-STM-BOGOR-i.548298.25474220352?extraParams=%7B%22display_model_id%22%3A158587009942%2C%22model_selection_logic%22%3A3%7D&sp_atk=83ccb3d2-c3fa-4191-8a0e-fc7b37a77637&xptdk=83ccb3d2-c3fa-4191-8a0e-fc7b37a77637,KAOS SBYM ALLBASE VOL1 /KAOS SMK BOGOR/KAOS STM BOGOR,Pakaian & Fashion,Atasan & Pakaian Kasual,54999,3.0,5.0,Kaos Souvenir Jakarta,shopee,1,kaos sbym allbase vol kaos smk bogor kaos stm bogor,52800.0,88729.0,95094.30746757053,39271.25,92250.0,1.0416477272727274,-0.35470051676334835,10.915088464214607,1,3.490462311733189e-05,1.0,0.3000244332361821
https://shopee.co.id/UNCHAL-KAOS-BOGOR-BANSUS-ABU-i.405059909.24905521428?extraParams=%7B%22display_model_id%22%3A232411885333%2C%22model_selection_logic%22%3A3%7D&sp_atk=97449055-af6c-4448-9e82-e69675385e5d&xptdk=97449055-af6c-4448-9e82-e69675385e5d,UNCHAL KAOS BOGOR /BANSUS/ ABU,Pakaian & Fashion,Atasan & Pakaian Kasual,100000,896.9068,4.6872,Toko Kaos Unchal,shopee,0,unchal kaos bogor bansus abu,52800.0,88729.0,95094.30746757053,39271.25,92250.0,1.893939393939394,0.11852444483959973,11.51293546492023,2,0.01563564460112742,0.9374399999999999,0.2921769512207892
https://shopee.co.id/Kaos-Unchal-Bogor-Hitam-Katun-S-XXL-i.405059909.17899264395?extraParams=%7B%22display_model_id%22%3A137738249611%2C%22model_selection_logic%22%3A3%7D&sp_atk=bd1983ac-b9a6-428b-8482-7479ef756f67&xptdk=bd1983ac-b9a6-428b-8482-7479ef756f67,Kaos Unchal Bogor Hitam Katun S-XXL,Pakaian & Fashion,Atasan & Pakaian Kasual,110000,3.0,4.5,Baju Barong Bali,shopee,0,kaos unchal bogor hitam katun s xxl,52800.0,88729.0,95094.30746757053,39271.25,92250.0,2.0833333333333335,0.22368321055657225,11.608244735642321,2,3.490462311733189e-05,0.9,0.27002443323618214
https://shopee.co.id/KAOS-TRI-DHARMA-DJOERAGAN-BOGOR-STM-PREMIUM-i.155119567.10875250763?extraParams=%7B%22display_model_id%22%3A57920572562%2C%22model_selection_logic%22%3A3%7D&sp_atk=35c74a39-a2f9-44fc-a386-cf087305afc2&xptdk=35c74a39-a2f9-44fc-a386-cf087305afc2,KAOS TRI DHARMA DJOERAGAN BOGOR #STM #PREMIUM,Pakaian & Fashion,Atasan & Pakaian Kasual,60000,6.0,4.8,Toko Kaos Unchal,shopee,0,kaos tri dharma djoeragan bogor stm premium,52800.0,88729.0,95094.30746757053,39271.25,92250.0,1.1363636363636365,-0.30211061802829037,11.002116507732017,1,8.726155779332973e-05,0.96,0.2880610830904553
https://shopee.co.id/UNCHAL-KAOS-BOGOR-BUKBER-KING-NAVY-i.405059909.19494405898?extraParams=%7B%22display_model_id%22%3A194664831997%2C%22model_selection_logic%22%3A3%7D&sp_atk=003914b8-09a5-47ff-b250-4b5d2cfc3a72&xptdk=003914b8-09a5-47ff-b250-4b5d2cfc3a72,UNCHAL KAOS BOGOR/BUKBER KING/NAVY,Pakaian & Fashion,Atasan & Pakaian Kasual,90000,896.9068,4.6872,Toko Kaos Unchal,shopee,0,unchal kaos bogor bukber king navy,52800.0,88729.0,95094.30746757053,39271.25,92250.0,1.7045454545454546,0.013365679122627207,11.407576060361786,1,0.01563564460112742,0.9374399999999999,0.2921769512207892
https://shopee.co.id/KAOS-BOGOR-KOTA-HUJAN-STREET-CULTURE-i.1318891511.26675766435?extraParams=%7B%22display_model_id%22%3A247614547912%2C%22model_selection_logic%22%3A3%7D&sp_atk=ebcfbe72-91a1-4656-b458-c114c893fa6a&xptdk=ebcfbe72-91a1-4656-b458-c114c893fa6a,KAOS BOGOR KOTA HUJAN STREET CULTURE,Pakaian & Fashion,Atasan & Pakaian Kasual,54900,1.0,5.0,Toko Kaos Unchal,shopee,1,kaos bogor kota hujan street culture,52800.0,88729.0,95094.30746757053,39271.25,92250.0,1.0397727272727273,-0.35574158854394633,10.91328684226798,1,0.0,1.0,0.3
https://shopee.co.id/Kaos-Suporter-Persikabo-1973-Bogor-Laskar-Padjadjaran-i.186447385.25541846517?extraParams=%7B%22display_model_id%22%3A138228149603%2C%22model_selection_logic%22%3A3%7D&sp_atk=aaec05b7-a943-458b-8f04-403371908394&xptdk=aaec05b7-a943-458b-8f04-403371908394,Kaos Suporter Persikabo 1973 Bogor Laskar Padjadjaran,Pakaian & Fashion,Atasan & Pakaian Kasual,59900,896.9068,4.6872,Kaos Distro Bogor,shopee,0,kaos suporter persikabo bogor laskar padjadjaran,52800.0,88729.0,95094.30746757053,39271.25,92250.0,1.134469696969697,-0.3031622056854601,11.000448478455008,1,0.01563564460112742,0.9374399999999999,0.2921769512207892
https://shopee.co.id/Kaos-BOGOR-VS-EVERYBODY-Kaos-Distro-Kaos-Pria-Kaos-Wanita-Kaos-Pendek-Kaos-Murah-Kaos-i.97653520.4508246857?extraParams=%7B%22display_model_id%22%3A10405817009%2C%22model_selection_logic%22%3A3%7D&sp_atk=2e695822-8e7e-4314-8562-ee4df0108add&xptdk=2e695822-8e7e-4314-8562-ee4df0108add,Kaos BOGOR VS EVERYBODY | Kaos Distro | Kaos Pria | Kaos Wanita | Kaos Pendek | Kaos Murah | Kaos,Pakaian & Fashion,Atasan & Pakaian Kasual,69750,15.0,5.0,AIGO STORE,shopee,1,kaos bogor vs everybody kaos distro kaos pria kaos wanita kaos pendek kaos kaos,52800.0,88729.0,95094.30746757053,39271.25,92250.0,1.3210227272727273,-0.19958082145424216,11.152687036498403,1,0.0002443323618213232,1.0,0.30017103265327494
https://shopee.co.id/KAOS-SADULUR-PLAT-F-BOGOR-CIANJUR-SUKABUMI-i.1381063158.29484805278?extraParams=%7B%22display_model_id%22%3A253287444919%2C%22model_selection_logic%22%3A2%7D&sp_atk=484a8859-c19e-4989-b0ff-1237b46b9710&xptdk=484a8859-c19e-4989-b0ff-1237b46b9710,KAOS SADULUR PLAT F // BOGOR CIANJUR SUKABUMI,Pakaian & Fashion,Atasan & Pakaian Kasual,38500,3.0,1.0,Kaos STM Bogor,shopee,0,kaos sadulur plat f bogor cianjur sukabumi,52800.0,88729.0,95094.30746757053,39271.25,92250.0,0.7291666666666666,-0.5282019643197813,10.55843949396453,0,3.490462311733189e-05,0.2,0.06002443323618213
https://shopee.co.id/(COD)-TSHIRT-BOGOR-JUGA-PERSIJA-i.1638683302.54100588182?extraParams=%7B%22display_model_id%22%3A380051407998%2C%22model_selection_logic%22%3A3%7D&sp_atk=819a4b73-0546-4c05-bcde-e88bdb4a1489&xptdk=819a4b73-0546-4c05-bcde-e88bdb4a1489,(COD) TSHIRT BOGOR JUGA PERSIJA,Pakaian & Fashion,Atasan & Pakaian Kasual,72944,896.9068,4.6872,Kaos Distro Kata,shopee,0,tshirt bogor juga persija,52800.0,88729.0,95094.30746757053,39271.25,92250.0,1.3815151515151516,-0.16599311168424113,11.197461011505997,1,0.01563564460112742,0.9374399999999999,0.2921769512207892
https://shopee.co.id/KAOS-POLO-PERSIKABO-KAOS-PERSIKABO-BOGOR-i.8624532.18928394068?extraParams=%7B%22display_model_id%22%3A201469455670%2C%22model_selection_logic%22%3A3%7D&sp_atk=4ee59a77-8344-4e69-9b29-21bb3faa74c3&xptdk=4ee59a77-8344-4e69-9b29-21bb3faa74c3,KAOS POLO PERSIKABO / KAOS PERSIKABO BOGOR,Pakaian & Fashion,Atasan & Pakaian Kasual,60000,1.0,5.0,Kaos Distro Kata,shopee,1,kaos polo persikabo kaos persikabo bogor,52800.0,88729.0,95094.30746757053,39271.25,92250.0,1.1363636363636365,-0.30211061802829037,11.002116507732017,1,0.0,1.0,0.3
https://shopee.co.id/Kaos-streetwear-Bandung-Kaos-bandung-lautan-api-Kaos-Kota-Bandung-Bisa-COD-i.580184081.19324916525?extraParams=%7B%22display_model_id%22%3A181293971303%2C%22model_selection_logic%22%3A2%7D&sp_atk=7ac70faf-61a0-42b9-90fb-ad94d3d980f9&xptdk=7ac70faf-61a0-42b9-90fb-ad94d3d980f9,Kaos streetwear Bandung -  Kaos bandung lautan api / Kaos Kota Bandung  Bisa COD,Pakaian & Fashion,Atasan & Pakaian Kasual,38803,1000.0,4.5,Kaos Distro Bogor,shopee,0,kaos streetwear bandung kaos bandung laut api kaos kota bandung bisa,52800.0,88729.0,95094.30746757053,39271.25,92250.0,0.734905303030303,-0.5250156537185571,10.566278613081174,0,0.01743485924710728,0.9,0.2822044014729751
https://shopee.co.id/KAOS-ULTRAS-PERSIKABO-BOGOR-BAJU-ULTRAS-UPCS-DISTRO-KEREN-MURAH-TERBARU-BAHAN-COMBED-i.1450251130.40713251553?extraParams=%7B%22display_model_id%22%3A266102584989%2C%22model_selection_logic%22%3A2%7D&sp_atk=6c789c9b-9e06-458c-bf84-1d68b4aec547&xptdk=6c789c9b-9e06-458c-bf84-1d68b4aec547,KAOS ULTRAS PERSIKABO BOGOR BAJU ULTRAS / UPCS DISTRO KEREN MURAH TERBARU BAHAN COMBED,Pakaian & Fashion,Atasan & Pakaian Kasual,47320,896.9068,4.6872,Kaos Distro Jepang,shopee,0,kaos ultras persikabo bogor baju ultras upcs distro keren baru bahan combed,52800.0,88729.0,95094.30746757053,39271.25,92250.0,0.8962121212121212,-0.4354519329574115,10.76470945058247,1,0.01563564460112742,0.9374399999999999,0.2921769512207892
https://shopee.co.id/Bogor-Rain-City-Kaos-Pakaian-Baju-T-Shirt-Murah-Distro-Kekinian-Keren-Kata-Kota-Lokal-Pria-Wanita-COD-Terlaris-i.649587002.16977807151?extraParams=%7B%22display_model_id%22%3A210990390684%2C%22model_selection_logic%22%3A2%7D&sp_atk=f3b1d965-a5cb-49a0-835e-5f4a6140c8aa&xptdk=f3b1d965-a5cb-49a0-835e-5f4a6140c8aa,Bogor - Rain City / Kaos / Pakaian / Baju / T-Shirt / Murah / Distro / Kekinian / Keren / Kata / Kota / Lokal / Pria / Wanita / COD / Terlaris,Pakaian & Fashion,Atasan & Pakaian Kasual,54449,139.0,4.9,Kaos Barong Bali,shopee,1,bogor rain city kaos pakai baju t shirt distro kini keren kata kota lokal pria wanita,52800.0,88729.0,95094.30746757053,39271.25,92250.0,1.0312310606060606,-0.3604842488777818,10.905038128361106,1,0.0024084189950959005,0.9800000000000001,0.2956858932965672
https://shopee.co.id/KAOS-PRIA-PERSIKABO-BOGOR-Malang-Disaster-Pray-For-Kanjuruhan-Kaos-Distro-T-shirt-Kaos-Lengan-Pendek-Kaos-Pria-Kekinian-Kaos-Pria-Keren-Bebas-Request-Kaos-Cotton-Combads-Kaos-Murah-AIGO-STORE-i.773261215.23200036363?extraParams=%7B%22display_model_id%22%3A117566295525%2C%22model_selection_logic%22%3A2%7D&sp_atk=ae088a77-4142-4304-bdea-df571cdeb804&xptdk=ae088a77-4142-4304-bdea-df571cdeb804,KAOS PRIA PERSIKABO BOGOR / Malang Disaster / Pray For Kanjuruhan / Kaos Distro T-shirt / Kaos Lengan Pendek / Kaos Pria Kekinian / Kaos Pria Keren / Bebas Request / Kaos Cotton Combads / Kaos Murah / AIGO STORE,Pakaian & Fashion,Atasan & Pakaian Kasual,34000,124.0,4.6,Kaos Distro Bogor,shopee,0,kaos pria persikabo bogor malang disaster pray for kanjuruhan kaos distro t shirt kaos lengan pendek kaos pria kini kaos pria keren bebas request kaos cotton combads kaos aigo store,52800.0,88729.0,95094.30746757053,39271.25,92250.0,0.6439393939393939,-0.5755234088924189,10.434145214930487,0,0.0021466343217159114,0.9199999999999999,0.2775026440252011
https://shopee.co.id/BAJU-KAOS-SMK-TRI-DHARMA-46-DZOERAGAN-BOGOR-46-TRIDHARMA-Tedhe-terlaris-i.1378875174.27214844676?extraParams=%7B%22display_model_id%22%3A148843928080%2C%22model_selection_logic%22%3A2%7D&sp_atk=93b42ce2-2e76-4c6d-ae02-6cba57a0665c&xptdk=93b42ce2-2e76-4c6d-ae02-6cba57a0665c,BAJU KAOS SMK TRI DHARMA 46 DZOERAGAN BOGOR #46 #TRIDHARMA Tedhe terlaris,Pakaian & Fashion,Atasan & Pakaian Kasual,48877,4.0,5.0,Kaos Etnik Sunda,shopee,1,baju kaos smk tri dharma dzoeragan bogor tridharma tedhe,52800.0,88729.0,95094.30746757053,39271.25,92250.0,0.9257007575757575,-0.4190787131352789,10.797082676478094,1,5.235693467599784e-05,1.0,0.3000366498542732
https://shopee.co.id/-COD-Kaos-oblong-distro-I-Love-BOGOR-i.90553104.24713803256?extraParams=%7B%22display_model_id%22%3A214918396812%2C%22model_selection_logic%22%3A2%7D&sp_atk=07f24ac5-5a10-401f-b112-b5e4fcd21e81&xptdk=07f24ac5-5a10-401f-b112-b5e4fcd21e81,[COD] Kaos oblong distro - I Love BOGOR,Pakaian & Fashion,Atasan & Pakaian Kasual,52000,16.0,5.0,Toko Souvenir Luar Negeri,shopee,1,kaos oblong distro i love bogor,52800.0,88729.0,95094.30746757053,39271.25,92250.0,0.9848484848484849,-0.3862376306018684,10.859018228147887,1,0.0002617846733799892,1.0,0.30018324927136597
https://shopee.co.id/KAOS-PERSIB-BANDUNG-FROM-BOGOR-FOR-PERSIB-VIKING-BOGOR-KAOS-DISTRO-KAOS-SANTAI-KAOS-TERBARU-2024-KAOS-i.201843275.44606219533?extraParams=%7B%22display_model_id%22%3A310564259238%2C%22model_selection_logic%22%3A2%7D&sp_atk=c1d3ebc2-7166-4971-a1f6-1861189519e0&xptdk=c1d3ebc2-7166-4971-a1f6-1861189519e0,KAOS PERSIB BANDUNG - FROM BOGOR FOR PERSIB - VIKING BOGOR - KAOS DISTRO - KAOS SANTAI - KAOS TERBARU 2024 - KAOS,Pakaian & Fashion,Atasan & Pakaian Kasual,28750,896.9068,4.6872,KAOSVIRALDOTCOM,shopee,0,kaos persib bandung from bogor for persib viking bogor kaos distro kaos santai kaos baru kaos,52800.0,88729.0,95094.30746757053,39271.25,92250.0,0.5445075757575758,-0.6307317608938295,10.266427828229292,0,0.01563564460112742,0.9374399999999999,0.2921769512207892
https://shopee.co.id/KAOSUNIQUE-T-shirt-Motif-Bogor-Unisex-Katun-Combed-30s-Sablon-DTG-Kaos-Oleh-Oleh-Kaos-Wisata-i.1329712378.28893131380?extraParams=%7B%22display_model_id%22%3A228176992503%2C%22model_selection_logic%22%3A2%7D&sp_atk=db9521f8-44e1-438a-a55c-a9306b2c3bf0&xptdk=db9521f8-44e1-438a-a55c-a9306b2c3bf0,KAOSUNIQUE T-shirt Motif Bogor - Unisex Katun Combed 30s Sablon DTG Kaos Oleh-Oleh Kaos Wisata,Pakaian & Fashion,Atasan & Pakaian Kasual,52800,896.9068,4.6872,3Y STORE DEPOK,shopee,0,kaosunique t shirt motif bogor unisex katun combed s sablon dtg kaos kaos wisata,52800.0,88729.0,95094.30746757053,39271.25,92250.0,1.0,-0.37782492934451056,10.874285408908944,1,0.01563564460112742,0.9374399999999999,0.2921769512207892
https://shopee.co.id/KAOS-UNIVERSITAS-PERTANIAN-BOGOR-TSHIRT-INSTITUT-PERTANIAN-BOGOR-BAJU-UNIVERSITY-PERTANIAN-BOGOR-(IPB)-PREMIUM-QUALITY-i.1329712378.42974906462?extraParams=%7B%22display_model_id%22%3A244042523646%2C%22model_selection_logic%22%3A2%7D&sp_atk=6ae39099-3f80-4d54-a598-56d0b27ab2d6&xptdk=6ae39099-3f80-4d54-a598-56d0b27ab2d6,KAOS UNIVERSITAS PERTANIAN BOGOR -TSHIRT INSTITUT PERTANIAN BOGOR BAJU UNIVERSITY PERTANIAN BOGOR (IPB) PREMIUM QUALITY,Pakaian & Fashion,Atasan & Pakaian Kasual,52800,896.9068,4.6872,Kaos Distro Bogor,shopee,0,kaos universitas tani bogor tshirt institut tani bogor baju university tani bogor ipb premium quality,52800.0,88729.0,95094.30746757053,39271.25,92250.0,1.0,-0.37782492934451056,10.874285408908944,1,0.01563564460112742,0.9374399999999999,0.2921769512207892
https://shopee.co.id/Kaos-Motif-Viral-Terbaru-Baju-Dewasa-Distro-Ultras-Bogor-Viral-Unisex-Atasan-Katun-Dewasa-Lengan-Pendek-T-Shirt-Viral-Kekinian-i.1312443633.40813586301?extraParams=%7B%22display_model_id%22%3A281123833574%2C%22model_selection_logic%22%3A2%7D&sp_atk=278f50bc-3726-468a-80d7-7f1b96afa9db&xptdk=278f50bc-3726-468a-80d7-7f1b96afa9db,Kaos Motif Viral Terbaru/ Baju Dewasa Distro Ultras Bogor  Viral Unisex/ Atasan Katun Dewasa Lengan Pendek / T-Shirt  Viral Kekinian,Pakaian & Fashion,Atasan & Pakaian Kasual,58000,896.9068,4.6872,Kaos Distro,shopee,0,kaos motif viral baru baju dewasa distro ultras bogor viral unisex atas katun dewasa lengan pendek t shirt viral kini,52800.0,88729.0,95094.30746757053,39271.25,92250.0,1.0984848484848484,-0.3231423711716849,10.968215530759236,1,0.01563564460112742,0.9374399999999999,0.2921769512207892
https://shopee.co.id/Kaos-Urang-sunda-bandung-sukabumi-bogor-gotong-royong-bageur-someah-USA-Belakangg-i.44262735.7818519274?extraParams=%7B%22display_model_id%22%3A207496456565%2C%22model_selection_logic%22%3A3%7D&sp_atk=2f64b0f5-6043-4354-9e8d-6d350402441d&xptdk=2f64b0f5-6043-4354-9e8d-6d350402441d,Kaos Urang sunda bandung sukabumi bogor gotong royong bageur someah USA + Belakangg,Pakaian & Fashion,Atasan & Pakaian Kasual,64000,295.0,4.7,Distro Kaos Bogor,shopee,0,kaos urang sunda bandung sukabumi bogor gotong royong bageur someah usa belakangg,52800.0,88729.0,95094.30746757053,39271.25,92250.0,1.2121212121212122,-0.26004711174150136,11.06665398721974,1,0.005130979598247788,0.9400000000000001,0.28559168571877347
https://shopee.co.id/T-shirt-Baju-Kaos-Plesetan-DONGO-SEJAK-LAHIR-Kaos-Pria-Wanita-Cotton-Combed-30s-i.269917377.23943735529?extraParams=%7B%22display_model_id%22%3A156875433236%2C%22model_selection_logic%22%3A2%7D&sp_atk=133ddb42-1ea3-43c9-90f5-b26e3e419e9f&xptdk=133ddb42-1ea3-43c9-90f5-b26e3e419e9f,T-shirt Baju Kaos Plesetan DONGO SEJAK LAHIR Kaos Pria Wanita Cotton Combed 30s,Pakaian & Fashion,Atasan & Pakaian Kasual,47215,1000.0,4.8,Distro Kaos Bogor,shopee,1,t shirt baju kaos plesetan dongo sejak lahir kaos pria wanita cotton combed s,52800.0,88729.0,95094.30746757053,39271.25,92250.0,0.8942234848484848,-0.4365560999974397,10.76248809718272,1,0.01743485924710728,0.96,0.30020440147297506
https://shopee.co.id/Loopsmerch-Kaos-Buitenzorg-Bogor-Reflektif-Baju-Distro-Kaos-viral-catton-combed-30s-Unisex-i.1447319200.28183128088?extraParams=%7B%22display_model_id%22%3A188416341149%2C%22model_selection_logic%22%3A2%7D&sp_atk=4e910021-8a56-4580-9e7f-d29de7aca9b9&xptdk=4e910021-8a56-4580-9e7f-d29de7aca9b9,Loopsmerch - Kaos Buitenzorg Bogor Reflektif - Baju Distro - Kaos viral - catton combed 30s - Unisex,Pakaian & Fashion,Atasan & Pakaian Kasual,37699,1.0,5.0,Kaos Distro Kata,shopee,1,loopsmerch kaos buitenzorg bogor reflektif baju distro kaos viral catton combed s unisex,52800.0,88729.0,95094.30746757053,39271.25,92250.0,0.7139962121212121,-0.5366251814537107,10.537415373436103,0,0.0,1.0,0.3
https://shopee.co.id/Kaos-PERSIKABO-BOGOR-FANS-AWAY-DAYS-Pria-Wanita-Custom-Distro-Polos-i.97653520.18137111671?extraParams=%7B%22display_model_id%22%3A211896653711%2C%22model_selection_logic%22%3A3%7D&sp_atk=f18f713e-7d58-4c03-9e31-c431fde40c64&xptdk=f18f713e-7d58-4c03-9e31-c431fde40c64,Kaos PERSIKABO BOGOR FANS AWAY DAYS Pria Wanita Custom Distro Polos,Pakaian & Fashion,Atasan & Pakaian Kasual,69300,5.0,5.0,Baju Barong Bali,shopee,1,kaos persikabo bogor fans away days pria wanita custom distro polos,52800.0,88729.0,95094.30746757053,39271.25,92250.0,1.3125,-0.2043129659115059,11.146214615088313,1,6.980924623466378e-05,1.0,0.30004886647236423
https://shopee.co.id/KAOS-CUSTOM-MOTOR-PLAT-F-BOGOR-INDONESIA-i.142991867.26032564681?extraParams=%7B%22display_model_id%22%3A119460577695%2C%22model_selection_logic%22%3A2%7D&sp_atk=18d4a060-de77-403b-bc6c-6fddbdc35fd1&xptdk=18d4a060-de77-403b-bc6c-6fddbdc35fd1,KAOS CUSTOM MOTOR PLAT F BOGOR INDONESIA,Pakaian & Fashion,Atasan & Pakaian Kasual,45000,4.0,5.0,Kaos Etnik,shopee,1,kaos custom motor plat f bogor indonesia,52800.0,88729.0,95094.30746757053,39271.25,92250.0,0.8522727272727273,-0.4598487666037491,10.714439990727769,1,5.235693467599784e-05,1.0,0.3000366498542732
https://shopee.co.id/KAOS-DISTRO-KEREN-DEPOK-BOGOR-GANGSTER-i.1362899948.28676106859?extraParams=%7B%22display_model_id%22%3A119398695003%2C%22model_selection_logic%22%3A2%7D&sp_atk=3b161b06-0ea9-4685-b11c-4cd11d8784dd&xptdk=3b161b06-0ea9-4685-b11c-4cd11d8784dd,KAOS-DISTRO KEREN DEPOK BOGOR GANGSTER,Pakaian & Fashion,Atasan & Pakaian Kasual,46000,46.0,4.4,Kaos Etnik,shopee,0,kaos distro keren depok bogor gangster,52800.0,88729.0,95094.30746757053,39271.25,92250.0,0.8712121212121212,-0.4493328900320519,10.736418414365374,1,0.0007853540201399675,0.8800000000000001,0.264549747814098
https://shopee.co.id/Tshirt-Viking-Bogor-Kaos-Supporter-Persib-Kota-Bogor-Unisex-i.1450251130.26543009269?extraParams=%7B%22display_model_id%22%3A271987914415%2C%22model_selection_logic%22%3A2%7D&sp_atk=a84773ad-2dc5-48ed-9cd4-d25408d9188c&xptdk=a84773ad-2dc5-48ed-9cd4-d25408d9188c,Tshirt Viking Bogor Kaos Supporter Persib Kota Bogor Unisex,Pakaian & Fashion,Atasan & Pakaian Kasual,45000,896.9068,4.6872,Baju Pantai Bali,shopee,0,tshirt viking bogor kaos supporter persib kota bogor unisex,52800.0,88729.0,95094.30746757053,39271.25,92250.0,0.8522727272727273,-0.4598487666037491,10.714439990727769,1,0.01563564460112742,0.9374399999999999,0.2921769512207892
https://shopee.co.id/Tshirt-From-Bogor-With-Love-Persija-Kaos-The-jak-Bogor-Pria-Wanita-i.1450251130.24747492122?extraParams=%7B%22display_model_id%22%3A254035292903%2C%22model_selection_logic%22%3A2%7D&sp_atk=46075e29-6fed-4344-b5db-dc8ccf1457dc&xptdk=46075e29-6fed-4344-b5db-dc8ccf1457dc,Tshirt From Bogor With Love Persija Kaos The jak Bogor Pria Wanita,Pakaian & Fashion,Atasan & Pakaian Kasual,45000,1.0,4.6872,Baju Pantai Bali,shopee,0,tshirt from bogor with love persija kaos the jak bogor pria wanita,52800.0,88729.0,95094.30746757053,39271.25,92250.0,0.8522727272727273,-0.4598487666037491,10.714439990727769,1,0.0,0.9374399999999999,0.281232
https://shopee.co.id/KAOS-DISTRO-BOGOR-MOTHAI-STYLE-KAOS-ATASAN-PRIA-KAOS-RACING-KAOS-MOTOR-KAOS-KEREN-TERBARU-BAJU-VIRAL-KEKINIAN-BAJU-TIKTOK-VIRAL-BAJU-MURAH-BAJU-KOMUNITAS-MOTOR-BAJU-UNISEX-BAJU-PRIA-DAN-WANITA-TERBARU-i.1348728438.29226413396?extraParams=%7B%22display_model_id%22%3A157684761545%2C%22model_selection_logic%22%3A2%7D&sp_atk=e7ee1b0e-e282-411e-8668-1939ac7e0ea0&xptdk=e7ee1b0e-e282-411e-8668-1939ac7e0ea0,KAOS DISTRO BOGOR MOTHAI STYLE | KAOS ATASAN PRIA | KAOS RACING | KAOS MOTOR | KAOS KEREN TERBARU | BAJU VIRAL KEKINIAN | BAJU TIKTOK VIRAL | BAJU MURAH | BAJU KOMUNITAS MOTOR | BAJU UNISEX | BAJU PRIA DAN WANITA TERBARU,Pakaian & Fashion,Atasan & Pakaian Kasual,45500,3.0,4.6872,Kaos Suporter Bogor,shopee,0,kaos distro bogor mothai style kaos atas pria kaos racing kaos motor kaos keren baru baju viral kini baju tiktok viral baju baju komunitas motor baju unisex baju pria wanita baru,52800.0,88729.0,95094.30746757053,39271.25,92250.0,0.8617424242424242,-0.45459082831790054,10.725489582719506,1,3.490462311733189e-05,0.9374399999999999,0.2812564332361821
https://shopee.co.id/SPECIAL-JAKARTA-X-BOGOR-KAOS-PERSIJA-CASUAL-FOOTBAL-KAOS-JAKARTA-IS-WONDERFUL-BAJU-KAOS-DISTRO-i.19849231.26555986997?extraParams=%7B%22display_model_id%22%3A233025258287%2C%22model_selection_logic%22%3A3%7D&sp_atk=177e7ffc-5867-4121-989d-7b3ca47743cb&xptdk=177e7ffc-5867-4121-989d-7b3ca47743cb,SPECIAL JAKARTA X BOGOR / KAOS PERSIJA / CASUAL FOOTBAL / KAOS JAKARTA IS WONDERFUL / BAJU KAOS DISTRO,Pakaian & Fashion,Atasan & Pakaian Kasual,120000,2.0,4.6872,Toko Souvenir Luar Negeri,shopee,0,special jakarta x bogor kaos persija casual footbal kaos jakarta is wonderful baju kaos distro,52800.0,88729.0,95094.30746757053,39271.25,92250.0,2.272727272727273,0.3288419762735448,11.695255355062795,2,1.7452311558665946e-05,0.9374399999999999,0.28124421661809107
https://shopee.co.id/Kaos-Baju-IPB-University-institut-pertanian-bogor-Premium-Cotton-Combad-Short-Sleeve-t-shirt-Lengan-Pendek-i.21980633.29388045800?extraParams=%7B%22display_model_id%22%3A265519895065%2C%22model_selection_logic%22%3A3%7D&sp_atk=8c8ddd2b-45d4-4105-bbbe-ca0dbcbecd1d&xptdk=8c8ddd2b-45d4-4105-bbbe-ca0dbcbecd1d,Kaos Baju IPB University institut pertanian bogor Premium Cotton Combad Short Sleeve t-shirt Lengan Pendek,Pakaian & Fashion,Atasan & Pakaian Kasual,99000,896.9068,4.6872,Kaos Distro Kata,shopee,0,kaos baju ipb university institut tani bogor premium cotton combad short sleeve t shirt lengan pendek,52800.0,88729.0,95094.30746757053,39271.25,92250.0,1.875,0.10800856826790248,11.502885230075814,2,0.01563564460112742,0.9374399999999999,0.2921769512207892
https://shopee.co.id/Kaos-IPB-University-institut-pertanian-bogor-Premium-Cotton-Combad-Clothing-long-T-shirt-i.21980633.29888045279?extraParams=%7B%22display_model_id%22%3A295518597471%2C%22model_selection_logic%22%3A3%7D&sp_atk=69e90d65-4aea-4d75-b692-f09ae5c9053d&xptdk=69e90d65-4aea-4d75-b692-f09ae5c9053d,Kaos IPB University institut pertanian bogor Premium Cotton Combad Clothing long T-shirt,Pakaian & Fashion,Atasan & Pakaian Kasual,119000,1.0,4.6872,Kaos Etnik Jumbo,shopee,0,kaos ipb university institut tani bogor premium cotton combad clothing long t shirt,52800.0,88729.0,95094.30746757053,39271.25,92250.0,2.253787878787879,0.31832609970184755,11.686887175419702,2,0.0,0.9374399999999999,0.281232
https://shopee.co.id/Kaos-Urang-sunda-bandung-sukabumi-bogor-gotong-royong-bageur-someah-USA-Belakang-i.301656755.6051644885?extraParams=%7B%22display_model_id%22%3A233232639656%2C%22model_selection_logic%22%3A3%7D&sp_atk=4b38f8dd-59ef-46d0-be24-c5bb175d361e&xptdk=4b38f8dd-59ef-46d0-be24-c5bb175d361e,Kaos Urang sunda bandung sukabumi bogor gotong royong bageur someah USA + Belakang,Pakaian & Fashion,Atasan & Pakaian Kasual,54000,23.0,4.6,Baju Barong Bali,shopee,0,kaos urang sunda bandung sukabumi bogor gotong royong bageur someah usa belakang,52800.0,88729.0,95094.30746757053,39271.25,92250.0,1.0227272727272727,-0.3652058774584739,10.896757843893464,1,0.0003839508542906508,0.9199999999999999,0.2762687655980034
https://shopee.co.id/BAJU-KAOS-SMK-TRI-DHARMA-46-DZOERAGAN-BOGOR-TRIDHARMA-i.328139083.6778323859?extraParams=%7B%22display_model_id%22%3A33577406654%2C%22model_selection_logic%22%3A3%7D&sp_atk=4ae3ff7c-f886-474e-88b6-c9e804ed90e6&xptdk=4ae3ff7c-f886-474e-88b6-c9e804ed90e6,BAJU KAOS SMK TRI DHARMA 46 DZOERAGAN BOGOR #TRIDHARMA,Pakaian & Fashion,Atasan & Pakaian Kasual,55000,896.9068,4.6872,Kaos Suporter,shopee,0,baju kaos smk tri dharma dzoeragan bogor tridharma,52800.0,88729.0,95094.30746757053,39271.25,92250.0,1.0416666666666667,-0.3546900008867766,10.915106645867503,1,0.01563564460112742,0.9374399999999999,0.2921769512207892
https://shopee.co.id/Kaos-Persikabo-Bogor-Cotton-Combed-30s-Size-M-XXL-Ultras-Kabomania-Stuff-Merchandise-Original-Distro-Murah-Terlaris-Viral-Custom-Type-014-i.906801239.23621335067?extraParams=%7B%22display_model_id%22%3A203778847873%2C%22model_selection_logic%22%3A2%7D&sp_atk=6fe88e1e-e8cc-4cfc-ae32-c0e75603483b&xptdk=6fe88e1e-e8cc-4cfc-ae32-c0e75603483b,Kaos Persikabo Bogor Cotton Combed 30s Size M-XXL Ultras Kabomania Stuff Merchandise Original Distro Murah Terlaris Viral Custom Type 014,Pakaian & Fashion,Atasan & Pakaian Kasual,34000,5.0,5.0,RY COLLECTION,shopee,1,kaos persikabo bogor cotton combed s size m xxl ultras kabomania stuff merchandise distro viral custom type,52800.0,88729.0,95094.30746757053,39271.25,92250.0,0.6439393939393939,-0.5755234088924189,10.434145214930487,0,6.980924623466378e-05,1.0,0.30004886647236423
https://shopee.co.id/KAOSUNIQUE-T-shirt-Motif-Kota-Poso-Unisex-Katun-Combed-20s-Sablon-DTG-Kaos-Oleh-Oleh-Kaos-Wisata-Sulawesi-i.35227013.25390356262?extraParams=%7B%22display_model_id%22%3A178655978012%2C%22model_selection_logic%22%3A3%7D&sp_atk=21956594-68cc-4dc6-aa84-00c361fe2ffc&xptdk=21956594-68cc-4dc6-aa84-00c361fe2ffc,KAOSUNIQUE T-shirt Motif Kota Poso - Unisex Katun Combed 20s Sablon DTG Kaos Oleh-Oleh Kaos Wisata Sulawesi,Pakaian & Fashion,Atasan & Pakaian Kasual,58000,896.9068,4.6872,Kaos STM Bogor,shopee,0,kaosunique t shirt motif kota poso unisex katun combed s sablon dtg kaos kaos wisata sulawesi,52800.0,88729.0,95094.30746757053,39271.25,92250.0,1.0984848484848484,-0.3231423711716849,10.968215530759236,1,0.01563564460112742,0.9374399999999999,0.2921769512207892
https://shopee.co.id/kaos-oblong-cowok-cotton-30s-BUNG-KARNO-i.39792013.15434906120?extraParams=%7B%22display_model_id%22%3A28362976712%2C%22model_selection_logic%22%3A2%7D&sp_atk=2ee0b3f9-c117-43e9-ba09-0dc95a62373b&xptdk=2ee0b3f9-c117-43e9-ba09-0dc95a62373b,kaos oblong cowok cotton 30s BUNG KARNO,Pakaian & Fashion,Atasan & Pakaian Kasual,26000,42.0,4.5,Kaos Distro Bogor,shopee,0,kaos oblong cowok cotton s bung karno,52800.0,88729.0,95094.30746757053,39271.25,92250.0,0.49242424242424243,-0.659650421465997,10.165890277802454,0,0.0007155447739053038,0.9,0.2705008813417337
https://shopee.co.id/Kaos-Bapak-Aing-Ngurus-Lembur-Nata-Kota-i.116069596.43470243669?extraParams=%7B%22display_model_id%22%3A147950744947%2C%22model_selection_logic%22%3A2%7D&sp_atk=c405176b-5dbb-4596-b752-64d4aa30ab08&xptdk=c405176b-5dbb-4596-b752-64d4aa30ab08,Kaos Bapak Aing Ngurus Lembur Nata Kota,Pakaian & Fashion,Atasan & Pakaian Kasual,66743,2.0,4.6872,Kaos Kabomania,shopee,0,kaos bapak aing ngurus lembur nata kota,52800.0,88729.0,95094.30746757053,39271.25,92250.0,1.2640719696969698,-0.2312020623053358,11.10861968458191,1,1.7452311558665946e-05,0.9374399999999999,0.28124421661809107
https://shopee.co.id/KAOS-PLAT-F-BOGOR-M1-KATUN-COMBED-24S-BISA-COD-KAOS-DISTRO-KAOS-KOMUNITAS-i.202175931.5251353265?extraParams=%7B%22display_model_id%22%3A70926488493%2C%22model_selection_logic%22%3A3%7D&sp_atk=340d4e9d-52c6-4089-b483-0ac320f3a57e&xptdk=340d4e9d-52c6-4089-b483-0ac320f3a57e,KAOS PLAT F BOGOR M1 //KATUN COMBED 24S BISA COD//KAOS DISTRO//KAOS KOMUNITAS,Pakaian & Fashion,Atasan & Pakaian Kasual,69000,43.0,4.9,Kaos Souvenir Wisata,shopee,1,kaos plat f bogor m katun combed s bisa kaos distro kaos komunitas,52800.0,88729.0,95094.30746757053,39271.25,92250.0,1.3068181818181819,-0.2074677288830151,11.141876276228,1,0.0007329970854639697,0.9800000000000001,0.29451309795982483
https://shopee.co.id/(HOT)-Tshirt-Katun-Premium-Persija-Bogor-S-2XL-i.1713459756.46105858506?extraParams=%7B%22display_model_id%22%3A445528465798%2C%22model_selection_logic%22%3A3%7D&sp_atk=7f97b23a-c48c-440c-8c81-465187cb1799&xptdk=7f97b23a-c48c-440c-8c81-465187cb1799,(HOT)  Tshirt Katun Premium Persija Bogor S-2XL,Pakaian & Fashion,Atasan & Pakaian Kasual,74120,896.9068,4.6872,3Y STORE,shopee,0,hot tshirt katun premium persija bogor s xl,52800.0,88729.0,95094.30746757053,39271.25,92250.0,1.4037878787878788,-0.15362644083592517,11.213454171943471,1,0.01563564460112742,0.9374399999999999,0.2921769512207892
https://shopee.co.id/RY-COLLECTION-KAOS-DISTRO-LASKAR-PADJAJARAN-PERSIKABO-BOGOR-1973-(LEBIH-TEBAL-)-CREWNECK-UNISEX-PRIA-WANITA-COWOK-CEWEK-i.614575221.26102251198?extraParams=%7B%22display_model_id%22%3A250986018466%2C%22model_selection_logic%22%3A3%7D&sp_atk=9b9ecfe3-a8b4-43d6-8f18-7ca304f45437&xptdk=9b9ecfe3-a8b4-43d6-8f18-7ca304f45437,RY COLLECTION KAOS DISTRO LASKAR PADJAJARAN PERSIKABO BOGOR 1973    (LEBIH TEBAL ) CREWNECK UNISEX PRIA WANITA COWOK CEWEK,Pakaian & Fashion,Atasan & Pakaian Kasual,59800,896.9068,4.6872,Kaos Majelis / Dakwah,shopee,0,ry collection kaos distro laskar padjajaran persikabo bogor lebih tebal crewneck unisex pria wanita cowok cewek,52800.0,88729.0,95094.30746757053,39271.25,92250.0,1.1325757575757576,-0.3042137933426298,10.998777662206932,1,0.01563564460112742,0.9374399999999999,0.2921769512207892
https://shopee.co.id/BAJU-KAOS-SMK-TRI-DHARMA-46-DZOERAGAN-BOGOR-46-TRIDHARMA-i.155119567.6078326399?extraParams=%7B%22display_model_id%22%3A24219742549%2C%22model_selection_logic%22%3A3%7D&sp_atk=8fe3fc49-2cc0-48f0-b2fe-3235ddaaba97&xptdk=8fe3fc49-2cc0-48f0-b2fe-3235ddaaba97,BAJU KAOS SMK TRI DHARMA 46 DZOERAGAN BOGOR #46 #TRIDHARMA,Pakaian & Fashion,Atasan & Pakaian Kasual,55000,12.0,4.8,Indonesia Culture / Distro,shopee,0,baju kaos smk tri dharma dzoeragan bogor tridharma,52800.0,88729.0,95094.30746757053,39271.25,92250.0,1.0416666666666667,-0.3546900008867766,10.915106645867503,1,0.0001919754271453254,0.96,0.2881343827990017
https://shopee.co.id/Tshirt-Kaos-Gangster-Tom-Bogor-Katun-Unisex-S-XXL-i.137536298.29876626808?extraParams=%7B%22display_model_id%22%3A176974630909%2C%22model_selection_logic%22%3A2%7D&sp_atk=aa39b7fc-f557-43de-84b7-651e26021c77&xptdk=aa39b7fc-f557-43de-84b7-651e26021c77,Tshirt/Kaos Gangster Tom Bogor Katun Unisex S-XXL,Pakaian & Fashion,Atasan & Pakaian Kasual,46000,4.0,5.0,Kaos Distro (Umum),shopee,1,tshirt kaos gangster tom bogor katun unisex s xxl,52800.0,88729.0,95094.30746757053,39271.25,92250.0,0.8712121212121212,-0.4493328900320519,10.736418414365374,1,5.235693467599784e-05,1.0,0.3000366498542732
https://shopee.co.id/KAOS-PRIA-PERSIKABO-BOGOR-Ultras-Persikabo-Curva-Sud-Persikabo-Till-i-Die-Persikabo1973-Kaos-Persikab-Kaos-Distro-T-shirt-Kaos-Lengan-Pendek-Kaos-Pria-Kekinian-Kaos-Pria-Keren-Bebas-Request-Kaos-Cotton-Combads-Kaos-Murah-AIGO-STORE-i.773261215.21555405314?extraParams=%7B%22display_model_id%22%3A212785871732%2C%22model_selection_logic%22%3A2%7D&sp_atk=be124449-f481-4b4a-90af-9618c29ed6a1&xptdk=be124449-f481-4b4a-90af-9618c29ed6a1,KAOS PRIA PERSIKABO BOGOR / Ultras Persikabo Curva Sud / Persikabo Till i Die / Persikabo1973 / Kaos Persikab / Kaos Distro T-shirt / Kaos Lengan Pendek / Kaos Pria Kekinian / Kaos Pria Keren / Bebas Request / Kaos Cotton Combads / Kaos Murah / AIGO STORE,Pakaian & Fashion,Atasan & Pakaian Kasual,36400,113.0,4.4,Kaos Racing / Otomotif,shopee,0,kaos pria persikabo bogor ultras persikabo curva sud persikabo till i die persikabo kaos persikab kaos distro t shirt kaos lengan pendek kaos pria kini kaos pria keren bebas request kaos cotton combads kaos aigo store,52800.0,88729.0,95094.30746757053,39271.25,92250.0,0.6893939393939394,-0.5502853051203456,10.502351525774941,0,0.0019546588945705858,0.8800000000000001,0.26536826122619944
https://shopee.co.id/KAOS-PS-TIRA-PERSIKABO-LOCAL-BAJU-TSHIRT-KABOMANIA-BOGOR-KATUN-COMBED-30S-DEWASA-DAN-ANAK-i.59690881.1962912397?extraParams=%7B%22display_model_id%22%3A252577942350%2C%22model_selection_logic%22%3A3%7D&sp_atk=0e4953c4-59b5-48fa-96f7-136e57fdbf63&xptdk=0e4953c4-59b5-48fa-96f7-136e57fdbf63,KAOS PS TIRA PERSIKABO LOCAL BAJU TSHIRT KABOMANIA BOGOR KATUN COMBED 30S DEWASA DAN ANAK,Pakaian & Fashion,Pakaian Anak,54000,27.0,4.2,Kaos Distro Islami / Tokoh,shopee,0,kaos ps tira persikabo local baju tshirt kabomania bogor katun combed s dewasa anak,52800.0,88729.0,95094.30746757053,39271.25,92250.0,1.0227272727272727,-0.3652058774584739,10.896757843893464,1,0.0004537601005253146,0.8400000000000001,0.2523176320703677
https://shopee.co.id/KAOS-SANTAI-ALUMNI-IPB-BOGOR-BAHAN-COTTON-COMBED-30S-3Y-STORE-i.29184426.13185233343?extraParams=%7B%22display_model_id%22%3A153483516908%2C%22model_selection_logic%22%3A3%7D&sp_atk=7e81d1be-1e31-40f2-99f9-9dafa3d51feb&xptdk=7e81d1be-1e31-40f2-99f9-9dafa3d51feb,KAOS SANTAI ALUMNI IPB BOGOR BAHAN COTTON COMBED 30S - 3Y STORE,Pakaian & Fashion,Atasan & Pakaian Kasual,85000,2.0,4.0,Kaos Distro Wayang,shopee,0,kaos santai alumni ipb bogor bahan cotton combed s y store,52800.0,88729.0,95094.30746757053,39271.25,92250.0,1.6098484848484849,-0.03921370373585906,11.350418300109132,1,1.7452311558665946e-05,0.8,0.24001221661809105
https://shopee.co.id/Kaos-Pria-Mio-Bogor-Kaos-Distro-Pria-Keren-Baju-Kaos-Pria-Dan-Wanita-Dewasa-Kaos-Kece-Kaos-Racing-Kaos-Viral-Kaos-Unisex-Kaos-Terkeren-Kaos-Viral-Terbaru-2025-Kaos-Premium-Sablon-DTF-Kaos-Katun-Combed-30S-i.1348728438.43060748579?extraParams=%7B%22display_model_id%22%3A208621568574%2C%22model_selection_logic%22%3A2%7D&sp_atk=39d7d13e-3384-48ea-b1f1-d60a3428460f&xptdk=39d7d13e-3384-48ea-b1f1-d60a3428460f,Kaos Pria Mio Bogor | Kaos Distro Pria Keren | Baju Kaos Pria Dan Wanita Dewasa | Kaos Kece | Kaos Racing | Kaos Viral | Kaos Unisex | Kaos Terkeren | Kaos Viral Terbaru 2025 | Kaos Premium | Sablon DTF | Kaos Katun Combed 30S,Pakaian & Fashion,Atasan & Pakaian Kasual,45500,18.0,4.8,Manekiko Wear,shopee,0,kaos pria mio bogor kaos distro pria keren baju kaos pria wanita dewasa kaos kece kaos racing kaos viral kaos unisex kaos keren kaos viral baru kaos premium sablon dtf kaos katun combed s,52800.0,88729.0,95094.30746757053,39271.25,92250.0,0.8617424242424242,-0.45459082831790054,10.725489582719506,1,0.00029668929649732104,0.96,0.2882076825075481
https://shopee.co.id/Kaos-distro-motif-MIO-BOGOR-SONIC-MODIFIKASI-Viral-terbaru-Baju-cotton-combed-30s-pria-wanita-i.1662197859.54800264789?extraParams=%7B%22display_model_id%22%3A307097100863%2C%22model_selection_logic%22%3A2%7D&sp_atk=fd51555a-94a1-46e4-87c6-c892b2a19615&xptdk=fd51555a-94a1-46e4-87c6-c892b2a19615,Kaos distro motif MIO BOGOR SONIC MODIFIKASI Viral terbaru Baju cotton combed 30s pria wanita,Pakaian & Fashion,Atasan & Pakaian Kasual,37500,896.9068,4.6872,Baju Pantai,shopee,0,kaos distro motif mio bogor sonic modifikasi viral baru baju cotton combed s pria wanita,52800.0,88729.0,95094.30746757053,39271.25,92250.0,0.7102272727272727,-0.5387178408914786,10.53212287826962,0,0.01563564460112742,0.9374399999999999,0.2921769512207892
https://shopee.co.id/AsherKids-Kaos-Atasan-Anak-Laki-Laki-Perempuan-Baju-Atasan-Cowok-Cewek-Destinasi-Wisata-Bogor-i.323225332.41711507956?extraParams=%7B%22display_model_id%22%3A216191230175%2C%22model_selection_logic%22%3A2%7D&sp_atk=1ab49349-3d31-4d21-ab09-5e8e279a0d87&xptdk=1ab49349-3d31-4d21-ab09-5e8e279a0d87,AsherKids - Kaos Atasan Anak Laki Laki Perempuan Baju Atasan Cowok Cewek Destinasi Wisata Bogor,Pakaian & Fashion,Pakaian Anak,31540,37.0,4.8,UNCHAL,shopee,0,asherkids kaos atas anak laki laki perempuan baju atas cowok cewek destinasi wisata bogor,52800.0,88729.0,95094.30746757053,39271.25,92250.0,0.5973484848484848,-0.6013924652587942,10.359043565784862,0,0.000628283216111974,0.96,0.28843979825127836
https://shopee.co.id/Sakura-Glory-KAOS-I-LOVE-BOGOR-COTTON-COMBED-30S-PREMIUM-UKURAN-S-XXL-ATASAN-BAJU-BLOUSE-T-SHIRT-TUMBLR-TEE-PRIA-WANITA-DEWASA-DISTRO-IMPORT-OVERSIZE-COD-DISKON-GRATIS-ONGKIR-MURAH-i.435882425.29705876168?extraParams=%7B%22display_model_id%22%3A205255628640%2C%22model_selection_logic%22%3A2%7D&sp_atk=3a00803c-4956-45a3-8bd7-df7d9582f21a&xptdk=3a00803c-4956-45a3-8bd7-df7d9582f21a,Sakura Glory - KAOS I LOVE BOGOR COTTON COMBED 30S PREMIUM UKURAN S-XXL / ATASAN / BAJU / BLOUSE / T-SHIRT / TUMBLR TEE / PRIA / WANITA / DEWASA / DISTRO / IMPORT / OVERSIZE / COD / DISKON / GRATIS ONGKIR / MURAH,Pakaian & Fashion,Atasan & Pakaian Kasual,28500,83.0,5.0,UNCHAL,shopee,1,sakura glory kaos i love bogor cotton combed s premium ukur s xxl atas baju blouse t shirt tumblr tee pria wanita dewasa distro import oversize diskon gratis ongkir,52800.0,88729.0,95094.30746757053,39271.25,92250.0,0.5397727272727273,-0.6333607300367539,10.25769445336048,0,0.0014310895478106076,1.0,0.3010017626834674
https://shopee.co.id/Manekiko-Wear-BAJU-ANAK-I-LOVE-BOGOR-COTTON-COMBED-30S-PREMIUM-UKURAN-S-XXL-ATASAN-KAOS-BLOUSE-T-SHIRT-TUMBLR-TEE-PRIA-WANITA-BALITA-BAYI-DISTRO-IMPORT-OVERSIZE-COD-DISKON-GRATIS-ONGKIR-MURAH-i.1191532094.27025308217?extraParams=%7B%22display_model_id%22%3A218194763388%2C%22model_selection_logic%22%3A2%7D&sp_atk=008565a0-0644-4cd0-a535-9acabfc2a55a&xptdk=008565a0-0644-4cd0-a535-9acabfc2a55a,Manekiko Wear - BAJU ANAK I LOVE BOGOR COTTON COMBED 30S PREMIUM UKURAN S-XXL / ATASAN / KAOS / BLOUSE / T-SHIRT / TUMBLR TEE / PRIA / WANITA / BALITA / BAYI / DISTRO / IMPORT / OVERSIZE / COD / DISKON / GRATIS ONGKIR / MURAH,Pakaian & Fashion,Pakaian Anak,23250,141.0,4.9,Toko Kaos Karakter,shopee,1,manekiko wear baju anak i love bogor cotton combed s premium ukur s xxl atas kaos blouse t shirt tumblr tee pria wanita balita bayi distro import oversize diskon gratis ongkir,52800.0,88729.0,95094.30746757053,39271.25,92250.0,0.4403409090909091,-0.6885690820381644,10.054103420843255,0,0.002443323618213232,0.9800000000000001,0.2957103265327493
https://shopee.co.id/Baju-kaos-Atasan-Taman-Safari-Bogor-Anak-Cowok-Cewek-1-12TAHUN-REMAJA-DEWASA-S-7XL-i.232139505.29161169307?extraParams=%7B%22display_model_id%22%3A251588884292%2C%22model_selection_logic%22%3A2%7D&sp_atk=6f7fddec-487a-428b-8fcf-2b30918baa25&xptdk=6f7fddec-487a-428b-8fcf-2b30918baa25,Baju kaos Atasan Taman Safari Bogor Anak Cowok/Cewek 1-12TAHUN/REMAJA/DEWASA S-7XL,Pakaian & Fashion,Pakaian Anak,41400,992.0,4.8,Toko Baju Kimono / Haori,shopee,1,baju kaos atas taman safari bogor anak cowok cewek tahun remaja dewasa s xl,52800.0,88729.0,95094.30746757053,39271.25,92250.0,0.7840909090909091,-0.4977059222618593,10.63106031411106,1,0.017295240754637953,0.96,0.3001066685282465
https://shopee.co.id/Baju-Kaos-anak-Cewek-Cowok-1-12Tahun-i-Love-BOGOR-i.280700572.23358627209?extraParams=%7B%22display_model_id%22%3A225758818094%2C%22model_selection_logic%22%3A2%7D&sp_atk=c34723f6-f862-48bb-ac58-84ffab6267a0&xptdk=c34723f6-f862-48bb-ac58-84ffab6267a0,Baju Kaos anak Cewek-Cowok 1-12Tahun i Love BOGOR,Pakaian & Fashion,Pakaian Anak,42655,275.0,4.8,Toko Perlengkapan Beladiri,shopee,0,baju kaos anak cewek cowok tahun i love bogor,52800.0,88729.0,95094.30746757053,39271.25,92250.0,0.8078598484848485,-0.4845084971643792,10.660923222978436,1,0.004781933367074469,0.96,0.2913473533569521
https://shopee.co.id/Kaos-Anak-Souvenir-Oleh-oleh-Kota-Bogor-Destinasi-Wisata-Kota-kota-Populer-Indonesia-Unisex-Kaos-Cowo-Cewe-Bahan-Tebal-Combed-20s-i.90366229.27983478928?extraParams=%7B%22display_model_id%22%3A157795760176%2C%22model_selection_logic%22%3A3%7D&sp_atk=000d92a8-7519-4841-ac11-3fc11064ef74&xptdk=000d92a8-7519-4841-ac11-3fc11064ef74,Kaos Anak Souvenir Oleh-oleh Kota Bogor Destinasi Wisata Kota-kota Populer Indonesia - Unisex Kaos Cowo Cewe Bahan Tebal Combed 20s,Pakaian & Fashion,Pakaian Anak,58000,4.0,5.0,Toko Baju Batik Wanita,shopee,1,kaos anak souvenir kota bogor destinasi wisata kota kota populer indonesia unisex kaos cowo cewe bahan tebal combed s,52800.0,88729.0,95094.30746757053,39271.25,92250.0,1.0984848484848484,-0.3231423711716849,10.968215530759236,1,5.235693467599784e-05,1.0,0.3000366498542732
https://shopee.co.id/Baju-IPB-Baju-Polo-Institut-Pertanian-Bogor-Poloshirt-IPB-Institut-Pertanian-Bogor-i.1130150642.24433192348?extraParams=%7B%22display_model_id%22%3A236522255050%2C%22model_selection_logic%22%3A3%7D&sp_atk=a4a071f1-ae3a-46cb-8484-34eda0ce2842&xptdk=a4a071f1-ae3a-46cb-8484-34eda0ce2842,Baju IPB Baju Polo Institut Pertanian Bogor Poloshirt IPB Institut Pertanian Bogor,Pakaian & Fashion,Atasan & Pakaian Kasual,75000,10.0,3.0,Toko Baju Batik Wanita,shopee,0,baju ipb baju polo institut tani bogor poloshirt ipb institut tani bogor,52800.0,88729.0,95094.30746757053,39271.25,92250.0,1.4204545454545454,-0.14437246945283158,11.225256725762893,1,0.0001570708040279935,0.6,0.1801099495628196
https://shopee.co.id/baju-kaos-atasan-anak-usia-1-13tahun-motif-I-LOVE-BOGOR-baju-kaos-anak-i.768202096.22284290733?extraParams=%7B%22display_model_id%22%3A166162015269%2C%22model_selection_logic%22%3A2%7D&sp_atk=33c363fe-ba5e-4833-a633-146c9cad8963&xptdk=33c363fe-ba5e-4833-a633-146c9cad8963,baju kaos atasan anak usia 1-13tahun motif I LOVE BOGOR/baju kaos anak,Pakaian & Fashion,Pakaian Anak,40859,144.0,4.9,Blissfull (Toko Lingerie),shopee,1,baju kaos atas anak usia tahun motif i love bogor baju kaos anak,52800.0,88729.0,95094.30746757053,39271.25,92250.0,0.7738446969696969,-0.5033950114871475,10.617906868371612,1,0.00249568055288923,0.9800000000000001,0.2957469763870225
https://shopee.co.id/UNCHAL-KAOS-BOGOR-UNCHAL-SEGITIGA-HITAM-i.405059909.28978947979?extraParams=%7B%22display_model_id%22%3A195861123663%2C%22model_selection_logic%22%3A3%7D&sp_atk=146bad17-e7bd-4651-a274-571797f345fd&xptdk=146bad17-e7bd-4651-a274-571797f345fd,UNCHAL KAOS BOGOR / UNCHAL SEGITIGA / HITAM,Pakaian & Fashion,Atasan & Pakaian Kasual,110000,896.9068,4.6872,Toko Cosplay Unchal,shopee,0,unchal kaos bogor unchal segitiga hitam,52800.0,88729.0,95094.30746757053,39271.25,92250.0,2.0833333333333335,0.22368321055657225,11.608244735642321,2,0.01563564460112742,0.9374399999999999,0.2921769512207892
https://shopee.co.id/UNCHAL-KAOS-BOGOR-PAYUNG-KUNING-i.405059909.20883357650?extraParams=%7B%22display_model_id%22%3A59692099478%2C%22model_selection_logic%22%3A3%7D&sp_atk=be3f26f8-0ef1-4eb2-9027-ad7f7370ca2c&xptdk=be3f26f8-0ef1-4eb2-9027-ad7f7370ca2c,UNCHAL KAOS BOGOR /PAYUNG/KUNING,Pakaian & Fashion,Atasan & Pakaian Kasual,110000,1.0,5.0,Awanethniccraft,shopee,1,unchal kaos bogor payung kuning,52800.0,88729.0,95094.30746757053,39271.25,92250.0,2.0833333333333335,0.22368321055657225,11.608244735642321,2,0.0,1.0,0.3
https://shopee.co.id/UNCHAL-KAOS-BOGOR-GARUDA-MERAH-i.405059909.20414305633?extraParams=%7B%22display_model_id%22%3A163370634242%2C%22model_selection_logic%22%3A3%7D&sp_atk=232a7607-3c33-477d-ba8f-8709488dccc2&xptdk=232a7607-3c33-477d-ba8f-8709488dccc2,UNCHAL KAOS BOGOR / GARUDA / MERAH,Pakaian & Fashion,Atasan & Pakaian Kasual,120000,2.0,4.6872,SASSANOVA (Toko Lingerie),shopee,0,unchal kaos bogor garuda merah,52800.0,88729.0,95094.30746757053,39271.25,92250.0,2.272727272727273,0.3288419762735448,11.695255355062795,2,1.7452311558665946e-05,0.9374399999999999,0.28124421661809107
https://shopee.co.id/BATIK-TRADISIKU-Kain-Batik-Bogor-Kampung-Urug-i.31828090.1941812864?extraParams=%7B%22display_model_id%22%3A255239949837%2C%22model_selection_logic%22%3A3%7D&sp_atk=e129ef73-5c86-4083-9d4f-23c0635960e2&xptdk=e129ef73-5c86-4083-9d4f-23c0635960e2,BATIK TRADISIKU Kain Batik Bogor Kampung Urug,Pakaian & Fashion,Pakaian Tradisional & Etnik,195000,1000.0,4.9,SOVLO,shopee,1,batik tradisi kain batik bogor kampung urug,52800.0,88729.0,95094.30746757053,39271.25,92250.0,3.6931818181818183,1.1175327191508386,12.180759965737863,2,0.01743485924710728,0.9800000000000001,0.3062044014729751
https://shopee.co.id/kaos-stelan-anak-anak-gambar-bogor-baju-stelan-anak-cowok-cewek-kaos-setelan-anak-laki-laki-perempuan-baju-setelan-anak-untuk-usia-1-10-tahun-one-set-anak-set-pakaian-anak-i.370296552.40471300718?extraParams=%7B%22display_model_id%22%3A281738452787%2C%22model_selection_logic%22%3A2%7D&sp_atk=346e78df-0c31-47b5-8c0e-c7cec851f762&xptdk=346e78df-0c31-47b5-8c0e-c7cec851f762,kaos stelan anak anak gambar bogor / baju stelan anak cowok cewek / kaos setelan anak laki laki perempuan / baju setelan anak untuk usia 1-10 tahun / one set anak / set pakaian anak,Pakaian & Fashion,Pakaian Anak,40600,24.0,4.7,Toko Baju Tradisional Bogor,shopee,0,kaos stelan anak anak gambar bogor baju stelan anak cowok cewek kaos setel anak laki laki perempuan baju setel anak untuk usia tahun one set anak set pakai anak,52800.0,88729.0,95094.30746757053,39271.25,92250.0,0.7689393939393939,-0.5061186235192171,10.611547975828369,1,0.00040140316584931675,0.9400000000000001,0.28228098221609454
